table,entity_col,clock,clock_col,n_rows,n_entities,rows_per_entity,first_year,last_year,median_lifespan_years,pct_single_year,birth_clock_tautology,births_excluded_first_year,deaths_excluded_last_year,birth_drift,death_drift,peak_living_year,peak_living,strangeness,notes
POLITICS.POLITICS__TX_LOBBY_GIFTS,FILER_ID,span_start,PERIODSTARTDT,4084,434,9.41,2004,2026,0,0.657,False,1,2,1.0,0.0,2011,111,1.0,fewer new arrivals lately: 48/yr -> 4/yr
ENERGY.ENERGY__FED_EIA860_6_2_ENVIROEQUIP,BOILER_ID,decided,NEW_SOURCE_REVIEW_YEAR,4428,373,11.87,1974,2026,0,0.753,False,1,2,0.0,1.0,2009,83,1.0,more last-sightings lately: 0/yr -> 18/yr; 75% of entities appear in ONE year only -- either real churn or an identifier that is not stable across years
PROCUREMENT.PROCUREMENT__FED_USASPENDING_SUBAWARDS,SUBAWARD_NUMBER,happened,ACTION_DATE,5000,1544,3.24,2008,2026,0,0.937,False,3,34,0.198,1.0,2022,210,1.0,more last-sightings lately: 4/yr -> 108/yr; 94% of entities appear in ONE year only -- either real churn or an identifier that is not stable across years
LABOR.LABOR__FED_PBGC_TRUSTEED_PLANS,PLAN_NUMBER,happened,DATE_OF_PLAN_TERMINATION,5176,104,49.77,1972,2026,8,0.423,False,1,1,1.0,0.0,1996,50,1.0,fewer new arrivals lately: 6/yr -> 0/yr
JUSTICE.JUSTICE__XC_OWID_TERRORISM_DEATHS,ENTITY,happened,YEAR,10481,221,47.43,1970,2021,51,0.0,False,193,215,1.0,0.0,2006,216,1.0,"fewer new arrivals lately: 7/yr -> 1/yr; 87% of all entities are 'born' in the first year -- that is the data starting, not the world"
REVIEW.LEAD_QUEUE,ENTITY_A_LOCATION,decided,EXCL_DATE,17306,602,28.75,1995,2026,0,0.794,False,1,116,1.0,1.0,2025,184,1.0,more new arrivals lately: 3/yr -> 92/yr; more last-sightings lately: 1/yr -> 91/yr; 79% of entities appear in ONE year only -- either real churn or an identifier that is not stable across years
HEALTH.HEALTH__FED_FDA_DRUG_ENFORCEMENT,EVENT_ID,happened,RECALL_INITIATION_DATE,17816,4619,3.86,2006,2026,0,1.0,False,1,160,1.0,1.0,2013,370,1.0,more new arrivals lately: 9/yr -> 267/yr; more last-sightings lately: 2/yr -> 307/yr; 100% of entities appear in ONE year only -- either real churn or an identifier that is not stable across years
REFERENCE.REFERENCE__XC_OWID_FERTILITY,ENTITY,happened,YEAR,19402,261,74.34,1891,2023,73,0.0,False,1,259,1.0,0.0,1950,259,1.0,more new arrivals lately: 1/yr -> 82/yr
HEALTH.HEALTH__XC_OWID_LIFE_EXPECTANCY,ENTITY,happened,YEAR,21565,265,81.38,1703,2023,73,0.0,False,1,261,1.0,0.0,1950,261,1.0,more new arrivals lately: 2/yr -> 57/yr
ECONOMICS.ECONOMICS__FED_DOL_FORM5500,ADMIN_EIN,happened,PLAN_EFF_DATE,33484,678,49.39,1936,2025,0,0.928,False,1,20,0.882,1.0,1998,53,1.0,more new arrivals lately: 1/yr -> 9/yr; more last-sightings lately: 1/yr -> 8/yr; 93% of entities appear in ONE year only -- either real churn or an identifier that is not stable across years
JUSTICE.JUSTICE__XC_UK_SANCTIONS_LIST,DESIGNATION_ID,decided,DATE_DESIGNATED,33828,6315,5.36,2000,2026,0,1.0,False,1,609,0.877,1.0,2022,1492,1.0,more new arrivals lately: 78/yr -> 702/yr; more last-sightings lately: 56/yr -> 705/yr; 100% of entities appear in ONE year only -- either real churn or an identifier that is not stable across years
POLITICS.POLITICS__TX_LOBBY_INDIVIDUAL_REPORTING,FILER_ID,span_start,PERIODSTARTDT,38662,2079,18.6,2000,2026,2,0.362,False,2,182,0.0,1.0,2013,528,1.0,more last-sightings lately: 7/yr -> 132/yr
HEALTH.HEALTH__FED_FDA_DEVICE_ENFORCEMENT,EVENT_ID,happened,RECALL_INITIATION_DATE,39635,14858,2.67,1930,2026,0,1.0,False,1,407,1.0,1.0,2013,1236,1.0,more new arrivals lately: 7/yr -> 772/yr; more last-sightings lately: 5/yr -> 942/yr; 100% of entities appear in ONE year only -- either real churn or an identifier that is not stable across years
LABOR.LABOR__FED_DOL_EBSA_FORM5500_SCHEDULE_SB,SB_ACTRY_ENRLMT_NUM,reported,SB_SIGNATURE_DATE,41802,2198,19.02,1956,2055,0,0.774,False,1,1,1.0,1.0,2025,1710,1.0,more new arrivals lately: 1/yr -> 160/yr; more last-sightings lately: 0/yr -> 729/yr; 77% of entities appear in ONE year only -- either real churn or an identifier that is not stable across years
HEALTH.HEALTH__FED_CMS_POS_OTHER,FAX_PHNE_NUM,happened,CHOW_DT,44429,1243,35.74,1982,2025,0,0.991,False,1,29,1.0,1.0,2013,79,1.0,more new arrivals lately: 1/yr -> 32/yr; more last-sightings lately: 1/yr -> 26/yr; 99% of entities appear in ONE year only -- either real churn or an identifier that is not stable across years
POLITICS.POLITICS__IRS527_8872_REPORTS,EIN,happened,ORG_FORMATION_DATE,55579,4150,13.39,1869,2026,0,0.975,False,1,5,1.0,1.0,2010,244,1.0,more new arrivals lately: 1/yr -> 69/yr; more last-sightings lately: 1/yr -> 123/yr; 97% of entities appear in ONE year only -- either real churn or an identifier that is not stable across years
HEALTH.HEALTH__FED_FDA_DEVICE_PMA,PMA_NUMBER,reported,DATE_RECEIVED,56853,1743,32.62,1900,2026,8,0.114,False,5,364,1.0,1.0,2021,695,1.0,more new arrivals lately: 1/yr -> 21/yr; more last-sightings lately: 1/yr -> 119/yr
FINANCE.FINANCE__FED_SEC_EDGAR_INSIDERS,CIK,happened,PERIOD_OF_REPORT,69259,5306,13.05,2002,2026,0,0.768,False,1,5023,1.0,0.0,2026,5023,1.0,"more new arrivals lately: 1/yr -> 1,746/yr; 77% of entities appear in ONE year only -- either real churn or an identifier that is not stable across years"
SCIENCE_RESEARCH.SCIENCE_RESEARCH__XC_RETRACTION_WATCH_DATABASE,ORIGINAL_PAPER_PUBMED_ID,happened,ORIGINAL_PAPER_DATE,71388,31475,2.27,1753,2026,0,1.0,False,1,10,1.0,1.0,2022,6202,1.0,more new arrivals lately: 1/yr -> 446/yr; more last-sightings lately: 1/yr -> 911/yr; 100% of entities appear in ONE year only -- either real churn or an identifier that is not stable across years
SCIENCE_RESEARCH.SCIENCE_RESEARCH__FED_RETRACTION_WATCH,ORIGINAL_PAPER_PUBMED_ID,happened,ORIGINAL_PAPER_DATE,71591,31473,2.27,1753,2026,0,1.0,False,1,10,1.0,1.0,2022,6202,1.0,more new arrivals lately: 1/yr -> 446/yr; more last-sightings lately: 1/yr -> 910/yr; 100% of entities appear in ONE year only -- either real churn or an identifier that is not stable across years
HEALTH.HEALTH__FED_HRSA_HPSA_PRIMARY_CARE,HPSA_ID,reported,DESIGNATION_LAST_UPDATE_DATE,79158,17697,4.47,1980,2026,0,1.0,False,5,1377,1.0,1.0,2025,7190,1.0,"more new arrivals lately: 40/yr -> 3,285/yr; more last-sightings lately: 21/yr -> 2,904/yr; 100% of entities appear in ONE year only -- either real churn or an identifier that is not stable across years"
ENVIRONMENT.ENVIRONMENT__FED_EPA_NPDES_NPDES_CS_VIOLATIONS,NPDES_ID,happened,ACTUAL_DATE,82187,8590,9.57,1977,2026,0,0.578,False,2,406,1.0,1.0,2020,1532,1.0,more new arrivals lately: 2/yr -> 238/yr; more last-sightings lately: 1/yr -> 519/yr
LABOR.LABOR__FED_MSHA_MINES,CURRENT_CONTROLLER_ID,happened,CURRENT_STATUS_DT,91906,41049,2.24,1925,2026,0,0.72,False,1,1280,1.0,1.0,1985,5405,1.0,"more new arrivals lately: 1/yr -> 676/yr; more last-sightings lately: 1/yr -> 1,114/yr; 72% of entities appear in ONE year only -- either real churn or an identifier that is not stable across years"
ENVIRONMENT.ENVIRONMENT__FED_EPA_ICIS_AIR_ICIS_AIR_FORMAL_ACTIONS,PGM_SYS_ID,decided,SETTLEMENT_ENTERED_DATE,106009,37365,2.84,1972,2026,0,0.633,False,1,1025,1.0,1.0,2009,7495,1.0,"more new arrivals lately: 38/yr -> 612/yr; more last-sightings lately: 2/yr -> 1,545/yr"
ENVIRONMENT.ENVIRONMENT__FED_EPA_NPDES_NPDES_FORMAL_ENFORCEMENT_ACTIONS,NPDES_ID,decided,SETTLEMENT_ENTERED_DATE,112373,49312,2.28,1970,2026,0,0.677,False,1,1387,1.0,0.0,2011,8684,1.0,"more new arrivals lately: 5/yr -> 1,206/yr"
POLITICS.POLITICS__FED_VOTEVIEW_ROLLCALL_META,BILL_NUMBER,happened,DATE,113512,16221,7.0,1789,2026,0,0.576,False,10,261,1.0,0.0,2003,3184,1.0,more new arrivals lately: 11/yr -> 164/yr
FINANCE.FINANCE__FED_PCAOB_FORM_AP_FILINGS,ISSUER_CIK,happened,AUDIT_DUAL_DATE,155384,2142,72.54,2017,2026,0,0.901,False,1,215,1.0,1.0,2021,715,1.0,more new arrivals lately: 18/yr -> 275/yr; more last-sightings lately: 8/yr -> 320/yr; 90% of entities appear in ONE year only -- either real churn or an identifier that is not stable across years
HEALTH.HEALTH__FED_HRSA_SHORTAGE_AREAS,HPSA_ID,reported,HPSA_DESIGNATION_LAST_UPDATE_DATE,165531,42318,3.91,1979,2026,0,1.0,False,1,2758,1.0,1.0,2025,19887,1.0,"more new arrivals lately: 33/yr -> 8,597/yr; more last-sightings lately: 27/yr -> 7,955/yr; 100% of entities appear in ONE year only -- either real churn or an identifier that is not stable across years"
ENVIRONMENT.ENVIRONMENT__FED_EPA_ICIS_AIR_ICIS_AIR_INFORMAL_ACTIONS,PGM_SYS_ID,decided,ACHIEVED_DATE,175736,60544,2.9,1900,2104,0,0.543,False,1,1,0.621,1.0,2005,14406,1.0,"more new arrivals lately: 31/yr -> 208/yr; more last-sightings lately: 2/yr -> 1,836/yr"
HEALTH.HEALTH__FED_CMS_NURSING_HOME_FIRE_DEFICIENCIES,CMS_CERTIFICATION_NUMBER_CCN,happened,SURVEY_DATE,200030,13914,14.38,2016,2026,2,0.1,False,1,2430,0.0,1.0,2024,12091,1.0,"more last-sightings lately: 6/yr -> 3,643/yr"
POLITICS.POLITICS__TX_LOBBY_SUBJECT_MATTER,FILER_ID,span_start,PERIODSTARTDT,209957,2344,89.57,1999,2026,1,0.453,False,1,63,0.0,1.0,2015,607,1.0,more last-sightings lately: 3/yr -> 145/yr
SCIENCE_RESEARCH.SCIENCE_RESEARCH__FED_SBIR_STTR_AWARDS,UEI,happened,AWARD_YEAR,219503,17161,12.79,1983,2026,2,0.361,False,90,134,1.0,1.0,2020,5815,1.0,"more new arrivals lately: 48/yr -> 719/yr; more last-sightings lately: 2/yr -> 2,386/yr"
TRANSPORT.TRANSPORT__FED_FRA_EQUIPMENT_ACCIDENTS,STATION,happened,DATE,224941,23077,9.75,1975,2026,1,0.49,False,4167,445,1.0,0.02,1980,8419,1.0,"fewer new arrivals lately: 2,331/yr -> 38/yr"
POLITICS.POLITICS__TX_LOBBY_COVER,FILER_NAME,reported,FILED_DT,283803,12234,23.2,1988,2026,2,0.27,False,1,1700,0.109,1.0,2015,2815,1.0,more last-sightings lately: 1/yr -> 282/yr
ENVIRONMENT.ENVIRONMENT__FED_EPA_NPDES_NPDES_SE_VIOLATIONS,NPDES_ID,happened,SINGLE_EVENT_VIOLATION_DATE,305478,76438,4.0,1976,2026,0,0.63,False,1,5112,1.0,1.0,2021,20363,1.0,"more new arrivals lately: 56/yr -> 3,441/yr; more last-sightings lately: 1/yr -> 7,908/yr"
ENVIRONMENT.ENVIRONMENT__FED_EPA_RCRA_ENFORCEMENTS,ID_NUMBER,decided,ENFORCEMENT_ACTION_DATE,383519,136842,2.8,1887,2026,0,0.608,False,1,2678,1.0,0.0,2004,25830,1.0,"more new arrivals lately: 2/yr -> 1,577/yr"
JUSTICE.JUSTICE__INTL_UCDP_GED,COUNTRY_ID,happened,YEAR,385918,124,3112.24,1989,2024,31,0.129,False,53,58,1.0,0.588,1999,92,1.0,fewer new arrivals lately: 11/yr -> 0/yr; more last-sightings lately: 1/yr -> 9/yr
ENVIRONMENT.ENVIRONMENT__FED_EPA_NPDES_NPDES_PS_VIOLATIONS,NPDES_ID,happened,ACTUAL_DATE,397615,33842,11.75,1974,2026,1,0.465,False,5,2523,1.0,1.0,2015,9775,1.0,"more new arrivals lately: 21/yr -> 1,158/yr; more last-sightings lately: 12/yr -> 2,753/yr"
ECONOMICS.ECONOMICS__FED_FAC_SINGLE_AUDIT,AUDITEE_EIN,reported,FAC_ACCEPTED_DATE,411638,68128,6.04,2016,2026,7,0.19,False,10884,29105,0.276,1.0,2023,50185,1.0,"fewer new arrivals lately: 10,405/yr -> 2,706/yr; more last-sightings lately: 814/yr -> 9,733/yr"
HEALTH.HEALTH__FED_CMS_NURSING_HOME_DEFICIENCIES,CMS_CERTIFICATION_NUMBER_CCN,happened,SURVEY_DATE,418479,14632,28.6,2017,2026,3,0.02,False,40,6413,0.113,1.0,2024,14016,1.0,"more last-sightings lately: 17/yr -> 2,667/yr"
ENVIRONMENT.ENVIRONMENT__FED_EPA_SDWA_SDWA_PUB_WATER_SYSTEMS,PHONE_NUMBER,happened,PWS_DEACTIVATION_DATE,434040,124669,3.48,1900,2026,0,0.945,False,1,692,1.0,1.0,1995,10504,1.0,"more new arrivals lately: 7/yr -> 1,305/yr; more last-sightings lately: 3/yr -> 2,065/yr; 95% of entities appear in ONE year only -- either real churn or an identifier that is not stable across years"
ENVIRONMENT.ENVIRONMENT__FED_EPA_NPDES_NPDES_INFORMAL_ENFORCEMENT_ACTIONS,REGISTRY_ID,decided,ACHIEVED_DATE,478855,111135,4.31,1969,2029,0,0.536,False,1,1,1.0,0.0,2018,29217,1.0,"more new arrivals lately: 7/yr -> 2,123/yr"
ENVIRONMENT.ENVIRONMENT__FED_EPA_ICIS_AIR_ICIS_AIR_TITLEV_CERTS,PGM_SYS_ID,reported,ACTUAL_END_DATE,499113,24075,20.73,1916,2026,13,0.07,False,1,8811,1.0,0.0,2008,15498,1.0,more new arrivals lately: 1/yr -> 225/yr
ENVIRONMENT.ENVIRONMENT__FED_EPA_SDWA_SDWA_GEOGRAPHIC_AREAS,ANSI_ENTITY_CODE,reported,LAST_REPORTED_DATE,578198,328,1762.8,1995,2026,31,0.107,False,280,287,0.725,1.0,1996,301,1.0,"fewer new arrivals lately: 8/yr -> 1/yr; fewer last-sightings lately: 7/yr -> 0/yr; 85% of all entities are 'born' in the first year -- that is the data starting, not the world"
ENVIRONMENT.ENVIRONMENT__FED_EPA_ICIS_AIR_ICIS_AIR_STACK_TESTS,PGM_SYS_ID,happened,ACTUAL_END_DATE,620302,34839,17.8,1955,2026,3,0.403,False,1,2434,1.0,1.0,2014,11638,1.0,"more new arrivals lately: 1/yr -> 570/yr; more last-sightings lately: 0/yr -> 2,824/yr"
ENVIRONMENT.ENVIRONMENT__FED_EPA_RCRA_VIOLATIONS,ID_NUMBER,happened,ACTUAL_RTC_DATE,708114,146113,4.85,1900,2026,0,0.63,False,1,2745,1.0,1.0,2004,27726,1.0,"more new arrivals lately: 26/yr -> 1,849/yr; more last-sightings lately: 1/yr -> 5,178/yr"
JUSTICE.JUSTICE__FED_FJC_IDB_APPELLATE,DISTRICT_DOCKET,happened,HEARING_DATE,988183,61950,15.95,2001,2026,0,0.703,False,2,412,1.0,1.0,2016,7879,1.0,"more new arrivals lately: 12/yr -> 1,788/yr; more last-sightings lately: 1/yr -> 3,531/yr; 70% of entities appear in ONE year only -- either real churn or an identifier that is not stable across years"
ENVIRONMENT.ENVIRONMENT__FED_EPA_RCRA_EVALUATIONS,ID_NUMBER,happened,EVALUATION_START_DATE,1166410,307092,3.8,1901,2026,0,0.578,False,3,7469,1.0,0.0,2007,67442,1.0,"more new arrivals lately: 2/yr -> 3,545/yr"
ENVIRONMENT.ENVIRONMENT__FED_EPA_SDWA_SDWA_FACILITIES,FACILITY_ID,happened,FACILITY_DEACTIVATION_DATE,1554832,98951,15.71,1900,2027,0,0.517,False,1,6,0.118,1.0,2006,45749,1.0,"more last-sightings lately: 156/yr -> 3,950/yr"
EDUCATION.EDUCATION__FED_GOOGLE_POLADS_CREATIVE_STATS,NUM_OF_DAYS,span_start,DATE_RANGE_START,1562870,1165,1341.52,2018,2026,4,0.255,False,325,228,1.0,1.0,2022,950,1.0,fewer new arrivals lately: 168/yr -> 3/yr; more last-sightings lately: 8/yr -> 238/yr
FINANCE.FINANCE__FED_SEC_INSIDER_SUBMISSION,ISSUER_CIK,happened,PERIOD_OF_REPORT,1772088,10506,168.67,1982,2025,5,0.144,False,1,4344,1.0,0.0,2021,7021,1.0,more new arrivals lately: 2/yr -> 229/yr
ENVIRONMENT.ENVIRONMENT__FED_EPA_NPDES_NPDES_INSPECTIONS,REGISTRY_ID,span_start,ACTUAL_BEGIN_DATE,1900067,238043,7.98,1917,2026,0,0.541,False,3,23609,1.0,0.0,2021,84236,1.0,"more new arrivals lately: 1/yr -> 11,349/yr"
JUSTICE.JUSTICE__FED_COURTLISTENER_INVESTMENTS,PAGE_NUMBER,happened,TRANSACTION_DATE,1901599,237,8023.62,1969,2022,5,0.063,False,9,7,1.0,0.0,2013,226,1.0,fewer new arrivals lately: 31/yr -> 0/yr
REFERENCE.REFERENCE__FED_ITIS_REFERENCE_LINKS,DOCUMENTATION_ID,reported,UPDATE_DATE,1970107,30982,63.59,1996,2026,0,0.878,False,2,2209,1.0,1.0,2025,5274,1.0,"more new arrivals lately: 92/yr -> 2,626/yr; more last-sightings lately: 2/yr -> 3,297/yr; 88% of entities appear in ONE year only -- either real churn or an identifier that is not stable across years"
SCIENCE_RESEARCH.SCIENCE_RESEARCH__FED_NIH_REPORTER,ORG_UEI,happened,FISCAL_YEAR,2122611,12050,176.15,2000,2026,4,0.22,False,1414,1627,0.0,1.0,2014,5122,1.0,"more last-sightings lately: 34/yr -> 1,063/yr"
ENVIRONMENT.ENVIRONMENT__FED_EPA_SDWA_SDWA_SITE_VISITS,VISIT_ID,happened,VISIT_DATE,2495249,438855,5.69,1900,2026,0,0.958,False,18,3282,1.0,0.0,2017,37798,1.0,"more new arrivals lately: 5/yr -> 11,212/yr; 96% of entities appear in ONE year only -- either real churn or an identifier that is not stable across years"
ENVIRONMENT.ENVIRONMENT__FED_EPA_RCRA_VIOSNC_HISTORY,ID_NUMBER,happened,YRMONTH,2675581,146181,18.3,1980,2026,1,0.448,False,14,3808,0.208,1.0,2004,29634,1.0,"more new arrivals lately: 521/yr -> 1,705/yr; more last-sightings lately: 3/yr -> 5,055/yr"
HEALTH.HEALTH__FED_FDA_MAUDE,LOT_NUMBER,happened,DATE_OF_EVENT,2743561,480894,5.71,1900,2026,0,0.847,False,3,1,1.0,0.548,2020,292379,1.0,fewer new arrivals lately: 37/yr -> 1/yr; fewer last-sightings lately: 27/yr -> 4/yr; 85% of entities appear in ONE year only -- either real churn or an identifier that is not stable across years
FINANCE.FINANCE__FED_FDIC_SOD_BRANCH_DEPOSITS,RSSD_ID,happened,SURVEY_YEAR,2823000,15544,181.61,1994,2025,13,0.056,False,13002,4431,1.0,0.526,1994,13002,1.0,"fewer new arrivals lately: 137/yr -> 7/yr; fewer last-sightings lately: 740/yr -> 124/yr; 84% of all entities are 'born' in the first year -- that is the data starting, not the world"
LABOR.LABOR__FED_MSHA_VIOLATIONS,MINE_ID,happened,VIOLATION_OCCUR_DATE,3087265,31277,98.71,1994,2026,7,0.17,False,1,5966,1.0,0.0,2009,14565,1.0,more new arrivals lately: 5/yr -> 400/yr
CORPORATE_REGISTRY.CORPORATE_REGISTRY__FED_ICIJ_OFFSHORELEAKS_RELATIONSHIPS,NODE_ID_END,span_start,START_DATE,3339267,237431,14.06,1759,2103,0,0.75,False,1,2,1.0,1.0,2007,39160,1.0,fewer new arrivals lately: 3/yr -> 0/yr; more last-sightings lately: 0/yr -> 4/yr; 75% of entities appear in ONE year only -- either real churn or an identifier that is not stable across years
HEALTH.HEALTH__FED_FDA_GUDID,LABELER_DUNS_NUMBER,reported,PUBLISH_DATE,5083948,11918,426.58,2013,2026,1,0.409,False,1,2180,0.041,1.0,2023,5639,1.0,"more last-sightings lately: 32/yr -> 1,836/yr"
JUSTICE.JUSTICE__FED_FJC_IDB_CRIMINAL,DOCKET,happened,PROCEEDING_DATE,6299908,264765,23.79,1907,2026,0,0.891,False,1,2573,1.0,0.0,2024,12168,1.0,"more new arrivals lately: 1/yr -> 7,458/yr; 89% of entities appear in ONE year only -- either real churn or an identifier that is not stable across years"
JUSTICE.JUSTICE__FED_FJC_IDB_BANKRUPTCY,DOCKET,reported,FILE_DATE,6965441,674677,10.32,1950,2026,0,0.945,False,1,28026,1.0,1.0,2020,84607,1.0,"more new arrivals lately: 1/yr -> 54,258/yr; more last-sightings lately: 1/yr -> 70,562/yr; 95% of entities appear in ONE year only -- either real churn or an identifier that is not stable across years"
JUSTICE.JUSTICE__FED_COURTLISTENER_OPINION_CLUSTERS,CASE_NAME_SHORT,decided,DATE_FILED,10070727,677245,14.87,1700,2026,0,0.61,False,2,20442,1.0,0.0,1994,138817,1.0,"more new arrivals lately: 1/yr -> 7,554/yr"
ENVIRONMENT.ENVIRONMENT__FED_EPA_AIR_EMISSIONS_POLL_RPT_COMBINED_EMISSIONS,REGISTRY_ID,happened,REPORTING_YEAR,10411826,162513,64.07,2008,2024,8,0.218,False,85993,22087,1.0,0.329,2017,104558,1.0,"fewer new arrivals lately: 14,904/yr -> 675/yr; fewer last-sightings lately: 12,066/yr -> 2,808/yr; 53% of all entities are 'born' in the first year -- that is the data starting, not the world"
JUSTICE.JUSTICE__FED_FJC_IDB_CIVIL,DOCKET,happened,PRETRIAL_DATE,10857396,354406,30.64,1909,2026,0,0.66,False,1,465,1.0,0.0,1991,18842,1.0,"more new arrivals lately: 1/yr -> 3,867/yr"
ENVIRONMENT.ENVIRONMENT__FED_EPA_SDWA_SDWA_VIOLATIONS_ENFORCEMENT,ENFORCEMENT_ID,happened,PWS_DEACTIVATION_DATE,15432737,649479,23.76,1902,2026,0,0.836,False,250,18350,1.0,1.0,2022,110050,1.0,"more new arrivals lately: 30/yr -> 21,391/yr; more last-sightings lately: 45/yr -> 39,007/yr; 84% of entities appear in ONE year only -- either real churn or an identifier that is not stable across years"
CONSUMER_PROTECTION.CONSUMER_PROTECTION__FED_CFPB_COMPLAINTS,COMPANY,reported,DATE_RECEIVED,17168287,8084,2123.74,2011,2026,5,0.202,False,73,3769,0.107,1.0,2024,4713,1.0,more last-sightings lately: 25/yr -> 624/yr
REFERENCE.REFERENCE__FED_ITIS_VERN_REF_LINKS,DOCUMENTATION_ID,reported,UPDATE_DATE,93078,1858,50.1,1900,2026,0,0.899,False,6,69,0.882,0.0,2013,361,0.882,more new arrivals lately: 8/yr -> 72/yr; 90% of entities appear in ONE year only -- either real churn or an identifier that is not stable across years
ECONOMICS.ECONOMICS__FED_IRS_990_EFILE_INDEX,EIN,reported,SUB_DATE,5544626,899097,6.17,2017,2026,5,0.125,False,412191,334998,0.0,0.88,2025,695794,0.88,"more last-sightings lately: 16,790/yr -> 150,730/yr"
REFERENCE.REFERENCE__FED_ITIS_TU_COMMENTS_LINKS,COMMENT_ID,reported,UPDATE_DATE,192851,70520,2.73,1996,2026,0,0.986,False,2274,964,0.871,0.092,2015,27169,0.871,"more new arrivals lately: 162/yr -> 1,440/yr; 99% of entities appear in ONE year only -- either real churn or an identifier that is not stable across years"
JUSTICE.JUSTICE__FED_FBI_NICS_CHECKS,PERMIT,happened,MONTH,16445,7380,2.23,1998,2023,0,0.731,False,32,433,0.0,0.707,2014,1602,0.707,more last-sightings lately: 70/yr -> 528/yr; 73% of entities appear in ONE year only -- either real churn or an identifier that is not stable across years
POLITICS.POLITICS__TX_LOBBY_DOCKETS,FILER_ID,span_start,PERIODSTARTDT,1207,167,7.23,2001,2026,0,0.647,False,1,1,0.676,0.0,2005,47,0.676,fewer new arrivals lately: 19/yr -> 3/yr
LABOR.LABOR__FED_MSHA_ACCIDENTS,MINE_ID,happened,ACCIDENT_DATE,273623,13489,20.28,2000,2026,4,0.309,False,3862,1127,0.634,0.018,2006,5807,0.634,fewer new arrivals lately: 996/yr -> 145/yr
ENVIRONMENT.ENVIRONMENT__FED_NOAA_STORM_EVENTS,EPISODE_ID,happened,YEAR,1780730,394383,4.52,1996,2025,0,1.0,False,31686,9846,0.006,0.07,1996,31686,0.6,100% of entities appear in ONE year only -- either real churn or an identifier that is not stable across years
HEALTH.HEALTH__FED_FDA_FAERS_DEMO,MFR_NUM,happened,EVENT_DT,5811086,679830,8.55,1908,2102,0,0.995,False,1,4,0.0,0.176,2013,284487,0.59,99% of entities appear in ONE year only -- either real churn or an identifier that is not stable across years
FINANCE.FINANCE__FED_SEC_INSIDER_NONDERIV_TRANS,ACCESSION_NUMBER,happened,TRANSACTION_DATE,2672841,1354638,1.97,1987,2047,0,0.993,False,1,1,0.176,0.412,2021,168249,0.587,more last-sightings lately: 0/yr -> 2/yr; 99% of entities appear in ONE year only -- either real churn or an identifier that is not stable across years
CONSUMER_SAFETY.CONSUMER_SAFETY__FED_NHTSA_RECALLS,MFG_RECALL_NUMBER,happened,NOTIFICATION_DATE,242993,9406,25.83,2009,2027,0,0.983,False,2,1,0.0,0.268,2024,814,0.565,more last-sightings lately: 170/yr -> 643/yr; 98% of entities appear in ONE year only -- either real churn or an identifier that is not stable across years
CONSUMER_SAFETY.CONSUMER_SAFETY__FED_NHTSA_INVESTIGATIONS,RECALL_NUMBER,decided,OPEN_DATE,154209,2639,58.43,1974,2025,0,0.981,False,1,1,0.066,0.032,2008,298,0.563,98% of entities appear in ONE year only -- either real churn or an identifier that is not stable across years
JUSTICE.JUSTICE__INTL_EU_SANCTIONS,EU_REF_NUM,happened,BIRT_DATE,42347,3198,13.24,1925,2004,0,0.981,False,2,2,0.088,0.059,1969,121,0.562,98% of entities appear in ONE year only -- either real churn or an identifier that is not stable across years
ECONOMICS.ECONOMICS__FED_USASPENDING_ASSISTANCE_FULL,RECIPIENT_UEI,happened,ACTION_DATE,19902879,223721,88.96,2006,2026,2,0.41,False,22865,22127,0.56,0.193,2013,96078,0.56,"fewer new arrivals lately: 26,659/yr -> 4,257/yr"
ENVIRONMENT.ENVIRONMENT__FED_USGS_MINERALS,MRDS_ID,happened,DISC_YR,304632,14588,20.88,1700,1995,0,0.978,False,19,1,0.137,0.059,1900,497,0.556,98% of entities appear in ONE year only -- either real churn or an identifier that is not stable across years
POLITICS.POLITICS__TX_LOBBY_FOOD_BEVERAGE,FILER_ID,happened,ACTIVITYDATE,14452,749,19.3,2004,2026,0,0.563,False,1,25,0.549,0.0,2011,180,0.549,fewer new arrivals lately: 86/yr -> 14/yr
FOREIGN_INFLUENCE.FOREIGN_INFLUENCE__FED_FARA_BULK,COMPANY_ID,reported,DATE,48104,213,225.84,1942,2021,0,0.967,False,5,2,0.0,0.0,1992,9,0.534,97% of entities appear in ONE year only -- either real churn or an identifier that is not stable across years
LABOR.LABOR__FED_DOL_OLMS,UNION_NAME,happened,YEAR_COVERED,617710,1712,360.81,2000,2026,12,0.058,False,1013,124,0.522,0.488,2001,1064,0.522,"fewer new arrivals lately: 63/yr -> 11/yr; more last-sightings lately: 46/yr -> 262/yr; 59% of all entities are 'born' in the first year -- that is the data starting, not the world"
POLITICS.POLITICS__VOTEVIEW_ROLLCALLS,BILL_NUMBER,happened,VOTE_DATE,3364,1379,2.44,2023,2026,0,0.959,False,356,218,0.0,0.0,2025,453,0.517,96% of entities appear in ONE year only -- either real churn or an identifier that is not stable across years
TRANSPORT.TRANSPORT__FED_NTSB_AVIATION_AIRCRAFT,RWY_NUM,happened,DATE_LAST_INSP,31503,313,100.65,1980,2026,6,0.329,False,1,63,0.49,0.0,2021,196,0.49,more new arrivals lately: 1/yr -> 6/yr
ECONOMICS.ECONOMICS__FED_USASPENDING_CONTRACTS_FULL,RECIPIENT_UEI,happened,ACTION_DATE,20000000,420990,47.51,2007,2026,2,0.4,False,103274,53357,0.479,0.007,2011,153804,0.479,"fewer new arrivals lately: 38,919/yr -> 6,983/yr"
JUSTICE.JUSTICE__FED_SCDB,DOCKET,happened,DATE_ARGUMENT,83644,6134,13.64,1944,2025,0,0.917,False,1,37,0.0,0.0,1959,406,0.433,92% of entities appear in ONE year only -- either real churn or an identifier that is not stable across years
POLITICS.POLITICS__TX_LOBBY_ENTERTAINMENT,FILER_ID,happened,ACTIVITYDATE,2836,325,8.73,2005,2026,0,0.658,False,69,6,0.379,0.235,2007,81,0.379,fewer new arrivals lately: 28/yr -> 6/yr; fewer last-sightings lately: 28/yr -> 8/yr
HEALTH.HEALTH__FED_CMS_HOME_HEALTH,TRANSFER_OF_HEALTH_INFORMATION_TO_THE_PROVIDER,decided,CERTIFICATION_DATE,12392,3246,3.82,1966,2025,0,0.579,False,209,1,0.162,0.35,2004,1000,0.35,more last-sightings lately: 23/yr -> 103/yr
FINANCE.FINANCE__FED_FEC_CAND_CMTE_LINKAGE,CAND_ID,happened,CAND_ELECTION_YR,30536,15151,2.02,1980,2106,0,0.87,False,1,2,0.0,0.0,2020,4085,0.339,87% of entities appear in ONE year only -- either real churn or an identifier that is not stable across years
HEALTH.HEALTH__FED_CMS_DIALYSIS,SMOSR_UPPER_CONFIDENCE_LIMIT_FACILITY,decided,CERTIFICATION_DATE,7557,724,10.44,1968,2023,29,0.173,False,1,13,0.333,0.0,2009,543,0.333,more new arrivals lately: 1/yr -> 4/yr
ENVIRONMENT.ENVIRONMENT__FED_PHMSA_FLAGGED_INCIDENTS,PHMSA_OPERATOR_ID,happened,INCIDENT_YEAR,2039,262,7.78,2010,2026,0,0.5,False,53,34,0.0,0.328,2018,105,0.328,more last-sightings lately: 7/yr -> 30/yr
FINANCE.FINANCE__INTL_ISO_MIC_REGISTRY,LEI,reported,CREATION_DATE,2864,1061,2.7,2003,2026,0,0.756,False,26,46,0.0,0.322,2017,307,0.322,more last-sightings lately: 14/yr -> 59/yr; 76% of entities appear in ONE year only -- either real churn or an identifier that is not stable across years
ENVIRONMENT.ENVIRONMENT__FED_EPA_GHGRP_EMISSION,FACILITY_ID,happened,REPORTING_YEAR,346683,11277,30.74,2010,2023,13,0.012,False,6764,11235,0.306,0.088,2023,11235,0.306,"fewer new arrivals lately: 702/yr -> 171/yr; 60% of all entities are 'born' in the first year -- that is the data starting, not the world"
ENVIRONMENT.ENVIRONMENT__FED_EPA_GHGRP_FACILITY,FACILITY_ID,happened,REPORTING_YEAR,136005,11358,11.97,2010,2023,13,0.017,False,6873,11281,0.305,0.0,2023,11281,0.305,"fewer new arrivals lately: 693/yr -> 169/yr; 61% of all entities are 'born' in the first year -- that is the data starting, not the world"
TRANSPORT.TRANSPORT__FED_NTSB_AVIATION_EVENTS,EV_NR_APT_ID,happened,EV_DATE,30968,6510,4.76,2008,2026,0,0.525,False,967,423,0.303,0.124,2016,2497,0.303,fewer new arrivals lately: 633/yr -> 155/yr
POLITICS.POLITICS__XC_OWID_CPI,ENTITY,happened,YEAR,2312,182,12.7,2012,2024,12,0.0,False,176,180,0.294,0.0,2017,180,0.294,"fewer new arrivals lately: 1/yr -> 0/yr; 97% of all entities are 'born' in the first year -- that is the data starting, not the world"
HOUSING.HOUSING__FED_FEMA_IA_HOUSING_REGISTRATIONS,DISASTER_NUMBER,reported,APPLIED_DATE,3080000,625,4928.0,2000,2026,0,0.744,False,3,18,0.0,0.259,2024,115,0.259,more last-sightings lately: 14/yr -> 53/yr; 74% of entities appear in ONE year only -- either real churn or an identifier that is not stable across years
POLITICS.POLITICS__TX_LOBBY_EVENTS,FILER_ID,happened,ACTIVITYDATE,3107,252,12.33,2005,2026,0,0.639,False,32,6,0.252,0.0,2009,50,0.252,fewer new arrivals lately: 17/yr -> 5/yr
ENERGY.ENERGY__FED_EIA860_3_2_WIND,UTILITY_ID,happened,OPERATING_YEAR,1563,743,2.1,1981,2024,0,0.844,True,1,29,1.0,0.0,2012,125,0.25,"more new arrivals lately: 1/yr -> 24/yr; 84% of entities appear in ONE year only -- either real churn or an identifier that is not stable across years; the clock is the thing's own start date, so 'first seen' and 'last seen' are the same row -- this is the count sweep restated, not a population turning over"
HEALTH.HEALTH__FED_FDA_PURPLE_BOOK,BLA_NUMBER,decided,APPROVAL_DATE,2228,847,2.63,1930,2026,0,0.754,True,25,17,1.0,0.848,2024,110,0.25,"more new arrivals lately: 1/yr -> 44/yr; more last-sightings lately: 8/yr -> 70/yr; 75% of entities appear in ONE year only -- either real churn or an identifier that is not stable across years; the clock is the thing's own start date, so 'first seen' and 'last seen' are the same row -- this is the count sweep restated, not a population turning over"
HEALTH.HEALTH__FED_CMS_RURAL_HEALTH_CLINIC_ENROLLMENTS,ASSOCIATE_ID,happened,INCORPORATION_DATE,5530,1669,3.31,1859,2024,0,0.918,True,2,6,0.953,1.0,1995,85,0.25,"more new arrivals lately: 2/yr -> 16/yr; more last-sightings lately: 1/yr -> 29/yr; 92% of entities appear in ONE year only -- either real churn or an identifier that is not stable across years; the clock is the thing's own start date, so 'first seen' and 'last seen' are the same row -- this is the count sweep restated, not a population turning over"
ENERGY.ENERGY__FED_EIA860_3_3_SOLAR,UTILITY_ID,happened,OPERATING_YEAR,7154,2469,2.9,2001,2024,0,0.894,True,2,349,1.0,1.0,2021,413,0.25,"more new arrivals lately: 2/yr -> 242/yr; more last-sightings lately: 0/yr -> 263/yr; 89% of entities appear in ONE year only -- either real churn or an identifier that is not stable across years; the clock is the thing's own start date, so 'first seen' and 'last seen' are the same row -- this is the count sweep restated, not a population turning over"
HEALTH.HEALTH__FED_CMS_FEDERALLY_QUALIFIED_HEALTH_CENTER_ENROLLMENTS,ASSOCIATE_ID,happened,INCORPORATION_DATE,11063,1408,7.86,1817,2024,0,0.692,True,1,23,0.176,1.0,2003,232,0.25,"more last-sightings lately: 1/yr -> 27/yr; the clock is the thing's own start date, so 'first seen' and 'last seen' are the same row -- this is the count sweep restated, not a population turning over"
ENERGY.ENERGY__FED_EIA860_3_1_GENERATOR,PLANT_CODE,happened,OPERATING_YEAR,26855,13370,2.01,1891,2024,0,0.843,True,1,902,1.0,1.0,2021,1061,0.25,"more new arrivals lately: 1/yr -> 706/yr; more last-sightings lately: 0/yr -> 759/yr; 84% of entities appear in ONE year only -- either real churn or an identifier that is not stable across years; the clock is the thing's own start date, so 'first seen' and 'last seen' are the same row -- this is the count sweep restated, not a population turning over"
HEALTH.HEALTH__FED_CMS_SKILLED_NURSING_FACILITY_ENROLLMENTS,AFFILIATION_ENTITY_ID,happened,INCORPORATION_DATE,14425,562,25.67,1850,2024,10,0.214,True,1,28,0.941,0.0,2005,244,0.235,"more new arrivals lately: 1/yr -> 13/yr; the clock is the thing's own start date, so 'first seen' and 'last seen' are the same row -- this is the count sweep restated, not a population turning over"
JUSTICE.JUSTICE__FED_COURTLISTENER_POSITIONS,PERSON_ID,happened,DATE_ELECTED,51290,737,69.59,1980,2022,4,0.429,False,2,1,0.216,0.0,2018,468,0.216,more new arrivals lately: 3/yr -> 10/yr
EDUCATION.EDUCATION__FED_GOOGLE_POLADS_ADVERTISER_WEEKLY_SPEND,ADVERTISER_ID,span_start,WEEK_START_DATE,298884,21211,14.09,2018,2026,0,0.759,False,63,4229,0.022,0.195,2022,7178,0.195,76% of entities appear in ONE year only -- either real churn or an identifier that is not stable across years
ENVIRONMENT.ENVIRONMENT__XC_OWID_FOSSIL_SHARE,ENTITY,happened,YEAR,6379,112,56.96,1965,2024,59,0.0,False,97,111,0.176,0.0,1990,111,0.176,"87% of all entities are 'born' in the first year -- that is the data starting, not the world"
JUSTICE.JUSTICE__FED_COURTLISTENER_DOCKETS,COURT_ID,happened,DATE_ARGUED,71677647,73,981885.58,1802,2026,23,0.055,False,1,17,0.176,0.0,2003,41,0.176,
POLITICS.POLITICS__TX_LOBBY_TRANSPORTATION,FILER_ID,span_start,APPLICABLEYEAR,3697,281,13.16,2004,2026,0,0.715,False,1,8,0.171,0.0,2016,43,0.171,72% of entities appear in ONE year only -- either real churn or an identifier that is not stable across years
FINANCE.FINANCE__FED_SEC_13F_SUBMISSIONS,CIK,reported,FILING_DATE,336124,16310,20.61,2013,2026,4,0.126,False,4806,10913,0.068,0.163,2026,10913,0.163,
HOUSING.HOUSING__FED_FHFA_HPI,PLACE_ID,happened,YR,184807,472,391.54,1975,2026,46,0.0,False,78,472,0.15,0.0,1995,472,0.15,
REGULATORY.REGULATORY__FED_FEDERAL_REGISTER_DOCUMENTS,REGULATION_ID_NUMBERS,reported,PUBLICATION_DATE,94731,3981,23.8,2023,2026,0,0.771,False,1505,802,0.0,0.0,2024,1532,0.143,77% of entities appear in ONE year only -- either real churn or an identifier that is not stable across years
POLITICS.POLITICS__TX_LOBBY_AWARDS,FILER_ID,span_start,PERIODSTARTDT,1589,244,6.51,2005,2026,0,0.689,False,34,3,0.101,0.0,2011,49,0.101,
ENVIRONMENT.ENVIRONMENT__XC_OWID_CO2,ENTITY,happened,YEAR,29384,247,118.96,1750,2024,94,0.0,False,14,247,0.029,0.0,1994,247,0.029,
ENERGY.ENERGY__FED_EIA860_3_5_MULTIFUEL,PLANT_CODE,happened,OPERATING_YEAR,2893,888,3.26,1915,2024,0,0.538,True,1,5,0.098,0.0,1972,186,0.025,"the clock is the thing's own start date, so 'first seen' and 'last seen' are the same row -- this is the count sweep restated, not a population turning over"
ECONOMICS.ECONOMICS__XC_OWID_GINI,ENTITY,happened,YEAR,2389,183,13.05,1963,2025,27,0.077,False,1,4,0.0,0.0,2012,154,0.0,
POLITICS.POLITICS__FED_FJC_JUDGES,SCHOOL_1,happened,BIRTH_YEAR,4067,853,4.77,1732,1991,4,0.464,False,4,1,0.0,0.0,1947,245,0.0,
JUSTICE.JUSTICE__XC_OWID_HOMICIDE,ENTITY,happened,YEAR,4912,229,21.45,1990,2024,24,0.022,False,96,33,0.0,0.0,2009,205,0.0,
IMMIGRATION.IMMIGRATION__XC_OWID_REFUGEES,ENTITY,happened,YEAR,7442,215,34.61,1951,2024,33,0.005,False,1,207,0.0,0.0,2021,212,0.0,
POLITICS.POLITICS__INTL_OWID_MILSPEND,ENTITY,happened,YEAR,9112,186,48.99,1949,2025,51,0.0,False,16,170,0.0,0.0,2008,179,0.0,
JUSTICE.JUSTICE__FED_COURTLISTENER_JUDGE_EDUCATIONS,SCHOOL_ID,happened,DEGREE_YEAR,12777,720,17.75,1751,2023,14,0.365,False,2,1,0.0,0.0,1982,361,0.0,
HEALTH.HEALTH__FED_NURSINGHOME411,CHAIN_ID,decided,DATE_FIRST_APPROVED_TO_PROVIDE_MEDICARE_AND_MEDICAID_SERVICES,14713,617,23.85,1967,2025,30,0.003,False,204,5,0.0,0.0,1991,516,0.0,
JUSTICE.JUSTICE__XC_MAPPING_POLICE_VIOLENCE,CONGRESSIONAL_REPRESENTATIVE_FULL_NAME_HTTPS_BALLOTPEDIA_ORG_UNITED_STATES_HOUSE_OF_REPRESENTATIVES,happened,DATE_OF_INCIDENT_MONTH_DAY_YEAR,15476,435,35.58,2013,2025,12,0.0,False,376,374,0.0,0.0,2018,434,0.0,"86% of all entities are 'born' in the first year -- that is the data starting, not the world"
ENVIRONMENT.ENVIRONMENT__FED_EPA_AQS_SITES,SITE_NUMBER,span_start,SITE_ESTABLISHED_DATE,20994,1231,17.05,1957,2026,0,0.513,True,30,24,0.0,0.0,1989,460,0.0,"the clock is the thing's own start date, so 'first seen' and 'last seen' are the same row -- this is the count sweep restated, not a population turning over"
POLITICS.POLITICS__CA_LOBBY_AMENDMENTS,AMEND_ID,reported,EXEC_DATE,25249,181,139.5,1823,2124,16,0.006,False,1,1,0.0,0.0,2018,181,0.0,
POLITICS.POLITICS__BILLS,BILL_NUMBER,happened,INTRODUCED_DATE,36465,10564,3.45,2023,2026,2,0.101,False,6909,4714,0.0,0.0,2024,10563,0.0,"65% of all entities are 'born' in the first year -- that is the data starting, not the world"
JUSTICE.JUSTICE__INTL_OPENSANCTIONS,PROGRAM_IDS,happened,BIRTH_DATE,71011,688,103.21,1921,2006,5,0.453,False,2,3,0.0,0.0,1973,278,0.0,
POLITICS.POLITICS__CA_LOBBY_CHG_LOG,FILER_ID,happened,EFFECT_DT,85765,20122,4.26,1900,2103,0,0.575,False,20,1,0.0,0.0,2013,4290,0.0,
PROCUREMENT.PROCUREMENT__INTL_EC_SERCOP,BUYER_ID,happened,CONTRACT_DATE_SIGNED,132995,1666,79.83,2023,2026,1,0.472,False,1,1109,0.0,0.0,2025,1281,0.0,
POLITICS.POLITICS__BILL_COSPONSORS,BILL_NUMBER,happened,SPONSORSHIP_DATE,367735,10025,36.68,2023,2026,2,0.201,False,6132,5648,0.0,0.0,2024,9150,0.0,"61% of all entities are 'born' in the first year -- that is the data starting, not the world"
POLITICS.POLITICS__CA_LOBBY_COVER,FIRM_ID,reported,RPT_DATE,524828,13205,39.74,1724,2096,3,0.156,False,1,1,0.0,0.0,2019,4087,0.0,
IMMIGRATION.IMMIGRATION__FED_ICE_DETAINERS,DETENTION_FACILITY,happened,BIRTH_YEAR,609769,4829,126.27,1903,2025,33,0.115,False,1,2,0.0,0.0,1990,4017,0.0,
ECONOMICS.ECONOMICS__FED_IRS_BMF,GROUP_EXEMPTION_NUMBER,decided,RULING_DATE,1974830,3989,495.07,1900,2026,0,0.652,False,2,1,0.0,0.0,1972,867,0.0,
CORPORATE_REGISTRY.CORPORATE_REGISTRY__FED_IRS_EO_BMF,GROUP_EXEMPTION_NUM,decided,RULING_DATE,1983563,3985,497.76,1900,2026,0,0.652,False,2,1,0.0,0.0,1972,864,0.0,
IMMIGRATION.IMMIGRATION__FED_ICE_DETENTION_STINTS,BOOK_IN_SITE,happened,BIRTH_YEAR,2571975,225,11431.0,1930,2025,67,0.018,False,3,8,0.0,0.0,1990,221,0.0,
FINANCE.FINANCE__FED_FEC_INDIV_CONTRIBUTIONS,CMTE_ID,happened,TRANSACTION_DATE,84172112,12277,6856.08,2000,2036,1,0.309,False,3,1,0.0,0.0,2024,8358,0.0,
HEALTH.HEALTH__FED_DEA_ARCOS,BUYER_DEA_NO,happened,TRANSACTION_DATE,178598026,148587,1201.98,2006,2012,4,0.229,False,91067,90446,0.0,0.0,2007,93514,0.0,"61% of all entities are 'born' in the first year -- that is the data starting, not the world"
