#,plain_question,exact_tables_pipe_separated
1,Are doctors banned from Medicare still showing up on hospice paperwork?,"LIBRARY_MARTS.HEALTH.HEALTH__FED_HHS_OIG_LEIE (83,747 rows) | LIBRARY_MARTS.HEALTH.HEALTH__FED_CMS_FACILITY_AFFILIATION (2,260,193 rows) | LIBRARY_MARTS.IMMIGRATION.IMMIGRATION__FED_CMS_HOSPICE_ENROLLMENTS (6,066 rows) | LIBRARY_MARTS.HEALTH.HEALTH__FED_CMS_SKILLED_NURSING_FACILITY_ENROLLMENTS (14,425 rows)"
2,"Which nursing home owners get fined the most per home, and does it repeat?","LIBRARY_MARTS.HEALTH.HEALTH__FED_NURSINGHOME411 (14,713 rows) | LIBRARY_MARTS.HEALTH.HEALTH__FED_CMS_NURSING_HOME_DEFICIENCIES (418,479 rows) | LIBRARY_MARTS.HEALTH.HEALTH__FED_CMS_NURSING_HOME_PENALTIES (16,180 rows)"
3,Do banks that lend money also own the polluting sites?,"LIBRARY_MARTS.HOUSING.HOUSING__FED_CFPB_HMDA_ARID2017_LEI_XREF (5,399 rows) | LIBRARY_MARTS.ENVIRONMENT.ENVIRONMENT__XC_EPA_CORPORATE_CROSSWALK (5,300,149 rows)"
4,Do addiction doctors get paid more by drugmakers when they prescribe more?,"LIBRARY_MARTS.HEALTH.HEALTH__FED_CMS_OPIOID_TREATMENT_PROGRAM_PROVIDERS (1,558 rows) | LIBRARY_RAW.LANDING.FED_CMS_PARTD_PRESCRIBER_DRUG (25,869,521 rows) | LIBRARY_MARTS.HEALTH.HEALTH__FED_CMS_OPEN_PAYMENTS_2022 (13,306,564 rows)"
5,Do people get worse loan terms right after a hurricane or flood?,"LIBRARY_MARTS.HOUSING.HOUSING__FED_FEMA_IA_HOUSING_REGISTRATIONS (26,250,920 rows) | LIBRARY_MARTS.HOUSING.HOUSING__FED_CFPB_HMDA_HISTORIC (44,992,667 rows)"
6,Do dialysis chains that dominate a rural area have worse patient outcomes?,"LIBRARY_MARTS.HEALTH.HEALTH__FED_CMS_DIALYSIS (7,557 rows) | LIBRARY_MARTS.HEALTH.HEALTH__FED_CMS_MEDICARE_DIALYSIS_FACILITIES (12,456,456 rows) | LIBRARY_MARTS.HEALTH.HEALTH__FED_CMS_FACILITY_AFFILIATION (2,260,193 rows) | LIBRARY_MARTS.HEALTH.HEALTH__FED_CMS_QUALITY_PAYMENT_PROGRAM_EXPERIENCE (503,917 rows) | LIBRARY_MARTS.HEALTH.HEALTH__FED_CMS_OPEN_PAYMENTS (15,385,047 rows)"
7,Are banned doctors working at clinics serving poor neighborhoods?,"LIBRARY_MARTS.HEALTH.HEALTH__FED_HRSA_UDS_SERVICE_DELIVERY_SITES (19,038 rows) | LIBRARY_MARTS.HEALTH.HEALTH__FED_CMS_OPT_OUT_AFFIDAVITS (57,209 rows) | LIBRARY_MARTS.HEALTH.HEALTH__FED_HHS_OIG_LEIE (83,747 rows)"
8,"When a county's jail population spikes, does drug overdose rise later?","LIBRARY_MARTS.JUSTICE.JUSTICE__XC_VERA_INCARCERATION_TRENDS (128,507 rows) | LIBRARY_MARTS.HEALTH.HEALTH__FED_HRSA_SHORTAGE_AREAS (165,531 rows) | LIBRARY_MARTS.HEALTH.HEALTH__FED_CDC_DRUG_POISONING_COUNTY (53,387 rows)"
9,Do the biggest polluters also pay their workers the least?,"LIBRARY_MARTS.ENVIRONMENT.ENVIRONMENT__FED_EPA_GHGRP_FACILITY (136,005 rows) | LIBRARY_MARTS.ECONOMICS.ECONOMICS__FED_BLS_QCEW (3,619,437 rows) | LIBRARY_MARTS.HEALTH.HEALTH__FED_CDC_INJURY_VIOLENCE_COUNTY (132,000 rows)"
10,Are the suppliers who bill the most also getting kickback-like payments?,"LIBRARY_MARTS.HEALTH.HEALTH__FED_CMS_MEDICARE_DURABLE_MEDICAL_EQUIPMENT_DEVICES_SUPPLIES_BY_REFER (381,228 rows)"
11,Do money-losing hospitals still have doctors taking big drug company payments?,"LIBRARY_MARTS.HEALTH.HEALTH__FED_CMS_HCRIS (6,103 rows) | LIBRARY_MARTS.HEALTH.HEALTH__FED_CMS_FACILITY_AFFILIATION (2,260,193 rows) | LIBRARY_MARTS.HEALTH.HEALTH__FED_CMS_OPEN_PAYMENTS_2023 (14,700,786 rows)"
12,Do hospitals with financial trouble also have padded ventilator equipment billing?,"LIBRARY_MARTS.HEALTH.HEALTH__FED_CMS_LTCH (311 rows) | LIBRARY_MARTS.HEALTH.HEALTH__FED_CMS_POS_OTHER (44,429 rows) | LIBRARY_MARTS.HEALTH.HEALTH__FED_CMS_FACILITY_AFFILIATION (2,260,193 rows) | LIBRARY_MARTS.HEALTH.HEALTH__FED_CMS_OPEN_PAYMENTS (15,385,047 rows)"
13,Do owners re-register the business right after getting fire-safety fines?,"LIBRARY_MARTS.HEALTH.HEALTH__FED_CMS_NURSING_HOME_FIRE_DEFICIENCIES (200,030 rows) | LIBRARY_MARTS.HEALTH.HEALTH__FED_CMS_SKILLED_NURSING_FACILITY_ENROLLMENTS (14,425 rows)"
14,Are clinics claiming to be 'rural' actually sitting in cities?,"LIBRARY_MARTS.HEALTH.HEALTH__FED_CMS_RURAL_HEALTH_CLINIC_ENROLLMENTS (5,530 rows)"
15,Are banned companies still getting paid on disaster relief contracts?,"LIBRARY_MARTS.PROCUREMENT.PROCUREMENT__FED_SAM_EXCLUSIONS (168,328 rows) | LIBRARY_RAW.LANDING.FED_USASPENDING_CONTRACTS_FULL_R2 (93,153,424 rows)"
16,Are any of them on the federal fraud exclusion list?,"LIBRARY_MARTS.HEALTH.HEALTH__FED_CMS_MEDICARE_DIABETES_PREVENTION_PROGRAM (1,037 rows) | LIBRARY_MARTS.HEALTH.HEALTH__FED_HHS_OIG_LEIE (83,747 rows)"
17,Same as #3 but through a different bank record,"LIBRARY_MARTS.FINANCE.FINANCE__FED_FDIC_BANK_DATA (27,836 rows) | LIBRARY_MARTS.ENVIRONMENT.ENVIRONMENT__XC_EPA_CORPORATE_CROSSWALK (5,300,149 rows)"
18,Do they order more of that device at the hospital they work for?,"LIBRARY_MARTS.HEALTH.HEALTH__FED_CMS_OPEN_PAYMENTS (15,385,047 rows) | LIBRARY_MARTS.HEALTH.HEALTH__FED_CMS_MEDICARE_OUTPATIENT_HOSPITALS_BY_PROVIDER_AND_SERVICE (116,182 rows)"
19,Do the ones taking industry payments still get top bonuses?,"LIBRARY_MARTS.HEALTH.HEALTH__FED_CMS_QUALITY_PAYMENT_PROGRAM_EXPERIENCE (503,917 rows) | LIBRARY_MARTS.HEALTH.HEALTH__FED_CMS_PART_D_PRESCRIBERS (1,416,883 rows)"
20,"Are the same people running both, and is that a conflict?","LIBRARY_MARTS.HEALTH.HEALTH__FED_CMS_FACILITY_AFFILIATION (2,260,193 rows)"
21,Do hospital employees get paid less than the local average wage?,"LIBRARY_MARTS.HEALTH.HEALTH__FED_CMS_HCRIS (6,103 rows) | LIBRARY_MARTS.ECONOMICS.ECONOMICS__FED_BLS_QCEW (3,619,437 rows)"
22,Do those same neighborhoods have more toxic factories today?,"LIBRARY_MARTS.ENVIRONMENT.ENVIRONMENT__FED_EPA_TRI_FACILITY (64,990 rows) | LIBRARY_MARTS.ENVIRONMENT.ENVIRONMENT__FED_EPA_TRI_BASIC_2023 (78,647 rows) | LIBRARY_MARTS.HOUSING.HOUSING__FED_MAPPING_INEQUALITY (1,155 rows) | LIBRARY_MARTS.HEALTH.HEALTH__FED_CDC_INJURY_VIOLENCE_COUNTY (132,000 rows)"
23,How much money did banned suppliers still collect?,"LIBRARY_MARTS.HEALTH.HEALTH__FED_HHS_OIG_LEIE (83,747 rows) | LIBRARY_MARTS.HEALTH.HEALTH__FED_CMS_MEDICARE_DURABLE_MEDICAL_EQUIPMENT_DEVICES_SUPPLIES_BY_SUPPL (440,670 rows)"
24,"Nothing to compare yet, program just started","LIBRARY_MARTS.HEALTH.HEALTH__FED_CMS_AMBULATORY_SPECIALTY_MODEL_PARTICIPANTS (6,637 rows)"
25,Are centers whose local site shut down still collecting Medicare money as if open?,"LIBRARY_MARTS.HEALTH.HEALTH__FED_CMS_POS_OTHER (44,429 rows) | LIBRARY_MARTS.HEALTH.HEALTH__FED_CMS_FEDERALLY_QUALIFIED_HEALTH_CENTER_ENROLLMENTS (11,063 rows) | LIBRARY_MARTS.HEALTH.HEALTH__FED_HRSA_SHORTAGE_AREAS (165,531 rows)"
26,Does housing sit empty after a big storm instead of getting rebuilt?,"LIBRARY_MARTS.ENVIRONMENT.ENVIRONMENT__FED_NOAA_STORM_EVENTS (1,780,730 rows) | LIBRARY_MARTS.HOUSING.HOUSING__FED_USDA_RD_MFH_ACTIVE_PROJECTS (13,550 rows)"
27,Are any of them already banned for past fraud?,"LIBRARY_MARTS.HEALTH.HEALTH__FED_CMS_PENDING_INITIAL_LOGGING_AND_TRACKING_PHYSICIANS (7,240 rows) | LIBRARY_MARTS.HEALTH.HEALTH__FED_CMS_PENDING_INITIAL_LOGGING_AND_TRACKING_NON_PHYSICIANS (6,880 rows) | LIBRARY_MARTS.HEALTH.HEALTH__FED_HHS_OIG_LEIE (83,747 rows) | LIBRARY_MARTS.HEALTH.HEALTH__FED_CMS_FACILITY_AFFILIATION (2,260,193 rows)"
28,Do homes exaggerate patient sickness to get paid more?,"LIBRARY_MARTS.HEALTH.HEALTH__FED_CMS_FACILITY_LEVEL_MINIMUM_DATA_SET_FREQUENCY (31,403,215 rows) | LIBRARY_MARTS.HEALTH.HEALTH__FED_NURSINGHOME411 (14,713 rows) | LIBRARY_MARTS.HEALTH.HEALTH__FED_CMS_NURSING_HOME_DEFICIENCIES (418,479 rows)"
29,Do hospitals near the most toxic sites fail financially more often?,"LIBRARY_MARTS.ENVIRONMENT.ENVIRONMENT__FED_EPA_TRI_FACILITY (64,990 rows) | LIBRARY_MARTS.HEALTH.HEALTH__FED_CMS_HCRIS (6,103 rows) | LIBRARY_MARTS.HEALTH.HEALTH__FED_CMS_POS_OTHER (44,429 rows)"
30,"Do new owners appear right after a home gets penalized, like a shell game?","LIBRARY_MARTS.HEALTH.HEALTH__FED_CMS_SKILLED_NURSING_FACILITY_ENROLLMENTS (14,425 rows) | LIBRARY_MARTS.HEALTH.HEALTH__FED_CMS_NURSING_HOME_PENALTIES (16,180 rows)"
31,Do hospital-owned home health agencies perform worse but cost more?,"LIBRARY_MARTS.HEALTH.HEALTH__FED_CMS_HOSPITAL_ENROLLMENTS (9,175 rows) | LIBRARY_MARTS.HEALTH.HEALTH__FED_CMS_HOME_HEALTH_AGENCY_ENROLLMENTS (11,508 rows) | LIBRARY_MARTS.HEALTH.HEALTH__FED_CMS_HOME_HEALTH (12,392 rows)"
76,Do they sell their company stock right before bad news like a fine hits?,"LIBRARY_MARTS.FINANCE.FINANCE__FED_SEC_INSIDER_NONDERIV_TRANS (2,672,841 rows) | LIBRARY_MARTS.ECONOMICS.ECONOMICS__FED_SEC_EDGAR_COMPANY_TICKERS (10,414 rows) | LIBRARY_MARTS.HEALTH.HEALTH__FED_NURSINGHOME411 (14,713 rows)"
77,Do they own stock in companies whose cases they're deciding?,"LIBRARY_MARTS.JUSTICE.JUSTICE__FED_COURTLISTENER_INVESTMENTS (1,901,599 rows) | LIBRARY_MARTS.JUSTICE.JUSTICE__FED_COURTLISTENER_POSITIONS (51,290 rows) | LIBRARY_MARTS.JUSTICE.JUSTICE__FED_FJC_IDB_CIVIL (10,857,396 rows)"
78,Do they trade stock in industries their own committee oversees?,"LIBRARY_MARTS.FINANCE.FINANCE__FED_SENATE_STOCK_WATCHER (8,350 rows) | LIBRARY_MARTS.POLITICS.POLITICS__FED_CONGRESS_COMMITTEE_MEMBERSHIP (3,879 rows) | LIBRARY_RAW.LANDING.FED_VOTEVIEW_ROLLCALLS (945,523 rows)"
79,Did they quietly switch auditors right before collapsing?,"LIBRARY_MARTS.ECONOMICS.ECONOMICS__FED_FDIC_FAILED_BANKS (3,584 rows) | LIBRARY_MARTS.FINANCE.FINANCE__FED_FDIC_SOD_BRANCH_DEPOSITS (2,822,977 rows) | LIBRARY_MARTS.FINANCE.FINANCE__FED_PCAOB_FORM_AP_FILINGS (155,384 rows)"
80,Do they still keep winning government contracts?,"LIBRARY_MARTS.ECONOMICS.ECONOMICS__FED_FAC_SINGLE_AUDIT (411,638 rows) | LIBRARY_RAW.LANDING.FED_USASPENDING_CONTRACTS_FULL_R2 (93,153,424 rows)"
81,Did executives sell their own stock right before the collapse?,"LIBRARY_MARTS.LABOR.LABOR__FED_PBGC_TRUSTEED_PLANS (5,176 rows) | LIBRARY_RAW.LANDING.FED_DOL_FORM5500_FULL (4,299,671 rows) | LIBRARY_MARTS.FINANCE.FINANCE__FED_SEC_DERA_SUB_2026Q1 (6,169 rows) | LIBRARY_MARTS.FINANCE.FINANCE__FED_SEC_INSIDER_NONDERIV_TRANS (2,672,841 rows)"
82,Do unions reporting missing money also have an active political fund?,"LIBRARY_MARTS.LABOR.LABOR__FED_DOL_OLMS (617,710 rows) | LIBRARY_MARTS.FINANCE.FINANCE__FED_FEC_COMMITTEES (60,031 rows)"
83,Does lobbying spending spike right before a new safety rule is finalized?,"LIBRARY_MARTS.EDUCATION.EDUCATION__FED_SENATE_LDA_FILINGS (819,649 rows) | LIBRARY_MARTS.REGULATORY.REGULATORY__FED_FEDERAL_REGISTER_DOCUMENTS (94,731 rows)"
84,Who's spending money for or against them in elections?,"LIBRARY_MARTS.FINANCE.FINANCE__FED_FEC_INDEPENDENT_EXPENDITURES (261,033 rows) | LIBRARY_MARTS.FINANCE.FINANCE__FED_FEC_CAND_CMTE_LINKAGE (30,536 rows) | LIBRARY_MARTS.POLITICS.POLITICS__FED_CONGRESS_LEGISLATORS (12,767 rows) | LIBRARY_MARTS.POLITICS.POLITICS__FED_CONGRESS_COMMITTEE_MEMBERSHIP (3,879 rows)"
85,Does it flow from their corporate PAC into top leaders' campaign funds?,"LIBRARY_MARTS.HEALTH.HEALTH__FED_CMS_OPEN_PAYMENTS (15,385,047 rows) | LIBRARY_MARTS.FINANCE.FINANCE__FED_FEC_COMMITTEES (60,031 rows) | LIBRARY_MARTS.FINANCE.FINANCE__FED_FEC_LEADERSHIP_PAC (8,619 rows)"
86,Are big-spending political advertisers avoiding official campaign finance reporting?,"LIBRARY_MARTS.EDUCATION.EDUCATION__FED_GOOGLE_POLADS_ADVERTISER_WEEKLY_SPEND (298,884 rows) | LIBRARY_MARTS.POLITICS.POLITICS__FED_FEC_PAC_SUMMARY (45,709 rows) | LIBRARY_MARTS.POLITICS.POLITICS__FED_MEDSL_HOUSE_RETURNS (29,636 rows)"
87,Do they also personally donate to U.S. political campaigns?,"LIBRARY_RAW.LANDING.FED_FARA_BULK (221,900 rows) | LIBRARY_MARTS.FINANCE.FINANCE__FED_FEC_INDIV_CONTRIBUTIONS (84,172,112 rows)"
88,Are the same people also treasurers of federal campaign committees?,"LIBRARY_MARTS.POLITICS.POLITICS__IRS527_DIRECTORS_OFFICERS (189,593 rows) | LIBRARY_MARTS.FINANCE.FINANCE__FED_FEC_COMMITTEES (60,031 rows)"
89,Do the same people wine and dine state lawmakers and donate federally?,"LIBRARY_MARTS.POLITICS.POLITICS__TX_LOBBY_COVER (283,803 rows) | LIBRARY_MARTS.POLITICS.POLITICS__CA_LOBBY_COVER (524,828 rows) | LIBRARY_MARTS.FINANCE.FINANCE__FED_FEC_INDIV_CONTRIBUTIONS (84,172,112 rows)"
90,Do agency contracts shift toward an official's old industry after they arrive?,"LIBRARY_MARTS.GOVERNANCE.GOVERNANCE__FED_REVOLVINGDOOR_PROJECT (406 rows) | LIBRARY_RAW.LANDING.FED_USASPENDING_CONTRACTS_FULL_R2 (93,153,424 rows)"
91,"Do they buy a stock, then introduce a bill that helps it?","LIBRARY_MARTS.FINANCE.FINANCE__FED_SENATE_STOCK_WATCHER (8,350 rows) | LIBRARY_RAW.LANDING.FED_GOVINFO_BILLSTATUS (36,465 rows) | LIBRARY_RAW.LANDING.FED_GOVINFO_BILL_COSPONSORS (367,742 rows)"
92,Does office spending go to vendors who are also campaign donors?,"LIBRARY_RAW.LANDING.FED_HOUSE_DISBURSEMENTS (4,914,476 rows) | LIBRARY_MARTS.FINANCE.FINANCE__FED_FEC_INDIV_CONTRIBUTIONS (84,172,112 rows)"
93,Do places with more rejected mail ballots overlap with high-incarceration areas?,"LIBRARY_MARTS.POLITICS.POLITICS__FED_EAC_EAVS (6,460 rows) | LIBRARY_MARTS.JUSTICE.JUSTICE__XC_VERA_INCARCERATION_TRENDS (128,507 rows) | LIBRARY_MARTS.POLITICS.POLITICS__FED_MEDSL_HOUSE_RETURNS (29,636 rows)"
94,Does a judge's political leaning or donations predict how they rule?,"LIBRARY_MARTS.JUSTICE.JUSTICE__FED_COURTLISTENER_JUDGE_POLITICAL_AFFILIATIONS (8,486 rows) | LIBRARY_MARTS.FINANCE.FINANCE__FED_FEC_INDIV_CONTRIBUTIONS (84,172,112 rows) | LIBRARY_MARTS.JUSTICE.JUSTICE__FED_FJC_IDB_CIVIL (10,857,396 rows)"
95,Do gifts or debts they report ever involve parties in their own courtroom?,"LIBRARY_MARTS.JUSTICE.JUSTICE__FED_COURTLISTENER_DISCLOSURE_GIFTS (2,025 rows) | LIBRARY_MARTS.JUSTICE.JUSTICE__FED_COURTLISTENER_DISCLOSURE_DEBTS (18,775 rows) | LIBRARY_MARTS.JUSTICE.JUSTICE__FED_COURTLISTENER_DISCLOSURE_REIMBURSEMENTS (33,472 rows)"
96,Do they still get disaster payouts for flood damage?,"LIBRARY_MARTS.HOUSING.HOUSING__FED_FEMA_NFIP_COMMUNITY_STATUS_BOOK (25,125 rows) | LIBRARY_MARTS.HOUSING.HOUSING__FED_FEMA_IA_HOUSING_REGISTRATIONS (26,250,920 rows)"
97,Are they being rebuilt each time instead of relocated?,"LIBRARY_MARTS.HOUSING.HOUSING__FED_FEMA_IA_HOUSING_REGISTRATIONS (26,250,920 rows) | LIBRARY_MARTS.HOUSING.HOUSING__FED_HUD_ASSISTED_HOUSING_PROJECTS (35,601 rows) | LIBRARY_MARTS.HOUSING.HOUSING__FED_USDA_RD_MFH_ACTIVE_PROJECTS (13,550 rows)"
98,Are any sitting downstream of a dam rated poor with no emergency plan?,"LIBRARY_MARTS.ENVIRONMENT.ENVIRONMENT__FED_NID_DAMS (92,766 rows) | LIBRARY_MARTS.HEALTH.HEALTH__FED_CMS_NURSING_HOME (14,700 rows)"
99,Do the ones with unsafe dams also have a pile of unpaid safety fines?,"LIBRARY_MARTS.LABOR.LABOR__FED_MSHA_MINES (91,906 rows) | LIBRARY_MARTS.ENVIRONMENT.ENVIRONMENT__FED_NID_DAMS (92,766 rows) | LIBRARY_MARTS.LABOR.LABOR__FED_MSHA_VIOLATIONS (3,087,265 rows)"
100,Did they spring up right after the disaster was declared?,"LIBRARY_RAW.LANDING.FED_USASPENDING_CONTRACTS_FULL_R2 (93,153,424 rows) | LIBRARY_MARTS.HOUSING.HOUSING__FED_FEMA_IA_HOUSING_REGISTRATIONS (26,250,920 rows)"
101,Are they still using outdated flood maps?,"LIBRARY_MARTS.ENVIRONMENT.ENVIRONMENT__FED_NOAA_STORM_EVENTS (1,780,730 rows) | LIBRARY_MARTS.HOUSING.HOUSING__FED_FEMA_NFIP_COMMUNITY_STATUS_BOOK (25,125 rows)"
102,Do they also have the worst drinking water problems?,"LIBRARY_MARTS.ENVIRONMENT.ENVIRONMENT__FED_PHMSA_FLAGGED_INCIDENTS (2,039 rows) | LIBRARY_MARTS.ENVIRONMENT.ENVIRONMENT__FED_USGS_ORPHANED_OIL_GAS_WELLS (117,672 rows) | LIBRARY_MARTS.ENVIRONMENT.ENVIRONMENT__FED_FRACFOCUS_REGISTRY (7,200,550 rows) | LIBRARY_MARTS.ENVIRONMENT.ENVIRONMENT__FED_EPA_SDWA_SDWA_VIOLATIONS_ENFORCEMENT (15,432,737 rows)"
103,Do they still win federal contracts afterward?,"LIBRARY_MARTS.ENVIRONMENT.ENVIRONMENT__FED_USCG_NRC_INCIDENTS (1,029,020 rows) | LIBRARY_RAW.LANDING.FED_USASPENDING_CONTRACTS_FULL_R2 (93,153,424 rows) | LIBRARY_MARTS.PROCUREMENT.PROCUREMENT__FED_SAM_EXCLUSIONS (168,328 rows)"
104,Do the same addresses show up behind multiple fatal crashes?,"LIBRARY_MARTS.TRANSPORT.TRANSPORT__FED_NTSB_AVIATION_EVENTS (30,968 rows) | LIBRARY_MARTS.TRANSPORT.TRANSPORT__FED_NTSB_AVIATION_AIRCRAFT (31,503 rows) | LIBRARY_MARTS.TRANSPORT.TRANSPORT__FED_FAA_AIRCRAFT_REGISTRY (315,447 rows)"
105,Do the same crossings get hit by trains again and again?,"LIBRARY_MARTS.TRANSPORT.TRANSPORT__FED_FRA_CROSSING_INCIDENTS (251,149 rows) | LIBRARY_MARTS.TRANSPORT.TRANSPORT__FED_FRA_CASUALTIES (1,150,788 rows)"
106,Are those same counties still struggling with opioids today?,"LIBRARY_RAW.LANDING.FED_DEA_ARCOS_FULL (178,598,026 rows) | LIBRARY_MARTS.HEALTH.HEALTH__FED_CDC_DRUG_POISONING_COUNTY (53,387 rows) | LIBRARY_MARTS.HEALTH.HEALTH__FED_CMS_PART_D_PRESCRIBERS (1,416,883 rows)"
107,Did the biggest distributors in a state match who actually got sued?,"LIBRARY_RAW.LANDING.FED_DEA_ARCOS_FULL (178,598,026 rows) | LIBRARY_MARTS.LEGAL_ENFORCEMENT.LEGAL_ENFORCEMENT__FED_NAAG_MULTISTATE_SETTLEMENTS (882 rows)"
108,Were they still being paid after their device got recalled?,"LIBRARY_MARTS.HEALTH.HEALTH__FED_FDA_DEVICE_ENFORCEMENT (39,635 rows) | LIBRARY_MARTS.HEALTH.HEALTH__FED_FDA_DEVICE_510K (175,686 rows) | LIBRARY_MARTS.HEALTH.HEALTH__FED_CMS_OPEN_PAYMENTS (15,385,047 rows)"
109,Do they have more reported deaths than devices reviewed the normal way?,"LIBRARY_MARTS.HEALTH.HEALTH__FED_FDA_MAUDE (2,743,561 rows) | LIBRARY_MARTS.HEALTH.HEALTH__FED_FDA_DEVICE_510K (175,686 rows)"
110,Do the same doctors' prescribing costs jump right along with it?,"LIBRARY_RAW.LANDING.FED_CMS_NADAC (1,497,925 rows) | LIBRARY_MARTS.HEALTH.HEALTH__FED_NLM_DAILYMED_SPL_SETID_MAP (158,452 rows) | LIBRARY_RAW.LANDING.FED_CMS_PARTD_PRESCRIBER_DRUG (25,869,521 rows)"
111,Did their nearest full-service hospital shut down?,"LIBRARY_MARTS.HEALTH.HEALTH__FED_IHS_FACILITIES (1,006 rows) | LIBRARY_MARTS.HEALTH.HEALTH__FED_IHS_SCB_FACILITY (8,733 rows) | LIBRARY_MARTS.HEALTH.HEALTH__FED_CMS_POS_OTHER (44,429 rows)"
112,Do the ones with more retracted (fake or flawed) studies keep getting funded?,"LIBRARY_MARTS.SCIENCE_RESEARCH.SCIENCE_RESEARCH__FED_NIH_REPORTER (2,122,611 rows) | LIBRARY_MARTS.SCIENCE_RESEARCH.SCIENCE_RESEARCH__FED_SBIR_STTR_AWARDS (219,503 rows) | LIBRARY_MARTS.SCIENCE_RESEARCH.SCIENCE_RESEARCH__FED_RETRACTION_WATCH (71,591 rows)"
113,Are companies still paying doctors to promote them?,"LIBRARY_MARTS.JUSTICE.JUSTICE__FED_JPML_PENDING_MDLS (162 rows) | LIBRARY_MARTS.HEALTH.HEALTH__FED_CMS_OPEN_PAYMENTS (15,385,047 rows)"
114,Are they going uninspected for years at a time?,"LIBRARY_MARTS.LABOR.LABOR__FED_OSHA_ITA_300A_SUMMARY_2024 (398,620 rows) | LIBRARY_MARTS.ECONOMICS.ECONOMICS__FED_DOL_OSHA_INSPECTIONS (5,196,412 rows) | LIBRARY_MARTS.ECONOMICS.ECONOMICS__FED_BLS_QCEW (3,619,437 rows)"
115,Do accidents happen at their mines afterward?,"LIBRARY_MARTS.LABOR.LABOR__FED_MSHA_VIOLATIONS (3,087,265 rows) | LIBRARY_MARTS.LABOR.LABOR__FED_MSHA_ACCIDENTS (273,623 rows)"
116,Do they pay the legal minimum wage and also rack up serious safety violations?,"LIBRARY_MARTS.IMMIGRATION.IMMIGRATION__FED_DOL_OFLC (664,616 rows) | LIBRARY_MARTS.ECONOMICS.ECONOMICS__FED_DOL_OSHA_INSPECTIONS (5,196,412 rows) | LIBRARY_MARTS.PROCUREMENT.PROCUREMENT__FED_SAM_EXCLUSIONS (168,328 rows)"
117,Did the same ones get hit with health and safety fines?,"LIBRARY_MARTS.ECONOMICS.ECONOMICS__FED_SBA_PPP (968,524 rows) | LIBRARY_MARTS.HEALTH.HEALTH__FED_CMS_SKILLED_NURSING_FACILITY_ENROLLMENTS (14,425 rows) | LIBRARY_MARTS.HEALTH.HEALTH__FED_CMS_NURSING_HOME_PENALTIES (16,180 rows)"
118,Do the ones with the worst loan losses also have enforcement actions against them?,"LIBRARY_MARTS.ECONOMICS.ECONOMICS__FED_SBA_LOANS (2,174,502 rows) | LIBRARY_RAW.LANDING.FED_FDIC_ENFORCEMENT (14 rows)"
119,"How much do they get paid per day, per detained person?","LIBRARY_MARTS.IMMIGRATION.IMMIGRATION__FED_ICE_DETENTION_STINTS (2,571,975 rows) | LIBRARY_MARTS.IMMIGRATION.IMMIGRATION__FED_ICE_DETENTION_FACILITY_CODES (1,490 rows) | LIBRARY_RAW.LANDING.FED_USASPENDING_CONTRACTS_FULL_R2 (93,153,424 rows)"
120,Do they also have high jail populations generally?,"LIBRARY_MARTS.IMMIGRATION.IMMIGRATION__FED_ICE_DETAINERS (609,769 rows) | LIBRARY_MARTS.JUSTICE.JUSTICE__XC_VERA_INCARCERATION_TRENDS (128,507 rows)"
121,Are any of them U.S. doctors or political donors?,"LIBRARY_MARTS.CORPORATE_REGISTRY.CORPORATE_REGISTRY__FED_ICIJ_OFFSHORELEAKS_OFFICERS (771,315 rows) | LIBRARY_MARTS.FINANCE.FINANCE__FED_FEC_INDIV_CONTRIBUTIONS (84,172,112 rows) | LIBRARY_MARTS.HEALTH.HEALTH__FED_CMS_OPEN_PAYMENTS (15,385,047 rows)"
122,Are any of them under U.S. or international sanctions?,"LIBRARY_MARTS.CORPORATE_REGISTRY.CORPORATE_REGISTRY__UK_COMPANIES_HOUSE_PSC (15,804,611 rows) | LIBRARY_MARTS.JUSTICE.JUSTICE__INTL_OPENSANCTIONS_DEFAULT (1,281,846 rows) | LIBRARY_MARTS.JUSTICE.JUSTICE__FED_OFAC_SDN (19,114 rows)"
123,Who's the real parent company hiding behind them?,"LIBRARY_MARTS.ECONOMICS.ECONOMICS__INTL_GLEIF_REPEX (6,313,372 rows) | LIBRARY_MARTS.ECONOMICS.ECONOMICS__INTL_GLEIF (3,382,301 rows) | LIBRARY_MARTS.HOUSING.HOUSING__FED_CFPB_HMDA_ARID2017_LEI_XREF (5,399 rows) | LIBRARY_MARTS.ENVIRONMENT.ENVIRONMENT__XC_EPA_CORPORATE_CROSSWALK (5,300,149 rows)"
124,How much do they pay their top executives?,"LIBRARY_MARTS.ECONOMICS.ECONOMICS__FED_IRS_BMF (1,974,830 rows) | LIBRARY_MARTS.ECONOMICS.ECONOMICS__FED_IRS_990_EFILE_INDEX (5,544,626 rows)"
125,Are they still operating and filing paperwork as if nothing happened?,"LIBRARY_MARTS.POLITICS.POLITICS__IRS527_8871_ORGS (77,591 rows) | LIBRARY_MARTS.ECONOMICS.ECONOMICS__FED_IRS_AUTO_REVOCATIONS (1,207,295 rows) | LIBRARY_MARTS.POLITICS.POLITICS__IRS527_8872_REPORTS (55,579 rows)"
126,Do consumer complaints about them pile up before regulators catch on?,"LIBRARY_MARTS.CONSUMER_PROTECTION.CONSUMER_PROTECTION__FED_CFPB_COMPLAINTS (17,168,287 rows) | LIBRARY_MARTS.HOUSING.HOUSING__FED_CFPB_HMDA_ARID2017_LEI_XREF (5,399 rows)"
127,Are banks pulling branches out of those neighborhoods over time?,"LIBRARY_MARTS.FINANCE.FINANCE__FED_FDIC_SOD_BRANCH_DEPOSITS (2,822,977 rows) | LIBRARY_MARTS.HOUSING.HOUSING__FED_MAPPING_INEQUALITY (1,155 rows)"
128,Were failed banks still active members right up until they collapsed?,"LIBRARY_MARTS.FINANCE.FINANCE__FED_FHFA_FHLB_MEMBERSHIP (6,327 rows) | LIBRARY_MARTS.ECONOMICS.ECONOMICS__FED_FDIC_FAILED_BANKS (3,584 rows)"
129,Do complaints pile up for years before an official recall happens?,"LIBRARY_MARTS.CONSUMER_SAFETY.CONSUMER_SAFETY__FED_NHTSA_COMPLAINTS (2,227,941 rows) | LIBRARY_MARTS.CONSUMER_SAFETY.CONSUMER_SAFETY__FED_NHTSA_RECALLS (241,861 rows)"
130,Are their affordability contracts expiring in fast-gentrifying areas?,"LIBRARY_MARTS.HOUSING.HOUSING__FED_HUD_MF_SECTION8_CONTRACTS (24,309 rows) | LIBRARY_MARTS.HOUSING.HOUSING__FED_FHFA_HPI (184,807 rows)"
131,Do they charge higher rates in historically redlined neighborhoods?,"LIBRARY_MARTS.HOUSING.HOUSING__FED_HUD_FHA_SF_PORTFOLIO_SNAPSHOT (61,647 rows) | LIBRARY_MARTS.HOUSING.HOUSING__FED_MAPPING_INEQUALITY (1,155 rows) | LIBRARY_MARTS.HOUSING.HOUSING__FED_CFPB_HMDA_HISTORIC (44,992,667 rows)"
132,Do bankruptcy filings spike in the year after?,"LIBRARY_MARTS.JUSTICE.JUSTICE__FED_FJC_IDB_BANKRUPTCY (6,965,441 rows) | LIBRARY_MARTS.HOUSING.HOUSING__FED_FEMA_IA_HOUSING_REGISTRATIONS (26,250,920 rows)"
133,Do the most-sued chains also get the most fines?,"LIBRARY_MARTS.JUSTICE.JUSTICE__FED_FJC_IDB_CIVIL (10,857,396 rows) | LIBRARY_MARTS.HEALTH.HEALTH__FED_NURSINGHOME411 (14,713 rows) | LIBRARY_MARTS.HEALTH.HEALTH__FED_CMS_NURSING_HOME_PENALTIES (16,180 rows)"
134,Are they still allowed to work in health care because they were never formally banned?,"LIBRARY_MARTS.JUSTICE.JUSTICE__FED_FJC_IDB_CRIMINAL (6,299,908 rows) | LIBRARY_MARTS.HEALTH.HEALTH__FED_HHS_OIG_LEIE (83,747 rows)"
135,Does patient care quality drop afterward?,"LIBRARY_MARTS.JUSTICE.JUSTICE__XC_RANSOMWARELIVE_VICTIMS (30,661 rows) | LIBRARY_MARTS.HEALTH.HEALTH__FED_CMS_HOSPITAL_GENERAL (5,432 rows) | LIBRARY_MARTS.HEALTH.HEALTH__FED_NURSINGHOME411 (14,713 rows)"
136,Do the ones with the most known security flaws still win contracts?,"LIBRARY_MARTS.JUSTICE.JUSTICE__FED_CISA_KEV (1,674 rows) | LIBRARY_RAW.LANDING.FED_USASPENDING_CONTRACTS_FULL_R2 (93,153,424 rows)"
137,Are any of them showing up at U.S. ports anyway?,"LIBRARY_MARTS.JUSTICE.JUSTICE__FED_OFAC_SDN (19,114 rows) | LIBRARY_RAW.LANDING.FED_NOAA_AIS (58,106,517 rows)"
138,Do the ones involved in the most killings still get the most federal grant money?,"LIBRARY_MARTS.JUSTICE.JUSTICE__XC_MAPPING_POLICE_VIOLENCE (15,476 rows) | LIBRARY_RAW.LANDING.FED_USASPENDING_ASSISTANCE_FULL (19,902,879 rows)"
139,Are more dealers in an area linked to more gun deaths?,"LIBRARY_MARTS.JUSTICE.JUSTICE__FED_ATF_FFL (77,514 rows) | LIBRARY_MARTS.JUSTICE.JUSTICE__FED_FBI_NICS_CHECKS (16,445 rows) | LIBRARY_MARTS.HEALTH.HEALTH__FED_CDC_INJURY_VIOLENCE_COUNTY (132,000 rows)"
140,Which investment funds and political donors are behind them?,"LIBRARY_MARTS.ENVIRONMENT.ENVIRONMENT__FED_EPA_EGRID_PLANT_2022 (11,974 rows) | LIBRARY_MARTS.ENERGY.ENERGY__FED_EIA860_4_OWNER (5,495 rows) | LIBRARY_RAW.LANDING.FED_SEC_13F_POSITIONS (3,822,885 rows) | LIBRARY_MARTS.POLITICS.POLITICS__FED_FEC_PAC_SUMMARY (45,709 rows)"
141,Do the ones with the worst storm outages also charge the highest rates?,"LIBRARY_MARTS.ENERGY.ENERGY__FED_EIA861_RELIABILITY (971 rows) | LIBRARY_MARTS.ENERGY.ENERGY__FED_EIA861_SERVICE_TERRITORY (11,775 rows) | LIBRARY_MARTS.ENVIRONMENT.ENVIRONMENT__FED_NOAA_STORM_EVENTS (1,780,730 rows) | LIBRARY_MARTS.ENERGY.ENERGY__FED_EIA861_SALES_ULT_CUST (2,815 rows)"
142,Do some have pollution spikes that never trigger a violation?,"LIBRARY_RAW.LANDING.FED_EPA_CAMPD_EMISSIONS_DAILY (16,513,971 rows) | LIBRARY_MARTS.ENVIRONMENT.ENVIRONMENT__FED_EPA_ICIS_AIR_ICIS_AIR_VIOLATION_HISTORY (102,037 rows) | LIBRARY_MARTS.ENVIRONMENT.ENVIRONMENT__FED_EPA_AQS_SITES (20,994 rows)"
143,Are they paying the same doctors running the trial to also promote the drug?,"LIBRARY_MARTS.HEALTH.HEALTH__FED_CLINICALTRIALS (500 rows) | LIBRARY_MARTS.HEALTH.HEALTH__FED_CMS_OPEN_PAYMENTS (15,385,047 rows)"
144,Do outcomes vary a lot by judge and detention facility?,"LIBRARY_MARTS.IMMIGRATION.IMMIGRATION__FED_EOIR_CASE_DATA (12,631,225 rows)"
A32,Do banned companies' owners also donate to political campaigns?,"LIBRARY_MARTS.HEALTH.HEALTH__FED_HHS_OIG_LEIE (83,747 rows) | LIBRARY_MARTS.PROCUREMENT.PROCUREMENT__FED_SAM_EXCLUSIONS (168,328 rows) | LIBRARY_MARTS.FINANCE.FINANCE__FED_FEC_INDIV_CONTRIBUTIONS (84,172,112 rows)"
A33,Do the worst-fined chains also run a political action committee?,"LIBRARY_MARTS.HEALTH.HEALTH__FED_NURSINGHOME411 (14,713 rows) | LIBRARY_MARTS.FINANCE.FINANCE__FED_FEC_COMMITTEES (60,031 rows)"
A34,Do polluted districts get less help from their representative?,"LIBRARY_RAW.LANDING.FED_HOUSE_DISBURSEMENTS (4,914,476 rows) | LIBRARY_MARTS.ENVIRONMENT.ENVIRONMENT__FED_EPA_TRI_FACILITY (64,990 rows) | LIBRARY_MARTS.HOUSING.HOUSING__FED_MAPPING_INEQUALITY (1,155 rows)"
A35,Do members trade stock in industries their committee oversees?,"LIBRARY_RAW.LANDING.FED_HOUSE_FD_PTR_INDEX (41,883 rows) | LIBRARY_MARTS.POLITICS.POLITICS__FED_CONGRESS_COMMITTEE_MEMBERSHIP (3,879 rows)"
A36,Do the industries caught defrauding Medicare fund the committees that oversee Medicare?,"LIBRARY_MARTS.FINANCE.FINANCE__FED_FEC_COMMITTEE_TO_CANDIDATE (866,730 rows) | LIBRARY_MARTS.POLITICS.POLITICS__FED_CONGRESS_COMMITTEE_MEMBERSHIP (3,879 rows)"
A37,Do sanctioned individuals still show up as political donors?,"LIBRARY_MARTS.JUSTICE.JUSTICE__FED_OFAC_SDN (19,114 rows) | LIBRARY_RAW.LANDING.INTL_UN_CONSOLIDATED_SANCTIONS (1,011 rows) | LIBRARY_MARTS.JUSTICE.JUSTICE__INTL_UK_SANCTIONS_LIST (58,336 rows) | LIBRARY_MARTS.FINANCE.FINANCE__FED_FEC_INDIV_CONTRIBUTIONS (84,172,112 rows)"
E32,Do drinking water violations spike after a flood?,"LIBRARY_MARTS.ENVIRONMENT.ENVIRONMENT__FED_EPA_SDWA_SDWA_VIOLATIONS_ENFORCEMENT (15,432,737 rows) | LIBRARY_MARTS.HOUSING.HOUSING__FED_FEMA_IA_HOUSING_REGISTRATIONS (26,250,920 rows)"
E33,Do they violate pollution rules more right after a storm?,"LIBRARY_MARTS.ENVIRONMENT.ENVIRONMENT__FED_EPA_NPDES_NPDES_QNCR_HISTORY (7,951,656 rows) | LIBRARY_MARTS.ENVIRONMENT.ENVIRONMENT__FED_NOAA_STORM_EVENTS (1,780,730 rows)"
E34,Do they have more drug overdose deaths?,"LIBRARY_MARTS.ENVIRONMENT.ENVIRONMENT__FED_EPA_RCRA_RCRA_VIOLATIONS (708,114 rows) | LIBRARY_MARTS.HEALTH.HEALTH__FED_CDC_DRUG_POISONING_COUNTY (53,387 rows)"
E35,Did overdose deaths rise where jails emptied out?,"LIBRARY_MARTS.JUSTICE.JUSTICE__XC_VERA_INCARCERATION_TRENDS (128,507 rows) | LIBRARY_MARTS.HEALTH.HEALTH__FED_CDC_INJURY_VIOLENCE_COUNTY (132,000 rows)"
E36,Does overdose death rise after a disaster?,"LIBRARY_MARTS.HOUSING.HOUSING__FED_FEMA_IA_HOUSING_REGISTRATIONS (26,250,920 rows) | LIBRARY_MARTS.HEALTH.HEALTH__FED_CDC_INJURY_VIOLENCE_COUNTY (132,000 rows)"
E37,Does a pay raise from a drug company lead to more prescriptions?,"LIBRARY_MARTS.HEALTH.HEALTH__FED_CMS_OPEN_PAYMENTS_2023 (14,700,786 rows) | LIBRARY_MARTS.HEALTH.HEALTH__FED_CMS_OPEN_PAYMENTS (15,385,047 rows) | LIBRARY_MARTS.HEALTH.HEALTH__FED_CMS_PART_D_PRESCRIBERS (1,416,883 rows)"
E38,Are drug and device companies still paying them anyway?,"LIBRARY_MARTS.HEALTH.HEALTH__FED_CMS_OPT_OUT_AFFIDAVITS (57,209 rows) | LIBRARY_MARTS.HEALTH.HEALTH__FED_CMS_OPEN_PAYMENTS (15,385,047 rows)"
E39,Do the paid ones prescribe way more opioids than unpaid ones?,"LIBRARY_MARTS.HEALTH.HEALTH__FED_CMS_OPEN_PAYMENTS (15,385,047 rows) | LIBRARY_MARTS.HEALTH.HEALTH__FED_CMS_PART_D_PRESCRIBERS (1,416,883 rows)"
E40,Are brand-new doctors billing Medicare for millions in expensive wound-care products?,"LIBRARY_MARTS.HEALTH.HEALTH__FED_CMS_NPPES (9,606,683 rows) | LIBRARY_MARTS.HEALTH.HEALTH__FED_CMS_MEDICARE_PHYSICIAN_OTHER_PRACTITIONERS_BY_PROVIDER_AND_SERVI (9,781,673 rows)"
E41,Can hospitals still legally order tests and equipment through them?,"LIBRARY_MARTS.HEALTH.HEALTH__FED_HHS_OIG_LEIE (83,747 rows) | LIBRARY_MARTS.HEALTH.HEALTH__FED_CMS_ORDER_AND_REFERRING (2,018,354 rows)"
E42,Is drug industry money still being sent to them?,"LIBRARY_MARTS.HEALTH.HEALTH__FED_CMS_NPPES (9,606,683 rows) | LIBRARY_MARTS.HEALTH.HEALTH__FED_CMS_OPEN_PAYMENTS (15,385,047 rows)"
E43,Were they already losing money before the sale?,"LIBRARY_MARTS.HEALTH.HEALTH__FED_CMS_HCRIS (6,103 rows) | LIBRARY_MARTS.HEALTH.HEALTH__FED_CMS_POS_OTHER (44,429 rows)"
E44,Did its safety violations get worse right before the fines hit?,"LIBRARY_MARTS.HEALTH.HEALTH__FED_CMS_NURSING_HOME_DEFICIENCIES (418,479 rows) | LIBRARY_MARTS.HEALTH.HEALTH__FED_CMS_NURSING_HOME_PENALTIES (16,180 rows)"
E45,Do safety violations spike after a storm hits the area?,"LIBRARY_MARTS.HEALTH.HEALTH__FED_CMS_NURSING_HOME_DEFICIENCIES (418,479 rows) | LIBRARY_MARTS.ENVIRONMENT.ENVIRONMENT__FED_NOAA_STORM_EVENTS (1,780,730 rows)"
E46,Are these 'triple owners' actually better or worse than others?,"LIBRARY_MARTS.HEALTH.HEALTH__FED_CMS_FACILITY_AFFILIATION (2,260,193 rows) | LIBRARY_MARTS.HEALTH.HEALTH__FED_NURSINGHOME411 (14,713 rows)"
E47,Were they already in financial trouble before converting?,"LIBRARY_MARTS.HEALTH.HEALTH__FED_CMS_HCRIS (6,103 rows) | LIBRARY_MARTS.HEALTH.HEALTH__FED_CMS_POS_OTHER (44,429 rows)"
E48,Were their financial reports already bad beforehand?,"LIBRARY_MARTS.HEALTH.HEALTH__FED_CMS_HCRIS (6,103 rows) | LIBRARY_MARTS.HEALTH.HEALTH__FED_CMS_POS_OTHER (44,429 rows)"
E49,Did they win government contracts specifically during their ban?,"LIBRARY_MARTS.PROCUREMENT.PROCUREMENT__FED_SAM_EXCLUSIONS (168,328 rows) | LIBRARY_RAW.LANDING.FED_USASPENDING_CONTRACTS_FULL_R2 (93,153,424 rows)"
E50,"Do new health care businesses pop up right after, chasing relief money?","LIBRARY_MARTS.HEALTH.HEALTH__FED_CMS_HOME_HEALTH_AGENCY_ENROLLMENTS (11,508 rows) | LIBRARY_MARTS.HOUSING.HOUSING__FED_FEMA_IA_HOUSING_REGISTRATIONS (26,250,920 rows)"
E51,Does that label actually bring in more clinics?,"LIBRARY_MARTS.HEALTH.HEALTH__FED_HRSA_HPSA_PRIMARY_CARE (79,158 rows) | LIBRARY_MARTS.HEALTH.HEALTH__FED_HRSA_UDS_SERVICE_DELIVERY_SITES (19,038 rows)"
E52,"Do wages, suicide, and overdose rates all get worse there?","LIBRARY_MARTS.JUSTICE.JUSTICE__XC_VERA_INCARCERATION_TRENDS (128,507 rows) | LIBRARY_MARTS.ECONOMICS.ECONOMICS__FED_BLS_QCEW (3,619,437 rows) | LIBRARY_MARTS.HEALTH.HEALTH__FED_CDC_INJURY_VIOLENCE_COUNTY (132,000 rows)"
E53,Do they get penalized less often than other neighborhoods?,"LIBRARY_MARTS.ENVIRONMENT.ENVIRONMENT__FED_EPA_ECHO (3,135,554 rows) | LIBRARY_MARTS.CORE.DIM_TRACT (85,391 rows)"
E54,Do they pay workers less than clean factories?,"LIBRARY_MARTS.ENVIRONMENT.ENVIRONMENT__FED_EPA_ICIS_AIR_ICIS_AIR_VIOLATION_HISTORY (102,037 rows) | LIBRARY_MARTS.ECONOMICS.ECONOMICS__FED_BLS_QCEW (3,619,437 rows)"
E55,Is poor housing placed disproportionately near hazards?,"LIBRARY_MARTS.HOUSING.HOUSING__FED_HUD_ASSISTED_HOUSING_PROJECTS (35,601 rows) | LIBRARY_MARTS.ENVIRONMENT.ENVIRONMENT__FED_EPA_ECHO (3,135,554 rows) | LIBRARY_MARTS.ENVIRONMENT.ENVIRONMENT__FED_EPA_SDWA_SDWA_VIOLATIONS_ENFORCEMENT (15,432,737 rows)"
E56,Do bonus and non-bonus doctors get similar industry money?,"LIBRARY_MARTS.HEALTH.HEALTH__FED_CMS_QUALITY_PAYMENT_PROGRAM_EXPERIENCE (503,917 rows) | LIBRARY_MARTS.HEALTH.HEALTH__FED_CMS_OPEN_PAYMENTS (15,385,047 rows)"
E57,Are they also the ones industry pays the most?,"LIBRARY_MARTS.HEALTH.HEALTH__FED_CMS_MEDICARE_PHYSICIAN_OTHER_PRACTITIONERS_BY_PROVIDER (1,296,739 rows) | LIBRARY_MARTS.HEALTH.HEALTH__FED_CMS_OPEN_PAYMENTS (15,385,047 rows)"
E58,Do states with more malpractice payouts also get more industry money?,"LIBRARY_MARTS.HEALTH.HEALTH__FED_HRSA_NPDB (1,911,185 rows) | LIBRARY_MARTS.HEALTH.HEALTH__FED_CMS_QUALITY_PAYMENT_PROGRAM_EXPERIENCE (503,917 rows) | LIBRARY_MARTS.HEALTH.HEALTH__FED_CMS_OPEN_PAYMENTS_2023 (14,700,786 rows)"
E59,Do they have the worst quality ratings?,"LIBRARY_MARTS.HEALTH.HEALTH__FED_CMS_MEDICARE_INPATIENT_HOSPITALS_BY_PROVIDER (3,044 rows) | LIBRARY_MARTS.HEALTH.HEALTH__FED_CMS_HOSPITAL_GENERAL (5,432 rows)"
E60,Do they die at a higher rate?,"LIBRARY_MARTS.HEALTH.HEALTH__FED_CMS_MEDICARE_DIALYSIS_FACILITIES (12,456,456 rows) | LIBRARY_MARTS.ENVIRONMENT.ENVIRONMENT__FED_EPA_SDWA_SDWA_VIOLATIONS_ENFORCEMENT (15,432,737 rows)"
E61,Do they also have worse finances?,"LIBRARY_MARTS.ENVIRONMENT.ENVIRONMENT__FED_EPA_RCRA_RCRA_VIOLATIONS (708,114 rows) | LIBRARY_MARTS.HEALTH.HEALTH__FED_CMS_HCRIS (6,103 rows)"
E62,Are they still getting cited for missing sprinkler systems?,"LIBRARY_MARTS.HEALTH.HEALTH__FED_NURSINGHOME411 (14,713 rows) | LIBRARY_MARTS.HEALTH.HEALTH__FED_CMS_NURSING_HOME_DEFICIENCIES (418,479 rows)"
E63,Does patient harm go up when leadership keeps turning over?,"LIBRARY_MARTS.HEALTH.HEALTH__FED_NURSINGHOME411 (14,713 rows) | LIBRARY_MARTS.HEALTH.HEALTH__FED_CMS_NURSING_HOME_DEFICIENCIES (418,479 rows)"
E64,Does the money keep flowing to them anyway?,"LIBRARY_MARTS.ECONOMICS.ECONOMICS__FED_FAC_SINGLE_AUDIT (411,638 rows) | LIBRARY_RAW.LANDING.FED_USASPENDING_ASSISTANCE_FULL (19,902,879 rows)"
E65,Were they still getting paid after losing it?,"LIBRARY_MARTS.ECONOMICS.ECONOMICS__FED_IRS_REVOCATION (1,187,366 rows) | LIBRARY_RAW.LANDING.FED_USASPENDING_ASSISTANCE_FULL (19,902,879 rows)"
E66,Are they still getting health grants?,"LIBRARY_MARTS.PROCUREMENT.PROCUREMENT__FED_SAM_EXCLUSIONS (168,328 rows) | LIBRARY_RAW.LANDING.FED_USASPENDING_ASSISTANCE_FULL (19,902,879 rows)"
E67,Do they also have fewer doctors available?,"LIBRARY_MARTS.JUSTICE.JUSTICE__XC_VERA_INCARCERATION_TRENDS (128,507 rows) | LIBRARY_MARTS.HEALTH.HEALTH__FED_CMS_NPPES (9,606,683 rows)"
E68,Do they give very little free care to the poor despite huge profits?,"LIBRARY_MARTS.HEALTH.HEALTH__FED_CMS_HCRIS (6,103 rows)"
E69,How much grant money reaches each patient?,"LIBRARY_MARTS.HEALTH.HEALTH__FED_HRSA_UDS_HEALTH_CENTER_INFO (1,356 rows) | LIBRARY_MARTS.HEALTH.HEALTH__FED_HRSA_UDS_TABLE3A_PATIENTS (1,356 rows) | LIBRARY_RAW.LANDING.FED_USASPENDING_ASSISTANCE_FULL (19,902,879 rows)"
E70,Are the worst-rated homes still getting VA contracts?,"LIBRARY_RAW.LANDING.FED_USASPENDING_CONTRACTS_FULL_R2 (93,153,424 rows) | LIBRARY_MARTS.HEALTH.HEALTH__FED_NURSINGHOME411 (14,713 rows)"
E71,Does more payment per person mean more opioid prescribing?,"LIBRARY_MARTS.HEALTH.HEALTH__FED_CMS_OPEN_PAYMENTS (15,385,047 rows) | LIBRARY_MARTS.HEALTH.HEALTH__FED_CMS_PART_D_PRESCRIBERS (1,416,883 rows)"
E72,Is it sitting empty more than in safer counties?,"LIBRARY_MARTS.HOUSING.HOUSING__FED_HUD_ASSISTED_HOUSING_PROJECTS (35,601 rows) | LIBRARY_MARTS.HOUSING.HOUSING__FED_FEMA_IA_HOUSING_REGISTRATIONS (26,250,920 rows)"
E73,Do banned contractors turn out to also be doctors?,"LIBRARY_MARTS.PROCUREMENT.PROCUREMENT__FED_SAM_EXCLUSIONS (168,328 rows) | LIBRARY_MARTS.HEALTH.HEALTH__FED_CMS_NPPES (9,606,683 rows)"
E74,Is there a record of who the new owner is?,"LIBRARY_MARTS.HEALTH.HEALTH__FED_CMS_HOME_HEALTH (12,392 rows) | LIBRARY_MARTS.HEALTH.HEALTH__FED_CMS_POS_OTHER (44,429 rows)"
E75,Did the worst chains get big pandemic bailout money?,"LIBRARY_RAW.LANDING.FED_HHS_TAGGS (45 rows) | LIBRARY_MARTS.HEALTH.HEALTH__FED_NURSINGHOME411 (14,713 rows)"
