#,who's involved,the plain question,why it matters,status,exact warehouse tables,total rows,time window,effort to check,watch out for
1,Excluded doctors and the hospices/nursing homes that keep them,Are doctors banned from Medicare still showing up on hospice paperwork?,Banned doctors shouldn't still be treating dying patients,"Found 4 so far, confirmed",LIBRARY_MARTS.HEALTH.HEALTH__FED_HHS_OIG_LEIE | LIBRARY_MARTS.HEALTH.HEALTH__FED_CMS_FACILITY_AFFILIATION | LIBRARY_MARTS.IMMIGRATION.IMMIGRATION__FED_CMS_HOSPICE_ENROLLMENTS | LIBRARY_MARTS.HEALTH.HEALTH__FED_CMS_SKILLED_NURSING_FACILITY_ENROLLMENTS,"2,364,431",affiliation snapshot 2026-07,"Medium — partial run, needs finishing",
2,Private equity-owned nursing home chains,"Which nursing home owners get fined the most per home, and does it repeat?",Shows which owners treat fines as a cost of doing business,Confirmed — one chain gets fined 5x more per home than a comparable one,LIBRARY_MARTS.HEALTH.HEALTH__FED_NURSINGHOME411 | LIBRARY_MARTS.HEALTH.HEALTH__FED_CMS_NURSING_HOME_DEFICIENCIES | LIBRARY_MARTS.HEALTH.HEALTH__FED_CMS_NURSING_HOME_PENALTIES,"449,372","deficiencies 2017-26, penalties 2023-06 on",Quick — re-run and check the number,one chain gets fined 5x more per home than a comparable one
3,Banks and polluting factories,Do banks that lend money also own the polluting sites?,Would show banks quietly bankrolling pollution,"Dead end — it only found the banks' own buildings, not loans",LIBRARY_MARTS.HOUSING.HOUSING__FED_CFPB_HMDA_ARID2017_LEI_XREF | LIBRARY_MARTS.ENVIRONMENT.ENVIRONMENT__XC_EPA_CORPORATE_CROSSWALK,"5,305,548",2017 HMDA,Skip — already ruled out,"it only found the banks' own buildings, not loans"
4,"Doctors treating addiction, and drug companies",Do addiction doctors get paid more by drugmakers when they prescribe more?,Would be a bribe-for-prescriptions pattern,Dead end as asked — the two records don't line up,LIBRARY_MARTS.HEALTH.HEALTH__FED_CMS_OPIOID_TREATMENT_PROGRAM_PROVIDERS | LIBRARY_RAW.LANDING.FED_CMS_PARTD_PRESCRIBER_DRUG | LIBRARY_MARTS.HEALTH.HEALTH__FED_CMS_OPEN_PAYMENTS_2022,"39,177,643",one year,Skip — already ruled out,the two records don't line up
5,"Homeowners after disasters, and their mortgage lenders",Do people get worse loan terms right after a hurricane or flood?,Would show lenders profiting off disaster victims,"Confirmed the setup works — 47 disasters checked, more digging needed",LIBRARY_MARTS.HOUSING.HOUSING__FED_FEMA_IA_HOUSING_REGISTRATIONS | LIBRARY_MARTS.HOUSING.HOUSING__FED_CFPB_HMDA_HISTORIC,"71,243,587",2015-2017,Quick — re-run and check the number,"47 disasters checked, more digging needed"
6,Dialysis clinic chains in rural areas,Do dialysis chains that dominate a rural area have worse patient outcomes?,Would show monopoly power hurting sick people,"Partially checked, needs a full run",LIBRARY_MARTS.HEALTH.HEALTH__FED_CMS_DIALYSIS | LIBRARY_MARTS.HEALTH.HEALTH__FED_CMS_MEDICARE_DIALYSIS_FACILITIES | LIBRARY_MARTS.HEALTH.HEALTH__FED_CMS_FACILITY_AFFILIATION | LIBRARY_MARTS.HEALTH.HEALTH__FED_CMS_QUALITY_PAYMENT_PROGRAM_EXPERIENCE | LIBRARY_MARTS.HEALTH.HEALTH__FED_CMS_OPEN_PAYMENTS,"30,613,170",one vintage,"Medium — partial run, needs finishing",
7,Community health clinics for the poor,Are banned doctors working at clinics serving poor neighborhoods?,Would show bad actors targeting people with fewer options,Dead end — can't currently tell which doctor works where,LIBRARY_MARTS.HEALTH.HEALTH__FED_HRSA_UDS_SERVICE_DELIVERY_SITES | LIBRARY_MARTS.HEALTH.HEALTH__FED_CMS_OPT_OUT_AFFIDAVITS | LIBRARY_MARTS.HEALTH.HEALTH__FED_HHS_OIG_LEIE,"159,994",n/a,Skip — already ruled out,can't currently tell which doctor works where
8,Counties with rising jail populations,"When a county's jail population spikes, does drug overdose rise later?",Would link mass incarceration to community health decline,"Partially checked, real pattern not confirmed yet",LIBRARY_MARTS.JUSTICE.JUSTICE__XC_VERA_INCARCERATION_TRENDS | LIBRARY_MARTS.HEALTH.HEALTH__FED_HRSA_SHORTAGE_AREAS | LIBRARY_MARTS.HEALTH.HEALTH__FED_CDC_DRUG_POISONING_COUNTY,"347,425",2010-2024,"Medium — partial run, needs finishing",
9,"Factories that pollute the most, and their workers",Do the biggest polluters also pay their workers the least?,Would show a double harm on the same community,"Partially checked, weak so far",LIBRARY_MARTS.ENVIRONMENT.ENVIRONMENT__FED_EPA_GHGRP_FACILITY | LIBRARY_MARTS.ECONOMICS.ECONOMICS__FED_BLS_QCEW | LIBRARY_MARTS.HEALTH.HEALTH__FED_CDC_INJURY_VIOLENCE_COUNTY,"3,887,442",cross-section,"Medium — partial run, needs finishing",
10,Medical equipment suppliers,Are the suppliers who bill the most also getting kickback-like payments?,Would show equipment fraud loop,"Partially checked, some red flags in the data",LIBRARY_MARTS.HEALTH.HEALTH__FED_CMS_MEDICARE_DURABLE_MEDICAL_EQUIPMENT_DEVICES_SUPPLIES_BY_REFER,"381,228",DY2024,"Medium — partial run, needs finishing",
11,"Hospitals losing money, and their doctors",Do money-losing hospitals still have doctors taking big drug company payments?,Would look hypocritical — cutting care while doctors profit,"Partially checked, real data found",LIBRARY_MARTS.HEALTH.HEALTH__FED_CMS_HCRIS | LIBRARY_MARTS.HEALTH.HEALTH__FED_CMS_FACILITY_AFFILIATION | LIBRARY_MARTS.HEALTH.HEALTH__FED_CMS_OPEN_PAYMENTS_2023,"16,967,082",2023,"Medium — partial run, needs finishing",
12,Long-term care hospitals,Do hospitals with financial trouble also have padded ventilator equipment billing?,Would show equipment fraud on the sickest patients,"Partially checked, small group so far",LIBRARY_MARTS.HEALTH.HEALTH__FED_CMS_LTCH | LIBRARY_MARTS.HEALTH.HEALTH__FED_CMS_POS_OTHER | LIBRARY_MARTS.HEALTH.HEALTH__FED_CMS_FACILITY_AFFILIATION | LIBRARY_MARTS.HEALTH.HEALTH__FED_CMS_OPEN_PAYMENTS,"17,689,980",2023,"Medium — partial run, needs finishing",
13,Nursing homes with fire safety violations,Do owners re-register the business right after getting fire-safety fines?,Would show dodging accountability by changing names,Merged into another lead — see #30,LIBRARY_MARTS.HEALTH.HEALTH__FED_CMS_NURSING_HOME_FIRE_DEFICIENCIES | LIBRARY_MARTS.HEALTH.HEALTH__FED_CMS_SKILLED_NURSING_FACILITY_ENROLLMENTS,"214,455",2016-2026,"Medium — partial run, needs finishing",see #30
14,Rural health clinics,Are clinics claiming to be 'rural' actually sitting in cities?,Would show fraud on a rural subsidy program,"Dead end as asked, simpler version might work",LIBRARY_MARTS.HEALTH.HEALTH__FED_CMS_RURAL_HEALTH_CLINIC_ENROLLMENTS,"5,530",snapshot,Skip — already ruled out,
15,Companies banned from federal contracts,Are banned companies still getting paid on disaster relief contracts?,Would be straightforward government fraud,"Confirmed — 26 banned companies, $169 million in contracts",LIBRARY_MARTS.PROCUREMENT.PROCUREMENT__FED_SAM_EXCLUSIONS | LIBRARY_RAW.LANDING.FED_USASPENDING_CONTRACTS_FULL_R2,"93,321,752",untimed,Quick — re-run and check the number,"26 banned companies, $169 million in contracts"
16,Diabetes prevention program providers,Are any of them on the federal fraud exclusion list?,Would catch fraud in a diabetes program,"Checked, came back clean — none found",LIBRARY_MARTS.HEALTH.HEALTH__FED_CMS_MEDICARE_DIABETES_PREVENTION_PROGRAM | LIBRARY_MARTS.HEALTH.HEALTH__FED_HHS_OIG_LEIE,"84,784",snapshot,"Medium — partial run, needs finishing",none found
17,Banks and the pollution sites they finance,Same as #3 but through a different bank record,Would show hidden bank-to-polluter money,Dead end — that bank ID field is empty everywhere,LIBRARY_MARTS.FINANCE.FINANCE__FED_FDIC_BANK_DATA | LIBRARY_MARTS.ENVIRONMENT.ENVIRONMENT__XC_EPA_CORPORATE_CROSSWALK,"5,327,985",n/a,Skip — already ruled out,that bank ID field is empty everywhere
18,Surgeons who get paid royalties on medical devices,Do they order more of that device at the hospital they work for?,Would show doctors profiting from their own device choices,"Partially checked, real dollars found ($847M)",LIBRARY_MARTS.HEALTH.HEALTH__FED_CMS_OPEN_PAYMENTS | LIBRARY_MARTS.HEALTH.HEALTH__FED_CMS_MEDICARE_OUTPATIENT_HOSPITALS_BY_PROVIDER_AND_SERVICE,"15,501,229",2024 one year,"Medium — partial run, needs finishing",
19,Doctors who get quality bonuses from Medicare,Do the ones taking industry payments still get top bonuses?,Would question whether the bonus system actually rewards good care,"Checked, no clear pattern",LIBRARY_MARTS.HEALTH.HEALTH__FED_CMS_QUALITY_PAYMENT_PROGRAM_EXPERIENCE | LIBRARY_MARTS.HEALTH.HEALTH__FED_CMS_PART_D_PRESCRIBERS,"1,920,800",2024,"Medium — partial run, needs finishing",
20,Nursing homes and dialysis clinics,"Are the same people running both, and is that a conflict?",Would show a hidden ownership overlap,"Small group found, no clear story yet",LIBRARY_MARTS.HEALTH.HEALTH__FED_CMS_FACILITY_AFFILIATION,"2,260,193",snapshot,"Medium — partial run, needs finishing",
21,Hospital workers vs. everyone else nearby,Do hospital employees get paid less than the local average wage?,Would show hospitals underpaying staff while cutting corners,"Partially checked, real signal",LIBRARY_MARTS.HEALTH.HEALTH__FED_CMS_HCRIS | LIBRARY_MARTS.ECONOMICS.ECONOMICS__FED_BLS_QCEW,"3,625,540",2022 vs 2023,"Medium — partial run, needs finishing",
22,Neighborhoods once graded 'hazardous' for housing loans in the 1930s,Do those same neighborhoods have more toxic factories today?,Would prove 90-year-old racist housing policy still poisons people today,CONFIRMED — worst-graded areas have 18x more toxic sites than the best,LIBRARY_MARTS.ENVIRONMENT.ENVIRONMENT__FED_EPA_TRI_FACILITY | LIBRARY_MARTS.ENVIRONMENT.ENVIRONMENT__FED_EPA_TRI_BASIC_2023 | LIBRARY_MARTS.HOUSING.HOUSING__FED_MAPPING_INEQUALITY | LIBRARY_MARTS.HEALTH.HEALTH__FED_CDC_INJURY_VIOLENCE_COUNTY,"276,792",current,Quick — re-run and check the number,worst-graded areas have 18x more toxic sites than the best
23,Medical equipment suppliers banned from Medicare,How much money did banned suppliers still collect?,"Straightforward fraud, easy to state in dollars","Confirmed — $1.4 billion, one company alone took $860 million",LIBRARY_MARTS.HEALTH.HEALTH__FED_HHS_OIG_LEIE | LIBRARY_MARTS.HEALTH.HEALTH__FED_CMS_MEDICARE_DURABLE_MEDICAL_EQUIPMENT_DEVICES_SUPPLIES_BY_SUPPL,"524,417",ingested 2026-07,Quick — re-run and check the number,"$1.4 billion, one company alone took $860 million"
24,Doctors in a brand-new Medicare payment program,"Nothing to compare yet, program just started",Sets a baseline to check for fraud once the program is running,Too early — nothing to find yet,LIBRARY_MARTS.HEALTH.HEALTH__FED_CMS_AMBULATORY_SPECIALTY_MODEL_PARTICIPANTS,"6,637",2027 start,"Medium — partial run, needs finishing",nothing to find yet
25,Community health centers,Are centers whose local site shut down still collecting Medicare money as if open?,Would show phantom clinics still billing,"Small number found, worth another look",LIBRARY_MARTS.HEALTH.HEALTH__FED_CMS_POS_OTHER | LIBRARY_MARTS.HEALTH.HEALTH__FED_CMS_FEDERALLY_QUALIFIED_HEALTH_CENTER_ENROLLMENTS | LIBRARY_MARTS.HEALTH.HEALTH__FED_HRSA_SHORTAGE_AREAS,"221,023",since 2020,"Medium — partial run, needs finishing",
26,"Counties hit by big storms, and government-subsidized housing",Does housing sit empty after a big storm instead of getting rebuilt?,Would show disaster recovery money not reaching people,"Setup works, needs a real run",LIBRARY_MARTS.ENVIRONMENT.ENVIRONMENT__FED_NOAA_STORM_EVENTS | LIBRARY_MARTS.HOUSING.HOUSING__FED_USDA_RD_MFH_ACTIVE_PROJECTS,"1,794,280","1996-2025, one MFH snapshot","Medium — partial run, needs finishing",
27,People applying to become Medicare providers,Are any of them already banned for past fraud?,Would catch fraud before it even starts,"Confirmed — 9 found, small but real",LIBRARY_MARTS.HEALTH.HEALTH__FED_CMS_PENDING_INITIAL_LOGGING_AND_TRACKING_PHYSICIANS | LIBRARY_MARTS.HEALTH.HEALTH__FED_CMS_PENDING_INITIAL_LOGGING_AND_TRACKING_NON_PHYSICIANS | LIBRARY_MARTS.HEALTH.HEALTH__FED_HHS_OIG_LEIE | LIBRARY_MARTS.HEALTH.HEALTH__FED_CMS_FACILITY_AFFILIATION,"2,358,060",2026-07 snapshot,Quick — re-run and check the number,"9 found, small but real"
28,Nursing homes and how sick they say their patients are,Do homes exaggerate patient sickness to get paid more?,Would be a well-known Medicare fraud pattern,"Partially checked, one time period only so far",LIBRARY_MARTS.HEALTH.HEALTH__FED_CMS_FACILITY_LEVEL_MINIMUM_DATA_SET_FREQUENCY | LIBRARY_MARTS.HEALTH.HEALTH__FED_NURSINGHOME411 | LIBRARY_MARTS.HEALTH.HEALTH__FED_CMS_NURSING_HOME_DEFICIENCIES,"31,836,407",one quarter,"Medium — partial run, needs finishing",
29,Hospitals near heavy pollution,Do hospitals near the most toxic sites fail financially more often?,Would show pollution driving hospital closures,"Partially checked, one number looks suspicious and needs a second look",LIBRARY_MARTS.ENVIRONMENT.ENVIRONMENT__FED_EPA_TRI_FACILITY | LIBRARY_MARTS.HEALTH.HEALTH__FED_CMS_HCRIS | LIBRARY_MARTS.HEALTH.HEALTH__FED_CMS_POS_OTHER,"115,522",2015-2024,"Medium — partial run, needs finishing",
30,Nursing home owners,"Do new owners appear right after a home gets penalized, like a shell game?",Would show owners dodging penalties by 'selling' to themselves,Confirmed — 39 homes did exactly this,LIBRARY_MARTS.HEALTH.HEALTH__FED_CMS_SKILLED_NURSING_FACILITY_ENROLLMENTS | LIBRARY_MARTS.HEALTH.HEALTH__FED_CMS_NURSING_HOME_PENALTIES,"30,605",penalties 2023-06 on,Quick — re-run and check the number,39 homes did exactly this
31,Hospitals that also own home health agencies,Do hospital-owned home health agencies perform worse but cost more?,Would show hospitals steering patients to their own worse service,"Confirmed pattern, but it cuts both ways — mixed result",LIBRARY_MARTS.HEALTH.HEALTH__FED_CMS_HOSPITAL_ENROLLMENTS | LIBRARY_MARTS.HEALTH.HEALTH__FED_CMS_HOME_HEALTH_AGENCY_ENROLLMENTS | LIBRARY_MARTS.HEALTH.HEALTH__FED_CMS_HOME_HEALTH,"33,075",snapshot,Quick — re-run and check the number,mixed result
76,Executives at public nursing home and hospital companies,Do they sell their company stock right before bad news like a fine hits?,"Classic insider-trading-style question, applied to health care",Not checked yet,LIBRARY_MARTS.FINANCE.FINANCE__FED_SEC_INSIDER_NONDERIV_TRANS | LIBRARY_MARTS.ECONOMICS.ECONOMICS__FED_SEC_EDGAR_COMPANY_TICKERS | LIBRARY_MARTS.HEALTH.HEALTH__FED_NURSINGHOME411,"2,697,968","2025Q1+, check quarters",Medium — first probe query needed,"no query run yet, treat any first number as unverified"
77,Federal judges,Do they own stock in companies whose cases they're deciding?,Would be a serious conflict of interest,Not checked yet,LIBRARY_MARTS.JUSTICE.JUSTICE__FED_COURTLISTENER_INVESTMENTS | LIBRARY_MARTS.JUSTICE.JUSTICE__FED_COURTLISTENER_POSITIONS | LIBRARY_MARTS.JUSTICE.JUSTICE__FED_FJC_IDB_CIVIL,"12,810,285",disclosure years,Medium — first probe query needed,"no query run yet, treat any first number as unverified"
78,U.S. Senators,Do they trade stock in industries their own committee oversees?,The core 'Congress insider trading' question,Not checked yet,LIBRARY_MARTS.FINANCE.FINANCE__FED_SENATE_STOCK_WATCHER | LIBRARY_MARTS.POLITICS.POLITICS__FED_CONGRESS_COMMITTEE_MEMBERSHIP | LIBRARY_RAW.LANDING.FED_VOTEVIEW_ROLLCALLS,"957,752",30-day windows,Medium — first probe query needed,"no query run yet, treat any first number as unverified"
79,Banks that failed,Did they quietly switch auditors right before collapsing?,Would show a warning sign nobody flagged in time,Not checked yet,LIBRARY_MARTS.ECONOMICS.ECONOMICS__FED_FDIC_FAILED_BANKS | LIBRARY_MARTS.FINANCE.FINANCE__FED_FDIC_SOD_BRANCH_DEPOSITS | LIBRARY_MARTS.FINANCE.FINANCE__FED_PCAOB_FORM_AP_FILINGS,"2,981,945",2017+,Medium — first probe query needed,"no query run yet, treat any first number as unverified"
80,Companies whose own auditors doubt they can survive,Do they still keep winning government contracts?,Would show the government not checking a known red flag,Not checked yet,LIBRARY_MARTS.ECONOMICS.ECONOMICS__FED_FAC_SINGLE_AUDIT | LIBRARY_RAW.LANDING.FED_USASPENDING_CONTRACTS_FULL_R2,"93,565,062",after FY end,Medium — first probe query needed,"no query run yet, treat any first number as unverified"
81,Company pension plans that collapse onto the government,Did executives sell their own stock right before the collapse?,Would show executives cashing out while workers' pensions failed,Not checked yet,LIBRARY_MARTS.LABOR.LABOR__FED_PBGC_TRUSTEED_PLANS | LIBRARY_RAW.LANDING.FED_DOL_FORM5500_FULL | LIBRARY_MARTS.FINANCE.FINANCE__FED_SEC_DERA_SUB_2026Q1 | LIBRARY_MARTS.FINANCE.FINANCE__FED_SEC_INSIDER_NONDERIV_TRANS,"6,983,857",termination year,Medium — first probe query needed,"no query run yet, treat any first number as unverified"
82,Local labor unions,Do unions reporting missing money also have an active political fund?,Would be a red flag on where union dues go,Not checked yet,LIBRARY_MARTS.LABOR.LABOR__FED_DOL_OLMS | LIBRARY_MARTS.FINANCE.FINANCE__FED_FEC_COMMITTEES,"677,741",same fiscal year,Medium — first probe query needed,"no query run yet, treat any first number as unverified"
83,Health care industry lobbyists,Does lobbying spending spike right before a new safety rule is finalized?,Would show industry trying to weaken rules before they lock in,Not checked yet,LIBRARY_MARTS.EDUCATION.EDUCATION__FED_SENATE_LDA_FILINGS | LIBRARY_MARTS.REGULATORY.REGULATORY__FED_FEDERAL_REGISTER_DOCUMENTS,"914,380",comment windows,Medium — first probe query needed,"no query run yet, treat any first number as unverified"
84,Members of Congress who oversee Medicare,Who's spending money for or against them in elections?,Would show who wants influence over Medicare oversight,Not checked yet,LIBRARY_MARTS.FINANCE.FINANCE__FED_FEC_INDEPENDENT_EXPENDITURES | LIBRARY_MARTS.FINANCE.FINANCE__FED_FEC_CAND_CMTE_LINKAGE | LIBRARY_MARTS.POLITICS.POLITICS__FED_CONGRESS_LEGISLATORS | LIBRARY_MARTS.POLITICS.POLITICS__FED_CONGRESS_COMMITTEE_MEMBERSHIP,"308,215",by cycle,Medium — first probe query needed,"no query run yet, treat any first number as unverified"
85,Drug and device company political money,Does it flow from their corporate PAC into top leaders' campaign funds?,Would trace industry money's path to power,Not checked yet,LIBRARY_MARTS.HEALTH.HEALTH__FED_CMS_OPEN_PAYMENTS | LIBRARY_MARTS.FINANCE.FINANCE__FED_FEC_COMMITTEES | LIBRARY_MARTS.FINANCE.FINANCE__FED_FEC_LEADERSHIP_PAC,"15,453,697",by cycle,Medium — first probe query needed,"no query run yet, treat any first number as unverified"
86,Political advertisers on Google,Are big-spending political advertisers avoiding official campaign finance reporting?,Would show a loophole in campaign finance transparency,Not checked yet,LIBRARY_MARTS.EDUCATION.EDUCATION__FED_GOOGLE_POLADS_ADVERTISER_WEEKLY_SPEND | LIBRARY_MARTS.POLITICS.POLITICS__FED_FEC_PAC_SUMMARY | LIBRARY_MARTS.POLITICS.POLITICS__FED_MEDSL_HOUSE_RETURNS,"374,229",by cycle,Medium — first probe query needed,"no query run yet, treat any first number as unverified"
87,Registered foreign lobbyists,Do they also personally donate to U.S. political campaigns?,Foreign influence question,Not checked yet,LIBRARY_RAW.LANDING.FED_FARA_BULK | LIBRARY_MARTS.FINANCE.FINANCE__FED_FEC_INDIV_CONTRIBUTIONS,"84,394,012",registration window,Medium — first probe query needed,"no query run yet, treat any first number as unverified"
88,People who run political nonprofits,Are the same people also treasurers of federal campaign committees?,Would show one person managing both a public and 'dark money' operation,Not checked yet,LIBRARY_MARTS.POLITICS.POLITICS__IRS527_DIRECTORS_OFFICERS | LIBRARY_MARTS.FINANCE.FINANCE__FED_FEC_COMMITTEES,"249,624",untimed,Medium — first probe query needed,"no query run yet, treat any first number as unverified"
89,State-level lobbyists,Do the same people wine and dine state lawmakers and donate federally?,Would show a two-level influence operation,Not checked yet,LIBRARY_MARTS.POLITICS.POLITICS__TX_LOBBY_COVER | LIBRARY_MARTS.POLITICS.POLITICS__CA_LOBBY_COVER | LIBRARY_MARTS.FINANCE.FINANCE__FED_FEC_INDIV_CONTRIBUTIONS,"84,980,743",by year,Medium — first probe query needed,"no query run yet, treat any first number as unverified"
90,"Government officials who leave for the private sector, or vice versa",Do agency contracts shift toward an official's old industry after they arrive?,"The 'revolving door' question, with real contract dollars",Not checked yet,LIBRARY_MARTS.GOVERNANCE.GOVERNANCE__FED_REVOLVINGDOOR_PROJECT | LIBRARY_RAW.LANDING.FED_USASPENDING_CONTRACTS_FULL_R2,"93,153,830",no dates landed,Medium — first probe query needed,"no query run yet, treat any first number as unverified"
91,Members of Congress,"Do they buy a stock, then introduce a bill that helps it?",A more specific insider-trading pattern,Not checked yet,LIBRARY_MARTS.FINANCE.FINANCE__FED_SENATE_STOCK_WATCHER | LIBRARY_RAW.LANDING.FED_GOVINFO_BILLSTATUS | LIBRARY_RAW.LANDING.FED_GOVINFO_BILL_COSPONSORS,"412,557",90-day window,Medium — first probe query needed,"no query run yet, treat any first number as unverified"
92,Congressional offices,Does office spending go to vendors who are also campaign donors?,Would show taxpayer money looping back to donors,Not checked yet,LIBRARY_RAW.LANDING.FED_HOUSE_DISBURSEMENTS | LIBRARY_MARTS.FINANCE.FINANCE__FED_FEC_INDIV_CONTRIBUTIONS,"89,086,588",by quarter,Medium — first probe query needed,"no query run yet, treat any first number as unverified"
93,Counties running elections,Do places with more rejected mail ballots overlap with high-incarceration areas?,Would connect two forms of disenfranchisement,"Not checked yet, missing a reference guide",LIBRARY_MARTS.POLITICS.POLITICS__FED_EAC_EAVS | LIBRARY_MARTS.JUSTICE.JUSTICE__XC_VERA_INCARCERATION_TRENDS | LIBRARY_MARTS.POLITICS.POLITICS__FED_MEDSL_HOUSE_RETURNS,"164,603",survey cycles,Medium — first probe query needed,"no query run yet, treat any first number as unverified"
94,Federal judges,Does a judge's political leaning or donations predict how they rule?,A long-debated fairness-of-the-courts question,Not checked yet,LIBRARY_MARTS.JUSTICE.JUSTICE__FED_COURTLISTENER_JUDGE_POLITICAL_AFFILIATIONS | LIBRARY_MARTS.FINANCE.FINANCE__FED_FEC_INDIV_CONTRIBUTIONS | LIBRARY_MARTS.JUSTICE.JUSTICE__FED_FJC_IDB_CIVIL,"95,037,994",by judge,Medium — first probe query needed,"no query run yet, treat any first number as unverified"
95,Federal judges,Do gifts or debts they report ever involve parties in their own courtroom?,Would be a direct conflict of interest,Not checked yet,LIBRARY_MARTS.JUSTICE.JUSTICE__FED_COURTLISTENER_DISCLOSURE_GIFTS | LIBRARY_MARTS.JUSTICE.JUSTICE__FED_COURTLISTENER_DISCLOSURE_DEBTS | LIBRARY_MARTS.JUSTICE.JUSTICE__FED_COURTLISTENER_DISCLOSURE_REIMBURSEMENTS,"54,272",disclosure years,Medium — first probe query needed,"no query run yet, treat any first number as unverified"
96,Communities that opted out of flood insurance,Do they still get disaster payouts for flood damage?,Would show a gap in the insurance system,Not checked yet,LIBRARY_MARTS.HOUSING.HOUSING__FED_FEMA_NFIP_COMMUNITY_STATUS_BOOK | LIBRARY_MARTS.HOUSING.HOUSING__FED_FEMA_IA_HOUSING_REGISTRATIONS,"26,276,045",per disaster,Medium — first probe query needed,"no query run yet, treat any first number as unverified"
97,Neighborhoods hit by disaster three or more times,Are they being rebuilt each time instead of relocated?,Would question the wisdom of repeatedly rebuilding in harm's way,Not checked yet,LIBRARY_MARTS.HOUSING.HOUSING__FED_FEMA_IA_HOUSING_REGISTRATIONS | LIBRARY_MARTS.HOUSING.HOUSING__FED_HUD_ASSISTED_HOUSING_PROJECTS | LIBRARY_MARTS.HOUSING.HOUSING__FED_USDA_RD_MFH_ACTIVE_PROJECTS,"26,300,071",2015+,Medium — first probe query needed,"no query run yet, treat any first number as unverified"
98,Nursing homes located near unsafe dams,Are any sitting downstream of a dam rated poor with no emergency plan?,Would be a public safety hazard nobody's tracking,Not checked yet,LIBRARY_MARTS.ENVIRONMENT.ENVIRONMENT__FED_NID_DAMS | LIBRARY_MARTS.HEALTH.HEALTH__FED_CMS_NURSING_HOME,"107,466",last inspection,Medium — first probe query needed,"no query run yet, treat any first number as unverified"
99,Mining companies,Do the ones with unsafe dams also have a pile of unpaid safety fines?,Would show a company ignoring safety on two fronts,Not checked yet,LIBRARY_MARTS.LABOR.LABOR__FED_MSHA_MINES | LIBRARY_MARTS.ENVIRONMENT.ENVIRONMENT__FED_NID_DAMS | LIBRARY_MARTS.LABOR.LABOR__FED_MSHA_VIOLATIONS,"3,271,937",current,Medium — first probe query needed,"no query run yet, treat any first number as unverified"
100,Companies that win disaster relief contracts,Did they spring up right after the disaster was declared?,Would show opportunists forming shell companies to grab relief money,Not checked yet,LIBRARY_RAW.LANDING.FED_USASPENDING_CONTRACTS_FULL_R2 | LIBRARY_MARTS.HOUSING.HOUSING__FED_FEMA_IA_HOUSING_REGISTRATIONS,"119,404,344",60-day window,Medium — first probe query needed,"no query run yet, treat any first number as unverified"
101,Counties hit hard by flooding,Are they still using outdated flood maps?,Would show regulators failing to update risk after real damage,Not checked yet,LIBRARY_MARTS.ENVIRONMENT.ENVIRONMENT__FED_NOAA_STORM_EVENTS | LIBRARY_MARTS.HOUSING.HOUSING__FED_FEMA_NFIP_COMMUNITY_STATUS_BOOK,"1,805,855",2015+,Medium — first probe query needed,"no query run yet, treat any first number as unverified"
102,"Counties with lots of oil, gas, and fracking activity",Do they also have the worst drinking water problems?,Would show industrial activity stacking up to hurt water quality,Not checked yet,LIBRARY_MARTS.ENVIRONMENT.ENVIRONMENT__FED_PHMSA_FLAGGED_INCIDENTS | LIBRARY_MARTS.ENVIRONMENT.ENVIRONMENT__FED_USGS_ORPHANED_OIL_GAS_WELLS | LIBRARY_MARTS.ENVIRONMENT.ENVIRONMENT__FED_FRACFOCUS_REGISTRY | LIBRARY_MARTS.ENVIRONMENT.ENVIRONMENT__FED_EPA_SDWA_SDWA_VIOLATIONS_ENFORCEMENT,"22,752,998",current,Medium — first probe query needed,"no query run yet, treat any first number as unverified"
103,Companies that report chemical or oil spills,Do they still win federal contracts afterward?,"Would show spillers getting rewarded, not penalized",Not checked yet,LIBRARY_MARTS.ENVIRONMENT.ENVIRONMENT__FED_USCG_NRC_INCIDENTS | LIBRARY_RAW.LANDING.FED_USASPENDING_CONTRACTS_FULL_R2 | LIBRARY_MARTS.PROCUREMENT.PROCUREMENT__FED_SAM_EXCLUSIONS,"94,350,772",same years,Medium — first probe query needed,"no query run yet, treat any first number as unverified"
104,Small aircraft owned by shell companies,Do the same addresses show up behind multiple fatal crashes?,Would show unsafe operators hiding behind shell companies,Not checked yet,LIBRARY_MARTS.TRANSPORT.TRANSPORT__FED_NTSB_AVIATION_EVENTS | LIBRARY_MARTS.TRANSPORT.TRANSPORT__FED_NTSB_AVIATION_AIRCRAFT | LIBRARY_MARTS.TRANSPORT.TRANSPORT__FED_FAA_AIRCRAFT_REGISTRY,"377,918",by event,Medium — first probe query needed,"no query run yet, treat any first number as unverified"
105,Railroad crossings,Do the same crossings get hit by trains again and again?,Would show known danger spots never getting fixed,"Not checked yet, no full list of crossings available",LIBRARY_MARTS.TRANSPORT.TRANSPORT__FED_FRA_CROSSING_INCIDENTS | LIBRARY_MARTS.TRANSPORT.TRANSPORT__FED_FRA_CASUALTIES,"1,401,937",2010+,Medium — first probe query needed,"no query run yet, treat any first number as unverified"
106,Counties that received huge amounts of prescription painkillers years ago,Are those same counties still struggling with opioids today?,Connects the historic pill flood to today's ongoing crisis,Not checked yet — sits in the single biggest untouched dataset,LIBRARY_RAW.LANDING.FED_DEA_ARCOS_FULL | LIBRARY_MARTS.HEALTH.HEALTH__FED_CDC_DRUG_POISONING_COUNTY | LIBRARY_MARTS.HEALTH.HEALTH__FED_CMS_PART_D_PRESCRIBERS,"180,068,296",2006-14 vs 2024,Medium — first probe query needed,sits in the single biggest untouched dataset
107,Drug distributors and the state lawsuits against them,Did the biggest distributors in a state match who actually got sued?,Would show whether settlements matched the actual harm done,Not checked yet,LIBRARY_RAW.LANDING.FED_DEA_ARCOS_FULL | LIBRARY_MARTS.LEGAL_ENFORCEMENT.LEGAL_ENFORCEMENT__FED_NAAG_MULTISTATE_SETTLEMENTS,"178,598,908",2006-14 vs settlement year,Medium — first probe query needed,"no query run yet, treat any first number as unverified"
108,Surgeons paid royalties on medical devices,Were they still being paid after their device got recalled?,Would show money continuing after a product proved unsafe,Not checked yet,LIBRARY_MARTS.HEALTH.HEALTH__FED_FDA_DEVICE_ENFORCEMENT | LIBRARY_MARTS.HEALTH.HEALTH__FED_FDA_DEVICE_510K | LIBRARY_MARTS.HEALTH.HEALTH__FED_CMS_OPEN_PAYMENTS,"15,600,368",around recall date,Medium — first probe query needed,"no query run yet, treat any first number as unverified"
109,Medical devices approved through a faster review process,Do they have more reported deaths than devices reviewed the normal way?,Would question whether faster approval means less safe,Not checked yet,LIBRARY_MARTS.HEALTH.HEALTH__FED_FDA_MAUDE | LIBRARY_MARTS.HEALTH.HEALTH__FED_FDA_DEVICE_510K,"2,919,247",2020+,Medium — first probe query needed,"no query run yet, treat any first number as unverified"
110,Generic drugs with a sudden price spike,Do the same doctors' prescribing costs jump right along with it?,Would show someone profiting off a price spike,Not checked yet,LIBRARY_RAW.LANDING.FED_CMS_NADAC | LIBRARY_MARTS.HEALTH.HEALTH__FED_NLM_DAILYMED_SPL_SETID_MAP | LIBRARY_RAW.LANDING.FED_CMS_PARTD_PRESCRIBER_DRUG,"27,525,898",effective dates,Medium — first probe query needed,"no query run yet, treat any first number as unverified"
111,Native American tribal health facilities,Did their nearest full-service hospital shut down?,Would show a already-underserved population losing more care,Not checked yet,LIBRARY_MARTS.HEALTH.HEALTH__FED_IHS_FACILITIES | LIBRARY_MARTS.HEALTH.HEALTH__FED_IHS_SCB_FACILITY | LIBRARY_MARTS.HEALTH.HEALTH__FED_CMS_POS_OTHER,"54,168",2015+,Medium — first probe query needed,"no query run yet, treat any first number as unverified"
112,Universities and small research companies with big federal grants,Do the ones with more retracted (fake or flawed) studies keep getting funded?,Would question the return on public research money,Not checked yet,LIBRARY_MARTS.SCIENCE_RESEARCH.SCIENCE_RESEARCH__FED_NIH_REPORTER | LIBRARY_MARTS.SCIENCE_RESEARCH.SCIENCE_RESEARCH__FED_SBIR_STTR_AWARDS | LIBRARY_MARTS.SCIENCE_RESEARCH.SCIENCE_RESEARCH__FED_RETRACTION_WATCH,"2,413,705",by year,Medium — first probe query needed,"no query run yet, treat any first number as unverified"
113,Drugs and devices under mass lawsuit,Are companies still paying doctors to promote them?,Would show payments continuing despite known harm claims,Not checked yet,LIBRARY_MARTS.JUSTICE.JUSTICE__FED_JPML_PENDING_MDLS | LIBRARY_MARTS.HEALTH.HEALTH__FED_CMS_OPEN_PAYMENTS,"15,385,209",after MDL date,Medium — first probe query needed,"no query run yet, treat any first number as unverified"
114,Workplaces with rising injury rates,Are they going uninspected for years at a time?,Would show safety regulators missing obvious warning signs,Not checked yet,LIBRARY_MARTS.LABOR.LABOR__FED_OSHA_ITA_300A_SUMMARY_2024 | LIBRARY_MARTS.ECONOMICS.ECONOMICS__FED_DOL_OSHA_INSPECTIONS | LIBRARY_MARTS.ECONOMICS.ECONOMICS__FED_BLS_QCEW,"9,214,469",three years,Medium — first probe query needed,"no query run yet, treat any first number as unverified"
115,Mining companies with big unpaid safety fines,Do accidents happen at their mines afterward?,Would connect ignoring fines to real harm,Not checked yet,LIBRARY_MARTS.LABOR.LABOR__FED_MSHA_VIOLATIONS | LIBRARY_MARTS.LABOR.LABOR__FED_MSHA_ACCIDENTS,"3,360,888",before/after,Medium — first probe query needed,"no query run yet, treat any first number as unverified"
116,Employers who sponsor immigrant work visas,Do they pay the legal minimum wage and also rack up serious safety violations?,Would show a workforce being underpaid and put at risk,Not checked yet,LIBRARY_MARTS.IMMIGRATION.IMMIGRATION__FED_DOL_OFLC | LIBRARY_MARTS.ECONOMICS.ECONOMICS__FED_DOL_OSHA_INSPECTIONS | LIBRARY_MARTS.PROCUREMENT.PROCUREMENT__FED_SAM_EXCLUSIONS,"6,029,356",by year,Medium — first probe query needed,"no query run yet, treat any first number as unverified"
117,Nursing homes that got pandemic relief loans,Did the same ones get hit with health and safety fines?,Would show relief money not preventing bad care,Not checked yet,LIBRARY_MARTS.ECONOMICS.ECONOMICS__FED_SBA_PPP | LIBRARY_MARTS.HEALTH.HEALTH__FED_CMS_SKILLED_NURSING_FACILITY_ENROLLMENTS | LIBRARY_MARTS.HEALTH.HEALTH__FED_CMS_NURSING_HOME_PENALTIES,"999,129",2020-21 vs fines,Medium — first probe query needed,"no query run yet, treat any first number as unverified"
118,Banks that make small business loans,Do the ones with the worst loan losses also have enforcement actions against them?,Would show risky lenders getting away with it,Dead end — the enforcement dataset only has 14 records total,LIBRARY_MARTS.ECONOMICS.ECONOMICS__FED_SBA_LOANS | LIBRARY_RAW.LANDING.FED_FDIC_ENFORCEMENT,"2,174,516",by year,Skip — already ruled out,the enforcement dataset only has 14 records total
119,Companies running immigration detention centers,"How much do they get paid per day, per detained person?",Basic transparency on a government spending question,"Not checked yet, and would stay big-picture only",LIBRARY_MARTS.IMMIGRATION.IMMIGRATION__FED_ICE_DETENTION_STINTS | LIBRARY_MARTS.IMMIGRATION.IMMIGRATION__FED_ICE_DETENTION_FACILITY_CODES | LIBRARY_RAW.LANDING.FED_USASPENDING_CONTRACTS_FULL_R2,"95,726,889",by year,Medium — first probe query needed,"no query run yet, treat any first number as unverified"
120,Counties with lots of ICE detainer requests,Do they also have high jail populations generally?,Tests whether immigration enforcement tracks with broader incarceration,"Not checked yet, and the data is thin",LIBRARY_MARTS.IMMIGRATION.IMMIGRATION__FED_ICE_DETAINERS | LIBRARY_MARTS.JUSTICE.JUSTICE__XC_VERA_INCARCERATION_TRENDS,"738,276",by year,Medium — first probe query needed,"no query run yet, treat any first number as unverified"
121,People named in the Panama Papers-style offshore leaks,Are any of them U.S. doctors or political donors?,Would connect offshore secrecy to domestic money and medicine,Not checked yet,LIBRARY_MARTS.CORPORATE_REGISTRY.CORPORATE_REGISTRY__FED_ICIJ_OFFSHORELEAKS_OFFICERS | LIBRARY_MARTS.FINANCE.FINANCE__FED_FEC_INDIV_CONTRIBUTIONS | LIBRARY_MARTS.HEALTH.HEALTH__FED_CMS_OPEN_PAYMENTS,"100,328,474",untimed,Medium — first probe query needed,"no query run yet, treat any first number as unverified"
122,People who control companies registered in the U.K.,Are any of them under U.S. or international sanctions?,Would show sanctioned people still running real companies,Not checked yet,LIBRARY_MARTS.CORPORATE_REGISTRY.CORPORATE_REGISTRY__UK_COMPANIES_HOUSE_PSC | LIBRARY_MARTS.JUSTICE.JUSTICE__INTL_OPENSANCTIONS_DEFAULT | LIBRARY_MARTS.JUSTICE.JUSTICE__FED_OFAC_SDN,"17,105,571",notified/ceased dates,Medium — first probe query needed,"no query run yet, treat any first number as unverified"
123,U.S. banks and polluters with unclear corporate parents,Who's the real parent company hiding behind them?,Would unmask ownership nobody discloses,Not checked yet,LIBRARY_MARTS.ECONOMICS.ECONOMICS__INTL_GLEIF_REPEX | LIBRARY_MARTS.ECONOMICS.ECONOMICS__INTL_GLEIF | LIBRARY_MARTS.HOUSING.HOUSING__FED_CFPB_HMDA_ARID2017_LEI_XREF | LIBRARY_MARTS.ENVIRONMENT.ENVIRONMENT__XC_EPA_CORPORATE_CROSSWALK,"15,001,221",current,Medium — first probe query needed,"no query run yet, treat any first number as unverified"
124,Wealthy nonprofit hospitals,How much do they pay their top executives?,Extends the charity-care question with executive pay,Dead end — the pay data isn't in a usable format yet,LIBRARY_MARTS.ECONOMICS.ECONOMICS__FED_IRS_BMF | LIBRARY_MARTS.ECONOMICS.ECONOMICS__FED_IRS_990_EFILE_INDEX,"7,519,456",n/a,Skip — already ruled out,the pay data isn't in a usable format yet
125,Political nonprofits that lost their tax status,Are they still operating and filing paperwork as if nothing happened?,Would show a compliance gap,Not checked yet,LIBRARY_MARTS.POLITICS.POLITICS__IRS527_8871_ORGS | LIBRARY_MARTS.ECONOMICS.ECONOMICS__FED_IRS_AUTO_REVOCATIONS | LIBRARY_MARTS.POLITICS.POLITICS__IRS527_8872_REPORTS,"1,340,465",after revocation,Medium — first probe query needed,"no query run yet, treat any first number as unverified"
126,Mortgage lenders,Do consumer complaints about them pile up before regulators catch on?,Would show early warning signs being ignored,"Not checked yet, and one part of the check is a dead end",LIBRARY_MARTS.CONSUMER_PROTECTION.CONSUMER_PROTECTION__FED_CFPB_COMPLAINTS | LIBRARY_MARTS.HOUSING.HOUSING__FED_CFPB_HMDA_ARID2017_LEI_XREF,"17,173,686",monthly,Skip — already ruled out,"no query run yet, treat any first number as unverified"
127,Bank branches in historically redlined neighborhoods,Are banks pulling branches out of those neighborhoods over time?,Would show ongoing banking abandonment of Black and Latino areas,Not checked yet,LIBRARY_MARTS.FINANCE.FINANCE__FED_FDIC_SOD_BRANCH_DEPOSITS | LIBRARY_MARTS.HOUSING.HOUSING__FED_MAPPING_INEQUALITY,"2,824,132",survey years,Medium — first probe query needed,"no query run yet, treat any first number as unverified"
128,Home loan banks and their member banks,Were failed banks still active members right up until they collapsed?,Would question the system's early warning ability,"Partially checked, one piece of the puzzle is a dead end",LIBRARY_MARTS.FINANCE.FINANCE__FED_FHFA_FHLB_MEMBERSHIP | LIBRARY_MARTS.ECONOMICS.ECONOMICS__FED_FDIC_FAILED_BANKS,"9,911",at failure,Skip — already ruled out,
129,Car makes and models,Do complaints pile up for years before an official recall happens?,Would show manufacturers slow-walking known safety issues,Not checked yet,LIBRARY_MARTS.CONSUMER_SAFETY.CONSUMER_SAFETY__FED_NHTSA_COMPLAINTS | LIBRARY_MARTS.CONSUMER_SAFETY.CONSUMER_SAFETY__FED_NHTSA_RECALLS,"2,469,802",lag years,Medium — first probe query needed,"no query run yet, treat any first number as unverified"
130,Subsidized apartment buildings,Are their affordability contracts expiring in fast-gentrifying areas?,Would show low-income housing about to disappear where it's needed most,Not checked yet,LIBRARY_MARTS.HOUSING.HOUSING__FED_HUD_MF_SECTION8_CONTRACTS | LIBRARY_MARTS.HOUSING.HOUSING__FED_FHFA_HPI,"209,116",2026-28,Medium — first probe query needed,"no query run yet, treat any first number as unverified"
131,Mortgage lenders using a government-backed loan program,Do they charge higher rates in historically redlined neighborhoods?,Would extend the redlining story into today's lending,Not checked yet,LIBRARY_MARTS.HOUSING.HOUSING__FED_HUD_FHA_SF_PORTFOLIO_SNAPSHOT | LIBRARY_MARTS.HOUSING.HOUSING__FED_MAPPING_INEQUALITY | LIBRARY_MARTS.HOUSING.HOUSING__FED_CFPB_HMDA_HISTORIC,"45,055,469",one month,Medium — first probe query needed,"no query run yet, treat any first number as unverified"
132,Neighborhoods hit by disasters,Do bankruptcy filings spike in the year after?,Would show disasters pushing families into financial collapse,Not checked yet,LIBRARY_MARTS.JUSTICE.JUSTICE__FED_FJC_IDB_BANKRUPTCY | LIBRARY_MARTS.HOUSING.HOUSING__FED_FEMA_IA_HOUSING_REGISTRATIONS,"33,216,361",12 months after,Medium — first probe query needed,"no query run yet, treat any first number as unverified"
133,Nursing home chains,Do the most-sued chains also get the most fines?,Tests if lawsuits and regulatory fines target the same bad actors,Not checked yet,LIBRARY_MARTS.JUSTICE.JUSTICE__FED_FJC_IDB_CIVIL | LIBRARY_MARTS.HEALTH.HEALTH__FED_NURSINGHOME411 | LIBRARY_MARTS.HEALTH.HEALTH__FED_CMS_NURSING_HOME_PENALTIES,"10,888,289",by year,Medium — first probe query needed,"no query run yet, treat any first number as unverified"
134,People convicted of health care fraud,Are they still allowed to work in health care because they were never formally banned?,Would show a gap between conviction and consequence,Not checked yet,LIBRARY_MARTS.JUSTICE.JUSTICE__FED_FJC_IDB_CRIMINAL | LIBRARY_MARTS.HEALTH.HEALTH__FED_HHS_OIG_LEIE,"6,383,655",judgment to exclusion,Medium — first probe query needed,"no query run yet, treat any first number as unverified"
135,Hospitals hit by ransomware attacks,Does patient care quality drop afterward?,Would show cyberattacks having real medical consequences,Not checked yet,LIBRARY_MARTS.JUSTICE.JUSTICE__XC_RANSOMWARELIVE_VICTIMS | LIBRARY_MARTS.HEALTH.HEALTH__FED_CMS_HOSPITAL_GENERAL | LIBRARY_MARTS.HEALTH.HEALTH__FED_NURSINGHOME411,"50,806",attack date on,Medium — first probe query needed,"no query run yet, treat any first number as unverified"
136,Government tech vendors,Do the ones with the most known security flaws still win contracts?,Would show government still paying risky vendors,Not checked yet,LIBRARY_MARTS.JUSTICE.JUSTICE__FED_CISA_KEV | LIBRARY_RAW.LANDING.FED_USASPENDING_CONTRACTS_FULL_R2,"93,155,098",by year,Medium — first probe query needed,"no query run yet, treat any first number as unverified"
137,Ships owned by sanctioned entities,Are any of them showing up at U.S. ports anyway?,Would be a sanctions violation happening in plain sight,Not checked yet,LIBRARY_MARTS.JUSTICE.JUSTICE__FED_OFAC_SDN | LIBRARY_RAW.LANDING.FED_NOAA_AIS,"58,125,631",after designation,Medium — first probe query needed,"no query run yet, treat any first number as unverified"
138,Police departments,Do the ones involved in the most killings still get the most federal grant money?,Would question how federal funding is allocated,"Not checked yet, and the money data is limited",LIBRARY_MARTS.JUSTICE.JUSTICE__XC_MAPPING_POLICE_VIOLENCE | LIBRARY_RAW.LANDING.FED_USASPENDING_ASSISTANCE_FULL,"19,918,355",by year,Medium — first probe query needed,"no query run yet, treat any first number as unverified"
139,Gun dealers,Are more dealers in an area linked to more gun deaths?,Tests a long-running gun policy question,"Partially checked, real signal found",LIBRARY_MARTS.JUSTICE.JUSTICE__FED_ATF_FFL | LIBRARY_MARTS.JUSTICE.JUSTICE__FED_FBI_NICS_CHECKS | LIBRARY_MARTS.HEALTH.HEALTH__FED_CDC_INJURY_VIOLENCE_COUNTY,"225,959",state level,"Medium — partial run, needs finishing",
140,Owners of the most polluting power plants,Which investment funds and political donors are behind them?,Would trace pollution back to who actually profits,Not checked yet,LIBRARY_MARTS.ENVIRONMENT.ENVIRONMENT__FED_EPA_EGRID_PLANT_2022 | LIBRARY_MARTS.ENERGY.ENERGY__FED_EIA860_4_OWNER | LIBRARY_RAW.LANDING.FED_SEC_13F_POSITIONS | LIBRARY_MARTS.POLITICS.POLITICS__FED_FEC_PAC_SUMMARY,"3,886,063",2022,Medium — first probe query needed,"no query run yet, treat any first number as unverified"
141,Power utility companies,Do the ones with the worst storm outages also charge the highest rates?,Would show customers paying more for worse service,Not checked yet,LIBRARY_MARTS.ENERGY.ENERGY__FED_EIA861_RELIABILITY | LIBRARY_MARTS.ENERGY.ENERGY__FED_EIA861_SERVICE_TERRITORY | LIBRARY_MARTS.ENVIRONMENT.ENVIRONMENT__FED_NOAA_STORM_EVENTS | LIBRARY_MARTS.ENERGY.ENERGY__FED_EIA861_SALES_ULT_CUST,"1,796,291",by year,Medium — first probe query needed,"no query run yet, treat any first number as unverified"
142,Industrial facilities,Do some have pollution spikes that never trigger a violation?,Would show gaps in pollution enforcement,Not checked yet,LIBRARY_RAW.LANDING.FED_EPA_CAMPD_EMISSIONS_DAILY | LIBRARY_MARTS.ENVIRONMENT.ENVIRONMENT__FED_EPA_ICIS_AIR_ICIS_AIR_VIOLATION_HISTORY | LIBRARY_MARTS.ENVIRONMENT.ENVIRONMENT__FED_EPA_AQS_SITES,"16,637,002",daily,Medium — first probe query needed,"no query run yet, treat any first number as unverified"
143,Companies running clinical drug trials,Are they paying the same doctors running the trial to also promote the drug?,Would be a conflict of interest in drug testing,Dead end — the detailed trial data isn't loaded,LIBRARY_MARTS.HEALTH.HEALTH__FED_CLINICALTRIALS | LIBRARY_MARTS.HEALTH.HEALTH__FED_CMS_OPEN_PAYMENTS,"15,385,547",n/a,Skip — already ruled out,the detailed trial data isn't loaded
144,Immigration court judges,Do outcomes vary a lot by judge and detention facility?,Would show inconsistent justice depending who you get,Dead end — the case data isn't usable yet,LIBRARY_MARTS.IMMIGRATION.IMMIGRATION__FED_EOIR_CASE_DATA,"12,631,225",n/a,Skip — already ruled out,the case data isn't usable yet
A32,Banned health care companies and political donors,Do banned companies' owners also donate to political campaigns?,Would connect fraud money to political influence,Not checked yet,LIBRARY_MARTS.HEALTH.HEALTH__FED_HHS_OIG_LEIE | LIBRARY_MARTS.PROCUREMENT.PROCUREMENT__FED_SAM_EXCLUSIONS | LIBRARY_MARTS.FINANCE.FINANCE__FED_FEC_INDIV_CONTRIBUTIONS,"84,424,187",untimed,Medium — first probe query needed,"no query run yet, treat any first number as unverified"
A33,Private equity nursing home owners,Do the worst-fined chains also run a political action committee?,Would show fined companies buying political protection,Not checked yet,LIBRARY_MARTS.HEALTH.HEALTH__FED_NURSINGHOME411 | LIBRARY_MARTS.FINANCE.FINANCE__FED_FEC_COMMITTEES,"74,744",untimed,Medium — first probe query needed,"no query run yet, treat any first number as unverified"
A34,Members of Congress and pollution in their district,Do polluted districts get less help from their representative?,Would show political neglect of poisoned communities,Not checked yet,LIBRARY_RAW.LANDING.FED_HOUSE_DISBURSEMENTS | LIBRARY_MARTS.ENVIRONMENT.ENVIRONMENT__FED_EPA_TRI_FACILITY | LIBRARY_MARTS.HOUSING.HOUSING__FED_MAPPING_INEQUALITY,"4,980,621",untimed,Medium — first probe query needed,"no query run yet, treat any first number as unverified"
A35,Members of Congress and their stock trades,Do members trade stock in industries their committee oversees?,This is the classic 'insider trading in Congress' question,Not checked yet,LIBRARY_RAW.LANDING.FED_HOUSE_FD_PTR_INDEX | LIBRARY_MARTS.POLITICS.POLITICS__FED_CONGRESS_COMMITTEE_MEMBERSHIP,"45,762",untimed,Medium — first probe query needed,"no query run yet, treat any first number as unverified"
A36,Fraud-flagged health industries and political donations,Do the industries caught defrauding Medicare fund the committees that oversee Medicare?,Would show the fox funding the henhouse,Not checked yet,LIBRARY_MARTS.FINANCE.FINANCE__FED_FEC_COMMITTEE_TO_CANDIDATE | LIBRARY_MARTS.POLITICS.POLITICS__FED_CONGRESS_COMMITTEE_MEMBERSHIP,"870,609",untimed,Medium — first probe query needed,"no query run yet, treat any first number as unverified"
A37,People under U.S. or international sanctions,Do sanctioned individuals still show up as political donors?,Would be a serious legal and ethics violation,Not checked yet,LIBRARY_MARTS.JUSTICE.JUSTICE__FED_OFAC_SDN | LIBRARY_RAW.LANDING.INTL_UN_CONSOLIDATED_SANCTIONS | LIBRARY_MARTS.JUSTICE.JUSTICE__INTL_UK_SANCTIONS_LIST | LIBRARY_MARTS.FINANCE.FINANCE__FED_FEC_INDIV_CONTRIBUTIONS,"84,250,573",untimed,Medium — first probe query needed,"no query run yet, treat any first number as unverified"
E32,Counties hit by floods,Do drinking water violations spike after a flood?,Would show disaster damage hitting the water supply,Dead end nationally — only true in two states,LIBRARY_MARTS.ENVIRONMENT.ENVIRONMENT__FED_EPA_SDWA_SDWA_VIOLATIONS_ENFORCEMENT | LIBRARY_MARTS.HOUSING.HOUSING__FED_FEMA_IA_HOUSING_REGISTRATIONS,"41,683,657",2015-2024,Skip — already ruled out,only true in two states
E33,Sewage treatment plants after storms,Do they violate pollution rules more right after a storm?,Would show storms overwhelming sewage systems,"Real but small, and it flips the wrong direction for related permits",LIBRARY_MARTS.ENVIRONMENT.ENVIRONMENT__FED_EPA_NPDES_NPDES_QNCR_HISTORY | LIBRARY_MARTS.ENVIRONMENT.ENVIRONMENT__FED_NOAA_STORM_EVENTS,"9,732,386",quarterly,"Medium — partial run, needs finishing",
E34,Counties with hazardous waste sites,Do they have more drug overdose deaths?,Would link toxic waste to community despair,Dead end — no real relationship found,LIBRARY_MARTS.ENVIRONMENT.ENVIRONMENT__FED_EPA_RCRA_RCRA_VIOLATIONS | LIBRARY_MARTS.HEALTH.HEALTH__FED_CDC_DRUG_POISONING_COUNTY,"761,501",2003-2015,Skip — already ruled out,no real relationship found
E35,States that decriminalized drugs,Did overdose deaths rise where jails emptied out?,Tests a real policy debate with real data,One state (Washington) shows a strong pattern; nationally it's not clear,LIBRARY_MARTS.JUSTICE.JUSTICE__XC_VERA_INCARCERATION_TRENDS | LIBRARY_MARTS.HEALTH.HEALTH__FED_CDC_INJURY_VIOLENCE_COUNTY,"260,507",2019-2024,"Medium — partial run, needs finishing",
E36,Counties hit by major disasters,Does overdose death rise after a disaster?,Would show disaster trauma driving addiction,Dead end — no pattern found,LIBRARY_MARTS.HOUSING.HOUSING__FED_FEMA_IA_HOUSING_REGISTRATIONS | LIBRARY_MARTS.HEALTH.HEALTH__FED_CDC_INJURY_VIOLENCE_COUNTY,"26,382,920",2019-2024,Skip — already ruled out,no pattern found
E37,Doctors and the drug industry money they get,Does a pay raise from a drug company lead to more prescriptions?,The classic 'paid to prescribe' question,Not on prescriptions — the money is mostly stock deals and consulting fees,LIBRARY_MARTS.HEALTH.HEALTH__FED_CMS_OPEN_PAYMENTS_2023 | LIBRARY_MARTS.HEALTH.HEALTH__FED_CMS_OPEN_PAYMENTS | LIBRARY_MARTS.HEALTH.HEALTH__FED_CMS_PART_D_PRESCRIBERS,"31,502,716",PY2023-24,"Medium — partial run, needs finishing",the money is mostly stock deals and consulting fees
E38,Doctors who've opted out of Medicare,Are drug and device companies still paying them anyway?,Opting out doesn't mean stepping away from industry money,Confirmed — $70.8 million paid to opted-out doctors,LIBRARY_MARTS.HEALTH.HEALTH__FED_CMS_OPT_OUT_AFFIDAVITS | LIBRARY_MARTS.HEALTH.HEALTH__FED_CMS_OPEN_PAYMENTS,"15,442,256",PY2023,Quick — re-run and check the number,$70.8 million paid to opted-out doctors
E39,Nurse practitioners paid by opioid makers,Do the paid ones prescribe way more opioids than unpaid ones?,Would show money buying opioid prescriptions directly,Confirmed — paid ones prescribe opioids at a much higher rate,LIBRARY_MARTS.HEALTH.HEALTH__FED_CMS_OPEN_PAYMENTS | LIBRARY_MARTS.HEALTH.HEALTH__FED_CMS_PART_D_PRESCRIBERS,"16,801,930",two years,Quick — re-run and check the number,paid ones prescribe opioids at a much higher rate
E40,Very newly licensed doctors,Are brand-new doctors billing Medicare for millions in expensive wound-care products?,"Would be a fast-growing, hard-to-catch fraud scheme","Confirmed — $1.35 billion in billing, concentrated fast",LIBRARY_MARTS.HEALTH.HEALTH__FED_CMS_NPPES | LIBRARY_MARTS.HEALTH.HEALTH__FED_CMS_MEDICARE_PHYSICIAN_OTHER_PRACTITIONERS_BY_PROVIDER_AND_SERVI,"19,388,356",DY2024,Quick — re-run and check the number,"$1.35 billion in billing, concentrated fast"
E41,Doctors banned from Medicare,Can hospitals still legally order tests and equipment through them?,Would show a loophole letting banned doctors keep working,Confirmed — 7 doctors doing exactly this,LIBRARY_MARTS.HEALTH.HEALTH__FED_HHS_OIG_LEIE | LIBRARY_MARTS.HEALTH.HEALTH__FED_CMS_ORDER_AND_REFERRING,"2,102,101",snapshot,Quick — re-run and check the number,7 doctors doing exactly this
E42,Doctors who are officially dead or retired in the records,Is drug industry money still being sent to them?,Would show sloppy or fraudulent payment records,"Confirmed — $4.2 million, mostly to just 10 people",LIBRARY_MARTS.HEALTH.HEALTH__FED_CMS_NPPES | LIBRARY_MARTS.HEALTH.HEALTH__FED_CMS_OPEN_PAYMENTS,"24,991,730",PY2024,Quick — re-run and check the number,"$4.2 million, mostly to just 10 people"
E43,Hospitals that get sold,Were they already losing money before the sale?,Would show a pattern of dumping failing hospitals,Confirmed — 60% of sold hospitals were losing money first,LIBRARY_MARTS.HEALTH.HEALTH__FED_CMS_HCRIS | LIBRARY_MARTS.HEALTH.HEALTH__FED_CMS_POS_OTHER,"50,532",FY2022-24,Quick — re-run and check the number,60% of sold hospitals were losing money first
E44,One nursing home chain (Bria) already flagged as bad,Did its safety violations get worse right before the fines hit?,Adds a timeline to an already-known bad actor,Confirmed with a clear timeline,LIBRARY_MARTS.HEALTH.HEALTH__FED_CMS_NURSING_HOME_DEFICIENCIES | LIBRARY_MARTS.HEALTH.HEALTH__FED_CMS_NURSING_HOME_PENALTIES,"434,659",2023-2025,Quick — re-run and check the number,
E45,Nursing homes after storms,Do safety violations spike after a storm hits the area?,Would show storms exposing nursing home neglect,No real effect — storms barely move the number,LIBRARY_MARTS.HEALTH.HEALTH__FED_CMS_NURSING_HOME_DEFICIENCIES | LIBRARY_MARTS.ENVIRONMENT.ENVIRONMENT__FED_NOAA_STORM_EVENTS,"2,199,209",event windows,"Medium — partial run, needs finishing",storms barely move the number
E46,Owners who run three types of care facility at once,Are these 'triple owners' actually better or worse than others?,Tests whether bigger ownership means better or worse care,"Turned out to be about nonprofit vs. for-profit, not size",LIBRARY_MARTS.HEALTH.HEALTH__FED_CMS_FACILITY_AFFILIATION | LIBRARY_MARTS.HEALTH.HEALTH__FED_NURSINGHOME411,"2,274,906",snapshot,"Medium — partial run, needs finishing",
E47,Rural hospitals that convert to a smaller emergency-only model,Were they already in financial trouble before converting?,Would show the conversion program catching hospitals as they fail,Confirmed — 84% were losing money first,LIBRARY_MARTS.HEALTH.HEALTH__FED_CMS_HCRIS | LIBRARY_MARTS.HEALTH.HEALTH__FED_CMS_POS_OTHER,"50,532",last full year,Quick — re-run and check the number,84% were losing money first
E48,Hospitals that shut down,Were their financial reports already bad beforehand?,Would let regulators predict closures before they happen,Confirmed — 68% were already losing money,LIBRARY_MARTS.HEALTH.HEALTH__FED_CMS_HCRIS | LIBRARY_MARTS.HEALTH.HEALTH__FED_CMS_POS_OTHER,"50,532",2024-26,Quick — re-run and check the number,68% were already losing money
E49,Banned companies,Did they win government contracts specifically during their ban?,"A tighter, dated version of #15","Confirmed, but the dollar amount is small",LIBRARY_MARTS.PROCUREMENT.PROCUREMENT__FED_SAM_EXCLUSIONS | LIBRARY_RAW.LANDING.FED_USASPENDING_CONTRACTS_FULL_R2,"93,321,752",timed,Quick — re-run and check the number,
E50,Areas hit by disasters,"Do new health care businesses pop up right after, chasing relief money?",Would show opportunists rushing in after disasters,Dead end — the boom already existed before the disaster,LIBRARY_MARTS.HEALTH.HEALTH__FED_CMS_HOME_HEALTH_AGENCY_ENROLLMENTS | LIBRARY_MARTS.HOUSING.HOUSING__FED_FEMA_IA_HOUSING_REGISTRATIONS,"26,262,428",DiD,Skip — already ruled out,the boom already existed before the disaster
E51,Areas newly labeled as short on doctors,Does that label actually bring in more clinics?,Tests if a government designation does what it claims,"Unclear, could go either way",LIBRARY_MARTS.HEALTH.HEALTH__FED_HRSA_HPSA_PRIMARY_CARE | LIBRARY_MARTS.HEALTH.HEALTH__FED_HRSA_UDS_SERVICE_DELIVERY_SITES,"98,196",DiD,"Medium — partial run, needs finishing",
E52,Counties with high jail populations,"Do wages, suicide, and overdose rates all get worse there?",Tests a broad 'incarceration damages a whole county' theory,Weak — mostly just wages showed a real effect,LIBRARY_MARTS.JUSTICE.JUSTICE__XC_VERA_INCARCERATION_TRENDS | LIBRARY_MARTS.ECONOMICS.ECONOMICS__FED_BLS_QCEW | LIBRARY_MARTS.HEALTH.HEALTH__FED_CDC_INJURY_VIOLENCE_COUNTY,"3,879,944",one year wage,"Medium — partial run, needs finishing",mostly just wages showed a real effect
E53,Poor and minority neighborhoods with water violations,Do they get penalized less often than other neighborhoods?,Would show unequal enforcement of environmental law,Opposite of expected — those areas are actually penalized less,LIBRARY_MARTS.ENVIRONMENT.ENVIRONMENT__FED_EPA_ECHO | LIBRARY_MARTS.CORE.DIM_TRACT,"3,220,945",snapshot,"Medium — partial run, needs finishing",those areas are actually penalized less
E54,Factories that violate air pollution rules,Do they pay workers less than clean factories?,Tests if pollution and low wages travel together,Dead end — turned out to be about oil refineries specifically,LIBRARY_MARTS.ENVIRONMENT.ENVIRONMENT__FED_EPA_ICIS_AIR_ICIS_AIR_VIOLATION_HISTORY | LIBRARY_MARTS.ECONOMICS.ECONOMICS__FED_BLS_QCEW,"3,721,474",one year,Skip — already ruled out,turned out to be about oil refineries specifically
E55,Subsidized housing near polluting or noncompliant sites,Is poor housing placed disproportionately near hazards?,Would show poor communities steered toward danger,Dead end — no real pattern once population size is accounted for,LIBRARY_MARTS.HOUSING.HOUSING__FED_HUD_ASSISTED_HOUSING_PROJECTS | LIBRARY_MARTS.ENVIRONMENT.ENVIRONMENT__FED_EPA_ECHO | LIBRARY_MARTS.ENVIRONMENT.ENVIRONMENT__FED_EPA_SDWA_SDWA_VIOLATIONS_ENFORCEMENT,"18,603,892",snapshot,Skip — already ruled out,no real pattern once population size is accounted for
E56,Doctors getting Medicare bonuses,Do bonus and non-bonus doctors get similar industry money?,A stricter version of #19,No difference found,LIBRARY_MARTS.HEALTH.HEALTH__FED_CMS_QUALITY_PAYMENT_PROGRAM_EXPERIENCE | LIBRARY_MARTS.HEALTH.HEALTH__FED_CMS_OPEN_PAYMENTS,"15,888,964",PY2024,"Medium — partial run, needs finishing",
E57,Doctors who bill Medicare the most,Are they also the ones industry pays the most?,Volume and money moving together is a red flag,"Confirmed — a real, meaningful overlap",LIBRARY_MARTS.HEALTH.HEALTH__FED_CMS_MEDICARE_PHYSICIAN_OTHER_PRACTITIONERS_BY_PROVIDER | LIBRARY_MARTS.HEALTH.HEALTH__FED_CMS_OPEN_PAYMENTS,"16,681,786",DY2024,Quick — re-run and check the number,"a real, meaningful overlap"
E58,U.S. states,Do states with more malpractice payouts also get more industry money?,Tests a state-level backdrop theory,Dead end — the comparison method itself was flawed,LIBRARY_MARTS.HEALTH.HEALTH__FED_HRSA_NPDB | LIBRARY_MARTS.HEALTH.HEALTH__FED_CMS_QUALITY_PAYMENT_PROGRAM_EXPERIENCE | LIBRARY_MARTS.HEALTH.HEALTH__FED_CMS_OPEN_PAYMENTS_2023,"17,115,888",2022-24,Skip — already ruled out,the comparison method itself was flawed
E59,The highest-paid hospitals,Do they have the worst quality ratings?,Would show money not buying better care,No relationship found,LIBRARY_MARTS.HEALTH.HEALTH__FED_CMS_MEDICARE_INPATIENT_HOSPITALS_BY_PROVIDER | LIBRARY_MARTS.HEALTH.HEALTH__FED_CMS_HOSPITAL_GENERAL,"8,476",one year,"Medium — partial run, needs finishing",
E60,Dialysis patients in counties with bad drinking water,Do they die at a higher rate?,Would connect water quality to dialysis patient survival,"Real but modest signal, worth a deeper look",LIBRARY_MARTS.HEALTH.HEALTH__FED_CMS_MEDICARE_DIALYSIS_FACILITIES | LIBRARY_MARTS.ENVIRONMENT.ENVIRONMENT__FED_EPA_SDWA_SDWA_VIOLATIONS_ENFORCEMENT,"27,889,193",yearly file landed,"Medium — partial run, needs finishing",
E61,Hospitals that violate hazardous waste rules,Do they also have worse finances?,Tests if cutting corners on waste tracks with cutting corners on money,"Modest signal, needs more care in how it's measured",LIBRARY_MARTS.ENVIRONMENT.ENVIRONMENT__FED_EPA_RCRA_RCRA_VIOLATIONS | LIBRARY_MARTS.HEALTH.HEALTH__FED_CMS_HCRIS,"714,217",one year,"Medium — partial run, needs finishing",
E62,Nursing homes that claim to have fire sprinklers,Are they still getting cited for missing sprinkler systems?,Would show a safety checkbox that lies,Confirmed as a real data quality problem,LIBRARY_MARTS.HEALTH.HEALTH__FED_NURSINGHOME411 | LIBRARY_MARTS.HEALTH.HEALTH__FED_CMS_NURSING_HOME_DEFICIENCIES,"433,192",snapshot,Quick — re-run and check the number,
E63,Nursing homes that lose administrators quickly,Does patient harm go up when leadership keeps turning over?,Tests if management chaos hurts patients,"Modest signal, promising",LIBRARY_MARTS.HEALTH.HEALTH__FED_NURSINGHOME411 | LIBRARY_MARTS.HEALTH.HEALTH__FED_CMS_NURSING_HOME_DEFICIENCIES,"433,192",2024-25,"Medium — partial run, needs finishing",
E64,Government grant recipients flagged for weak financial controls,Does the money keep flowing to them anyway?,Would show oversight failing in real time,"Modest signal, but the data only covers a few months",LIBRARY_MARTS.ECONOMICS.ECONOMICS__FED_FAC_SINGLE_AUDIT | LIBRARY_RAW.LANDING.FED_USASPENDING_ASSISTANCE_FULL,"20,314,517",capped table,"Medium — partial run, needs finishing",
E65,Nonprofits that lost their tax-exempt status,Were they still getting paid after losing it?,Would be a rules violation,Turned out most had their status restored — false alarm,LIBRARY_MARTS.ECONOMICS.ECONOMICS__FED_IRS_REVOCATION | LIBRARY_RAW.LANDING.FED_USASPENDING_ASSISTANCE_FULL,"21,090,245",dated,"Medium — partial run, needs finishing",false alarm
E66,Companies banned from federal work,Are they still getting health grants?,A grant-side version of #15,None found so far,LIBRARY_MARTS.PROCUREMENT.PROCUREMENT__FED_SAM_EXCLUSIONS | LIBRARY_RAW.LANDING.FED_USASPENDING_ASSISTANCE_FULL,"20,071,207",capped,"Medium — partial run, needs finishing",
E67,Counties with high jail populations,Do they also have fewer doctors available?,Tests if incarceration and doctor shortages travel together,Dead end — no relationship once population size is controlled for,LIBRARY_MARTS.JUSTICE.JUSTICE__XC_VERA_INCARCERATION_TRENDS | LIBRARY_MARTS.HEALTH.HEALTH__FED_CMS_NPPES,"9,735,190",snapshot,Skip — already ruled out,no relationship once population size is controlled for
E68,Wealthy nonprofit hospitals,Do they give very little free care to the poor despite huge profits?,Would expose 'nonprofit' hospitals not acting like one,"Confirmed — 37 hospitals over $50 million profit, under 1% charity care",LIBRARY_MARTS.HEALTH.HEALTH__FED_CMS_HCRIS,"6,103",FY2023,Quick — re-run and check the number,"37 hospitals over $50 million profit, under 1% charity care"
E69,Community health centers and government grant money,How much grant money reaches each patient?,Basic transparency question on where the money goes,Only a few months of money data currently available,LIBRARY_MARTS.HEALTH.HEALTH__FED_HRSA_UDS_HEALTH_CENTER_INFO | LIBRARY_MARTS.HEALTH.HEALTH__FED_HRSA_UDS_TABLE3A_PATIENTS | LIBRARY_RAW.LANDING.FED_USASPENDING_ASSISTANCE_FULL,"19,905,591",6 of 24 months,"Medium — partial run, needs finishing",
E70,Nursing homes with veteran contracts,Are the worst-rated homes still getting VA contracts?,Would show the VA sending veterans to bad facilities,No pattern found,LIBRARY_RAW.LANDING.FED_USASPENDING_CONTRACTS_FULL_R2 | LIBRARY_MARTS.HEALTH.HEALTH__FED_NURSINGHOME411,"93,168,137",snapshot,"Medium — partial run, needs finishing",
E71,Counties and drug company payments to local doctors,Does more payment per person mean more opioid prescribing?,Tests the money-to-opioids link at a bigger scale,"Weak signal, not conclusive",LIBRARY_MARTS.HEALTH.HEALTH__FED_CMS_OPEN_PAYMENTS | LIBRARY_MARTS.HEALTH.HEALTH__FED_CMS_PART_D_PRESCRIBERS,"16,801,930",one year,"Medium — partial run, needs finishing",
E72,Subsidized housing in disaster-prone counties,Is it sitting empty more than in safer counties?,Would show risk concentrated on poor renters,"No pattern, and much of it turned out to be Puerto Rico",LIBRARY_MARTS.HOUSING.HOUSING__FED_HUD_ASSISTED_HOUSING_PROJECTS | LIBRARY_MARTS.HOUSING.HOUSING__FED_FEMA_IA_HOUSING_REGISTRATIONS,"26,286,521",snapshot,"Medium — partial run, needs finishing",
E73,Banned contractors and health care workers,Do banned contractors turn out to also be doctors?,Would be a crossover fraud pattern,"Dead end, basically no overlap",LIBRARY_MARTS.PROCUREMENT.PROCUREMENT__FED_SAM_EXCLUSIONS | LIBRARY_MARTS.HEALTH.HEALTH__FED_CMS_NPPES,"9,775,011",snapshot,Skip — already ruled out,
E74,Home health agencies that change owners,Is there a record of who the new owner is?,"Same shell-game question as #30, for home health",Dead end — the ownership records don't exist for this type of agency,LIBRARY_MARTS.HEALTH.HEALTH__FED_CMS_HOME_HEALTH | LIBRARY_MARTS.HEALTH.HEALTH__FED_CMS_POS_OTHER,"56,821",n/a,Skip — already ruled out,the ownership records don't exist for this type of agency
E75,Nursing home chains and COVID relief funds,Did the worst chains get big pandemic bailout money?,Would show bad actors profiting from a national emergency,Dead end — the relief fund records aren't usable this way,LIBRARY_RAW.LANDING.FED_HHS_TAGGS | LIBRARY_MARTS.HEALTH.HEALTH__FED_NURSINGHOME411,"14,758",n/a,Skip — already ruled out,the relief fund records aren't usable this way
