source,status,attempts,updated_at
ABQ Data Open Data Portal,failed,3,2026-07-02
ACLED — Armed Conflict Location and Event Data,failed,1,2026-07-02T18:31:50.931216+00:00
ADB Data Library — Projects and Economic Indicators,complete,,
ALFRED (Archival FRED),failed,3,2026-07-02
ARCOS Retail Drug Summary Reports,complete,,
AfDB Africa Information Highway — Socio-Economic Data,failed,1,2026-07-02T18:37:37.802628+00:00
AirNow Air Quality API,failed,2,2026-07-02T15:42:48.799061+00:00
Akron Open Data,failed,3,2026-07-02
Alaska Open Data Portal,failed,3,2026-07-02
Albany Open Data Portal,failed,3,2026-07-02
American Community Survey (ACS) API,failed,3,2026-07-02T15:08:19.278506+00:00
Analyze Boston,failed,3,2026-07-02
Ann Arbor Open Data Portal,failed,3,2026-07-02
Archive Team Projects,failed,3,2026-07-02
Argentina National Open Data Portal (datos.gob.ar),complete,,
Arkansas Open Data (GIS/fragmented),failed,3,2026-07-02
Asheville Open Data Portal,failed,3,2026-07-02
Atlanta DataAtlanta / City Planning GIS Open Data Hub,failed,3,2026-07-02
Atlas of Historical County Boundaries (AHCB),failed,1,2026-07-02T17:08:35.936899+00:00
AustLII / WorldLII — Australasian and Global Legal Databases,complete,,
Austin Open Data,failed,3,2026-07-02
Austria National Open Data Portal (data.gv.at),failed,3,2026-07-02
Azure Open Datasets,failed,3,2026-07-02
BEA Data API,failed,3,2026-07-02T14:23:36.093291+00:00
BIA Open Data Geospatial Portal,complete,,
BIS Data Portal — International Banking and Financial Statistics,failed,1,2026-07-02T18:52:34.371694+00:00
BJS Data Collections and APIs,complete,,
BOP Inmate Statistics,complete,,
BTS TranStats Data Portal,complete,,
Bahrain Open Data Portal (data.gov.bh),failed,3,2026-07-02
Bangladesh Open Government Data Portal (data.gov.bd),complete,,
Beneficial Ownership Information Registry,complete,,
Birmingham Open Data Portal,failed,3,2026-07-02
Bloomington Open Data Portal,failed,3,2026-07-02
Bulgaria National Open Data Portal (opendata.government.bg),failed,3,2026-07-02
CBP Nationwide Encounters Data,complete,,
CDC Open Data Portal (data.cdc.gov),complete,,
CDC WONDER,complete,,
CMS Data Portal (data.cms.gov),complete,,
California Open Data Portal,failed,3,2026-07-02
Cambridge Open Data Portal,failed,3,2026-07-02
Census International Trade API,failed,3,2026-07-02T15:13:56.836525+00:00
Census Population Estimates API,failed,3,2026-07-02T15:15:20.187757+00:00
Chandler Open Data Hub,failed,3,2026-07-02
Charlotte Open Data Portal,failed,3,2026-07-02
Chattanooga Open Data Portal,failed,3,2026-07-02
Chicago Data Portal,failed,3,2026-07-02
Chile National Open Data Portal (datos.gob.cl),complete,,
Chronicling America Historic Newspapers,failed,3,2026-07-02T15:18:37.332026+00:00
City of Berkeley Open Data Portal,failed,3,2026-07-02
City of Boise Open Data Portal,failed,3,2026-07-02
City of Boulder Open Data,failed,3,2026-07-02
City of Madison Open Data,failed,3,2026-07-02
City of Wichita Open Data Portal,failed,3,2026-07-02
Civil Rights Data Collection (CRDC),failed,2,2026-07-02T15:29:44.397975+00:00
Cleveland Open Data Portal,failed,3,2026-07-02
Colombia National Open Data Portal (datos.gov.co),failed,3,2026-07-02
Colorado Information Marketplace,failed,3,2026-07-02
Columbus GIS Open Data,failed,3,2026-07-02
Common Core of Data (CCD),failed,1,2026-07-02T16:55:30.840616+00:00
Common Crawl,failed,3,2026-07-02
Connecticut Open Data Portal,failed,3,2026-07-02
Cook County Open Data Portal,failed,3,2026-07-02
County Business Patterns API,failed,3,2026-07-02T15:09:51.980352+00:00
CourtListener / RECAP API,failed,3,2026-07-02T15:22:32.120140+00:00
Credit Union Call Report Quarterly Data,complete,,
Croatia National Open Data Portal (data.gov.hr),failed,3,2026-07-02
Cyprus National Open Data Portal,failed,3,2026-07-02
Czechia ARES Business Register (Administrative Register of Economic Entities),failed,1,2026-07-02T19:15:10.889768+00:00
Czechia National Open Data Catalog (NKOD) (data.gov.cz),failed,3,2026-07-02
DHS OHSS Immigration Enforcement Data,complete,,
DHS Yearbook of Immigration Statistics,complete,,
DOJ OJP Open Data Catalog,failed,1,2026-07-02T17:32:10.856681+00:00
DOL Wage and Hour Enforcement Data,failed,2,2026-07-02T15:28:33.493634+00:00
Dallas OpenData,failed,3,2026-07-02
Data Rescue Project,failed,3,2026-07-02
Data.gov Archive (LIL),failed,3,2026-07-02
Data.gov Catalog API,failed,3,2026-07-02
DataGNV Gainesville Open Data Portal,failed,3,2026-07-02
DataLA — Los Angeles Open Data,failed,3,2026-07-02
DataOhio,failed,3,2026-07-02
DataPortals.org,failed,3,2026-07-02
DataROC – Rochester Open Data Portal,failed,3,2026-07-02
DataRefuge,failed,3,2026-07-02
David Rumsey Historical Map Collection (IIIF + LUNA API),complete,,
Dayton Transparency Portal,failed,3,2026-07-02
"Decennial Census API (2020, 2010, 2000)",failed,3,2026-07-02T15:11:40.540405+00:00
Delaware Open Data Portal,failed,3,2026-07-02
Densho Digital Repository (DDR),complete,,
Denver Open Data Catalog,failed,3,2026-07-02
Des Moines Open Data Portal,failed,3,2026-07-02
Detroit Open Data Portal,failed,3,2026-07-02
Digital Bodleian IIIF & Data API,failed,1,2026-07-02T19:23:56.949839+00:00
Documenting the American South (DocSouth),complete,,
Durham Open Data Portal,failed,3,2026-07-02
EDFacts,complete,,
EDGI Government Data Archiving,failed,3,2026-07-02
EIA Open Data API v2,failed,2,2026-07-02T15:30:53.525589+00:00
EITI Open Data — Extractive Industries Transparency,failed,1,2026-07-02T19:29:06.559397+00:00
EOIR Immigration Court Case Data,failed,2,2026-07-02T15:41:40.139567+00:00
EPA Envirofacts Data Service API,complete,,
EPA Toxics Release Inventory (TRI),failed,2,2026-07-02T15:47:30.638693+00:00
EU Consolidated Financial Sanctions List,complete,,
EU-SOCTA and IOCTA — Organized and Cybercrime Assessments,complete,,
EUR-Lex CELLAR — SPARQL/REST API,complete,,
Economic Census API (2022),failed,3,2026-07-02T15:12:48.108185+00:00
Egypt Data Portal (opendataforafrica.org/Egypt),complete,,
Election Administration and Voting Survey (EAVS),complete,,
End of Term Web Archive,failed,3,2026-07-02
Ensembl Genome Browser & REST API,complete,,
European Data Portal (data.europa.eu),failed,3,2026-07-02
Eurostat SDMX Dissemination API,complete,,
FAA Civil Aircraft Registry,complete,,
FAA Data Portal (data.faa.gov),complete,,
FAOSTAT,complete,,
FARA Foreign Agents Registration Act Database,failed,2,2026-07-02T15:49:20.527836+00:00
FARS Crash Data API (Fatality Analysis Reporting System),failed,1,2026-07-02T17:10:46.381072+00:00
FATF Consolidated Assessment Ratings,complete,,
FBI Crime Data Explorer (NIBRS/UCR),complete,,
FCC National Broadband Map Data,failed,2,2026-07-02T15:52:22.266471+00:00
FCC Universal Licensing System (ULS),complete,,
FDIC BankFind Suite API,complete,,
FERC Data Portal (data.ferc.gov),failed,2,2026-07-02T15:57:33.262527+00:00
FFIEC Bank Call Reports (CDR),complete,,
FRA Safety Data API,complete,,
FSA Data Center – Student Loan Portfolio,complete,,
FTC Enforcement Actions and Data Sets,complete,,
Fairfax County GIS Open Data Site,failed,3,2026-07-02
Federal Procurement Data System (FPDS-NG),failed,2,2026-07-02T16:17:57.092077+00:00
Finland PRH/YTJ Business Information System Open Data,failed,1,2026-07-02T20:05:28.795856+00:00
Florida Open Data (no unified portal — agency-fragmented),failed,3,2026-07-02
ForeignAssistance.gov,complete,,
Form 5500 Annual Return/Report Datasets,complete,,
Fort Worth Open Data,failed,3,2026-07-02
France INSEE Statistics APIs,failed,1,2026-07-02T20:08:42.888084+00:00
GDELT 2.0 Global Events Database,complete,,
GEM Global Seismic Hazard Model (OpenQuake Mosaic),complete,,
GFI Trade-Related Illicit Financial Flows Data,complete,,
GLEIF LEI Concatenated Files & Golden Copy API,failed,1,2026-07-02T20:18:59.647093+00:00
GRData – Grand Rapids Open Data,failed,3,2026-07-02
GeoData Hub Tallahassee-Leon County GIS,failed,3,2026-07-02
Georgia National Open Data Portal (data.gov.ge),complete,,
Georgia Open Data (GDAC),failed,3,2026-07-02
Ghana Open Data Initiative (data.gov.gh),complete,,
Global Witness — Land and Environmental Defenders Database,complete,,
Google Cloud Public Datasets,failed,3,2026-07-02
Google Dataset Search,failed,3,2026-07-02
GovData.de,complete,,
Grants.gov Opportunity Search API,complete,,
Greece National Open Data Portal (data.gov.gr),complete,,
HMDA (Home Mortgage Disclosure Act) Data,complete,,
HUD Fair Market Rents and Income Limits,failed,2,2026-07-02T16:30:17.551544+00:00
HUD Open Data (huduser.gov),complete,,
Harris County Open Data / Dashboards & Datasets Hub,failed,3,2026-07-02
Hawaii Open Data Portal,failed,3,2026-07-02
Health Professional Shortage Areas (HPSA) Data,complete,,
Henderson Open Data Portal,failed,3,2026-07-02
Homeland Infrastructure Foundation-Level Data (HIFLD),complete,,
Hong Kong Open Data Portal (data.gov.hk),failed,3,2026-07-02
Hospital Compare / Provider Data Catalog,complete,,
Hospital Price Transparency Machine-Readable Files,complete,,
House Lobbying Disclosure (lobbyingdisclosure.house.gov),failed,2,2026-07-02T16:25:00.005768+00:00
Houston Open Data,failed,3,2026-07-02
Hugging Face Datasets Hub,failed,3,2026-07-02
Humanitarian Data Exchange (HDX) CKAN API,failed,3,2026-07-02
Hungary National Open Data Portal (opendata.hu),failed,3,2026-07-02
ICE Enforcement and Removal Operations Statistics,complete,,
IRS Exempt Organizations Business Master File (EO BMF),complete,,
IRS Form 990 Bulk Data & Exempt Org Search,complete,,
IRS Statistics of Income (SOI),complete,,
Idaho Open Data (GIS-focused),failed,3,2026-07-02
Illinois Open Data Portal,failed,3,2026-07-02
Indiana Data Hub,failed,3,2026-07-02
Internet Archive S3-like API and Collections,failed,3,2026-07-02
Iowa Data Hub,failed,3,2026-07-02
Ireland National Open Data Portal (data.gov.ie),failed,3,2026-07-02
Israel National Open Data Portal (data.gov.il),failed,3,2026-07-02
Italy National Open Data Portal (dati.gov.it),failed,3,2026-07-02
Jamaica Open Data Portal (data.gov.jm),failed,3,2026-07-02
Japan National Open Data Portal (data.go.jp),failed,3,2026-07-02
Jordan Open Government Data Portal (opendata.gov.jo),failed,3,2026-07-02
Kaggle Datasets,failed,3,2026-07-02
Kansas Open Gov,failed,3,2026-07-02
Kentucky Open GIS Data,failed,3,2026-07-02
Kenya Open Data Initiative (opendata.go.ke),failed,3,2026-07-02
King County Open Data,failed,3,2026-07-02
Knoxville Open Data,failed,3,2026-07-02
LA County Open Data Portal,failed,3,2026-07-02
Las Vegas Open Data Portal,failed,3,2026-07-02
Lexington Data Hub,failed,3,2026-07-02
Library of Congress JSON/YAML API,failed,3,2026-07-02
Library of Congress Web Archive Datasets,failed,3,2026-07-02
Lithuania National Open Data Portal (data.gov.lt),failed,3,2026-07-02
Little Rock Open Data Portal,failed,3,2026-07-02
Long Beach Open Data Portal,failed,3,2026-07-02
Louisville Open Data Portal,failed,3,2026-07-02
MSHA Mine Safety Data,failed,3,2026-07-02
Maine Open Data,failed,3,2026-07-02
Malaysia National Open Data Portal (data.gov.my),failed,3,2026-07-02
Mapping Prejudice Racial Covenants Dataset,failed,1,2026-07-02T16:50:34.166168+00:00
Maricopa County GIS Open Data,failed,3,2026-07-02
Maryland Open Data Portal,failed,3,2026-07-02
Massachusetts Data Hub,failed,3,2026-07-02
Mecklenburg County GIS Open Data Portal,failed,3,2026-07-02
Medicare Advantage and Part D Contract and Enrollment Data,failed,3,2026-07-02T15:21:19.687649+00:00
Memphis Open Data Hub,failed,3,2026-07-02
Mesa City Data Hub,failed,3,2026-07-02
Miami Open Data Portal,failed,3,2026-07-02
Miami-Dade County Open Data Hub,failed,3,2026-07-02
Michigan Open Data Portal,failed,3,2026-07-02
Minnesota Geospatial Commons / TransparencyMN,failed,3,2026-07-02
Mississippi GIS Open Data,failed,3,2026-07-02
Missouri Open Data Portal,failed,3,2026-07-02
Moldova National Open Data Portal (data.gov.md),failed,3,2026-07-02
Montana Data Portal,failed,3,2026-07-02
Morocco National Open Data Portal (data.gov.ma),failed,3,2026-07-02
NARA Catalog API v2,failed,3,2026-07-02
NASA Open APIs & Data Portal,complete,,
NASS Quick Stats API,failed,1,2026-07-02T16:54:09.483300+00:00
NC LINC / NC OSBM Open Data,failed,3,2026-07-02
NEA Grants Database,failed,1,2026-07-02T17:05:32.378610+00:00
NEH Grants Database,failed,1,2026-07-02T17:07:22.322619+00:00
NIH RePORTER API,complete,,
NJ Open Data Center,failed,3,2026-07-02
NOAA ERDDAP Ocean Data Server,failed,1,2026-07-02T17:18:23.565717+00:00
NOAA NCEI Climate Data Online (CDO) API,failed,1,2026-07-02T17:21:50.984983+00:00
NPDB Public Use Data File,failed,1,2026-07-02T17:24:23.237867+00:00
NSF Award Search API,complete,,
NTSB CAROL Accident Database,failed,1,2026-07-02T17:27:25.878717+00:00
NYC Open Data,failed,3,2026-07-02
Nashville Open Data,failed,3,2026-07-02
National Assessment of Educational Progress (NAEP),failed,1,2026-07-02T17:00:17.556664+00:00
National Mortgage Database (NMDB) Public Use File,complete,,
Nebraska Open Data / StateSpending,failed,3,2026-07-02
Netherlands National Data Register (data.overheid.nl),failed,3,2026-07-02
Nevada Open Data Portal,failed,3,2026-07-02
New Hampshire Geodata Portal,failed,3,2026-07-02
New Mexico Open Data (fragmented — agency-level),failed,3,2026-07-02
New York State Open Data,failed,3,2026-07-02
New Zealand Government Open Data Catalog (data.govt.nz),failed,3,2026-07-02
Nigeria Open Data Portal (data.gov.ng),failed,3,2026-07-02
Norfolk Open Data Portal,failed,3,2026-07-02
North Dakota Open Data (fragmented),failed,3,2026-07-02
Norway National Data Portal (data.norge.no),failed,3,2026-07-02
NursingHome411 State-Level Nursing Home Data,complete,,
OFLC Foreign Labor Certification Disclosure Data,complete,,
OLMS Union Financial Reports (LM-2/LM-3/LM-4),failed,1,2026-07-02T17:30:55.891012+00:00
OSHA Enforcement Data,failed,2,2026-07-02T15:26:45.807917+00:00
Oakland Open Data Portal,failed,3,2026-07-02
Oklahoma Open Data Portal,failed,3,2026-07-02
Omaha/Douglas County Open Data Portal,failed,3,2026-07-02
Oman National Open Data Portal (oman.om open data),failed,3,2026-07-02
Open Baltimore,failed,3,2026-07-02
Open Data BR,failed,3,2026-07-02
Open Data Cincinnati,failed,3,2026-07-02
Open Data DC,failed,3,2026-07-02
Open Data Hartford,failed,3,2026-07-02
Open Data Inception,failed,3,2026-07-02
Open Data KC,failed,3,2026-07-02
Open Data Minneapolis,failed,3,2026-07-02
Open Data Nepal Portal (opendatanepal.com),failed,3,2026-07-02
Open Data Raleigh,failed,3,2026-07-02
Open Data SA,failed,3,2026-07-02
Open Data Scottsdale,failed,3,2026-07-02
Open Data Syracuse (DataCuse),failed,3,2026-07-02
Open Environmental Data Project,failed,3,2026-07-02
Open Gate City – Greensboro Open Data,failed,3,2026-07-02
Open Government Data Platform India (data.gov.in),failed,3,2026-07-02
Open Government Portal Canada (open.canada.ca),complete,,
Open Indy Data Portal,failed,3,2026-07-02
Open Tulsa Data Portal,failed,3,2026-07-02
OpenData Buffalo,failed,3,2026-07-02
OpenData Fort Collins,failed,3,2026-07-02
OpenDataPhilly,failed,3,2026-07-02
OpenFEC Campaign Finance API,complete,,
OpenFEMA Disaster Declarations and Assistance,failed,2,2026-07-02T15:56:01.304137+00:00
Orange County Open GIS Data Portal,failed,3,2026-07-02
Oregon Open Data Portal,failed,3,2026-07-02
Orlando Open Data Portal,failed,3,2026-07-02
Our World in Data Catalog API,failed,3,2026-07-02
PA Open Data Portal,failed,3,2026-07-02
PACER Federal Court Dockets,failed,1,2026-07-02T17:34:12.384893+00:00
PBGC Pension Insurance Data,complete,,
Palm Beach County Open Data,failed,3,2026-07-02
Paycheck Protection Program (PPP) Loan Data,failed,1,2026-07-02T17:48:05.391156+00:00
Perma.cc,failed,3,2026-07-02
Peru National Open Data Platform (datosabiertos.gob.pe),failed,3,2026-07-02
Philippines Open Data Portal (data.gov.ph),failed,3,2026-07-02
Phoenix Open Data Portal,failed,3,2026-07-02
Poland National Open Data Portal (dane.gov.pl),failed,3,2026-07-02
Portland Open Data,failed,3,2026-07-02
Portugal Open Data Portal (dados.gov.pt),failed,3,2026-07-02
Providence GIS Hub,failed,3,2026-07-02
Providence Open Data Portal,failed,3,2026-07-02
Public Environmental Data Partners Archive,failed,3,2026-07-02
Qatar National Open Data Portal (data.gov.qa),failed,3,2026-07-02
Quarterly Census of Employment and Wages (QCEW),failed,3,2026-07-02T15:06:06.451100+00:00
Registry of Open Data on AWS,failed,3,2026-07-02
Rhode Island Open Data Portal,failed,3,2026-07-02
Richmond Open Data Portal,failed,3,2026-07-02
Romania National Open Data Portal (data.gov.ro),failed,3,2026-07-02
SAM.gov Contract Opportunities API,failed,1,2026-07-02T17:39:06.104242+00:00
SAM.gov Entity Management API,failed,1,2026-07-02T17:37:37.239047+00:00
SBA 7(a) and 504 Loan FOIA Data,complete,,
SEC EDGAR Filing Database (data.sec.gov API),complete,,
SEC EDGAR Forms 3/4/5 — Insider Trading Reports,failed,1,2026-07-02T17:52:00.747882+00:00
SEC EDGAR Full-Text Search API (efts.sec.gov),failed,1,2026-07-02T17:53:01.761481+00:00
SF OpenData (DataSF),failed,3,2026-07-02
SSURGO - Soil Survey Geographic Database,failed,1,2026-07-02T18:13:27.710544+00:00
Sacramento Open Data Portal,failed,3,2026-07-02
Safe Drinking Water Information System (SDWIS) via ECHO,failed,2,2026-07-02T15:45:07.046177+00:00
Salt Lake City Open Data,failed,3,2026-07-02
San Diego County Open Data Portal,failed,3,2026-07-02
San Diego Open Data Portal,failed,3,2026-07-02
San Jose Open Data Portal,failed,3,2026-07-02
Santa Clara County Open Data Portal,failed,3,2026-07-02
Santa Monica Open Data,failed,3,2026-07-02
Seattle Open Data,failed,3,2026-07-02
Senate Downloadable Lobbying Database (XML Bulk),failed,1,2026-07-02T17:55:55.277407+00:00
Senate Lobbying Disclosure Act (LDA) Database,failed,1,2026-07-02T17:54:03.727430+00:00
Senegal Data Portal (opendataforafrica.org/Senegal),failed,3,2026-07-02
Serbia National Open Data Portal (data.gov.rs),failed,3,2026-07-02
Slovakia National Open Data Portal (data.gov.sk),failed,3,2026-07-02
Slovenia Open Data Portal (podatki.gov.si),failed,3,2026-07-02
Source Cooperative,failed,3,2026-07-02
South Africa National Data Portal (data.gov.za),failed,3,2026-07-02
South Carolina Data and Transparency,failed,3,2026-07-02
Spain National Open Data Portal (datos.gob.es),complete,,
Spokane Open Data,failed,3,2026-07-02
Sri Lanka Open Data Portal (data.gov.lk),failed,3,2026-07-02
St. Louis City Open Data,failed,3,2026-07-02
Statistics Canada Web Data Service (WDS) API,failed,1,2026-07-02T19:00:08.100978+00:00
Survey of Business Owners (SBO) / Annual Business Survey (ABS),failed,3,2026-07-02T15:16:59.783957+00:00
Sweden National Data Portal (dataportal.se),failed,3,2026-07-02
Switzerland Open Government Data Portal (opendata.swiss),complete,,
TED — Tenders Electronic Daily,failed,1,2026-07-02T19:46:10.459198+00:00
TEDS Treatment Episode Data Set,failed,1,2026-07-02T17:40:55.916149+00:00
TN DATA / Tennessee Geospatial Portal,failed,3,2026-07-02
Tacoma Open Data,failed,3,2026-07-02
Taiwan Government Open Data Platform (data.gov.tw),failed,3,2026-07-02
Tampa Open Data Portal,failed,3,2026-07-02
Tempe Open Data Catalog,failed,3,2026-07-02
Texas Open Data Portal,failed,3,2026-07-02
Tucson Open Data,failed,3,2026-07-02
U.S. Courts Caseload Statistics Data Tables,complete,,
UK National Data Library (data.gov.uk),failed,3,2026-07-02
USAID Development Data Library (DDL),failed,1,2026-07-02T17:57:02.411844+00:00
USAspending.gov Award Data (API + Bulk),failed,1,2026-07-02T17:58:38.364809+00:00
USAspending.gov Bulk Award Data Archive,complete,,
USCIS Immigration and Citizenship Data,complete,,
USDA ERS Data APIs,failed,1,2026-07-02T18:10:42.342661+00:00
USDA Food Environment Atlas,failed,1,2026-07-02T18:11:57.055641+00:00
USGS 3DEP - 3D Elevation Program,complete,,
USGS Historical Topographic Map Collection (topoView + TNM API),complete,,
USGS Mineral Resources Data,complete,,
USGS Water Data APIs,complete,,
USITC DataWeb Trade and Tariff Data,complete,,
USPTO Trademark Bulk Data,failed,1,2026-07-02T18:30:50.571730+00:00
Ukraine National Open Data Portal (data.gov.ua),failed,3,2026-07-02
Uruguay Open Data Platform (datos.gub.uy),failed,3,2026-07-02
Utah Open Data Portal,failed,3,2026-07-02
Vermont Open Geodata / Open Data,failed,3,2026-07-02
Virginia Open Data Portal,failed,3,2026-07-02
WPRDC Allegheny County Data,failed,3,2026-07-02
Wake County Open Data,failed,3,2026-07-02
Washington State Open Data Portal,failed,3,2026-07-02
Wayback Machine CDX API,failed,3,2026-07-02
Weather.gov API (National Weather Service),complete,,
West Virginia Open Data (fragmented — GIS-focused),failed,3,2026-07-02
Western Pennsylvania Regional Data Center (WPRDC) - Pittsburgh Data,failed,3,2026-07-02
Wisconsin Open Data (fragmented — no unified portal),failed,3,2026-07-02
Wyoming GeoHub,failed,3,2026-07-02
dados.gov.br,complete,,
data.gouv.fr,complete,,
data.gov.au,failed,3,2026-07-02
data.gov.sg,failed,3,2026-07-02
data.world,failed,3,2026-07-02
dataMontgomery Open Data Portal,failed,3,2026-07-02
datos.gob.mx,failed,3,2026-07-02
fed_acf_welfare,failed,1,2026-07-02T21:37:10.886897+00:00
fed_ahrq_nhqdr,failed,1,2026-07-02T21:37:13.671384+00:00
fed_arxiv,failed,1,2026-07-02T21:37:15.205838+00:00
fed_atf_commerce,failed,1,2026-07-02T21:37:16.320085+00:00
fed_atf_firearms_trace,failed,1,2026-07-02T21:37:17.325626+00:00
fed_bls_api,failed,1,2026-07-02T21:37:18.276402+00:00
fed_bop_inmate,failed,1,2026-07-02T21:37:19.982138+00:00
fed_ca_openjustice,failed,1,2026-07-02T21:37:28.639998+00:00
fed_cbo_data,failed,1,2026-07-02T21:37:29.622229+00:00
fed_cdc_nndss,failed,1,2026-07-02T21:37:31.424749+00:00
fed_census_acs_pums,failed,1,2026-07-02T21:37:38.519780+00:00
fed_cfr_ecfr,failed,1,2026-07-02T21:37:40.920333+00:00
fed_cftc_cot,failed,1,2026-07-02T21:37:45.282124+00:00
fed_cftc_swaps,failed,1,2026-07-02T21:37:50.798040+00:00
fed_clinvar,failed,1,2026-07-02T21:37:57.391082+00:00
fed_cms_medicaid_mc,failed,1,2026-07-02T21:38:03.535771+00:00
fed_cms_part_d_spending,failed,1,2026-07-02T21:38:10.433602+00:00
fed_congress_api,failed,1,2026-07-02T21:38:15.195271+00:00
fed_congress_govinfo_bills,failed,1,2026-07-02T21:38:16.884434+00:00
fed_congress_govinfo_crec,failed,1,2026-07-02T21:38:18.119958+00:00
fed_cpi_bls,failed,1,2026-07-02T21:38:19.535503+00:00
fed_cpsc_recalls,failed,1,2026-07-02T21:38:20.610756+00:00
fed_cpsc_saferproducts,failed,1,2026-07-02T21:38:23.619646+00:00
fed_crs_reports,failed,1,2026-07-02T21:38:28.379422+00:00
fed_doj_news,failed,1,2026-07-02T21:38:30.543522+00:00
fed_doj_oig,failed,1,2026-07-02T21:38:38.333010+00:00
fed_dol_osha_inspections,failed,3,2026-07-02T20:42:14.875963+00:00
fed_dol_ui,failed,1,2026-07-02T21:38:40.558767+00:00
fed_dol_wage_hour,failed,3,2026-07-02T20:44:12.646850+00:00
fed_earthscope_seismic,failed,1,2026-07-02T21:38:42.072816+00:00
fed_ed_college_scorecard,failed,1,2026-07-02T21:38:43.700118+00:00
fed_ed_crdc,failed,3,2026-07-02T20:45:32.907123+00:00
fed_eeoc_charges,failed,1,2026-07-02T21:38:45.420119+00:00
fed_eia_api,needs_key,,2026-07-02T20:46:01.813208+00:00
fed_eoir_case_data,complete,,
fed_epa_airnow,needs_key,,2026-07-02T21:09:33.739247+00:00
fed_epa_egrid,failed,1,2026-07-02T21:38:46.570007+00:00
fed_epa_sdwa,failed,3,2026-07-02T21:10:35.542149+00:00
fed_epa_tri,failed,3,2026-07-02T21:12:28.432109+00:00
fed_exoplanet_archive,failed,1,2026-07-02T21:38:47.819561+00:00
fed_fara,complete,,
fed_fcc_broadband,failed,3,2026-07-02T21:16:43.876567+00:00
fed_federal_register,failed,1,2026-07-02T21:38:49.730676+00:00
fed_fema_openfema,failed,3,2026-07-02T21:16:55.459565+00:00
fed_ferc_data,failed,3,2026-07-02T21:17:03.964464+00:00
fed_fincen_sar_stats,failed,1,2026-07-02T21:39:08.321289+00:00
fed_fiscaldata_debt,failed,1,2026-07-02T21:39:10.531080+00:00
fed_fiscaldata_dts,failed,1,2026-07-02T21:39:12.885718+00:00
fed_fiscaldata_mts,failed,1,2026-07-02T21:39:15.019564+00:00
fed_fiscaldata_treasury,failed,1,2026-07-02T21:39:16.988424+00:00
fed_fmcsa_sms,failed,1,2026-07-02T21:39:18.993373+00:00
fed_foia_gov,failed,1,2026-07-02T21:39:23.470890+00:00
fed_fpds,failed,3,2026-07-02T21:17:06.117470+00:00
fed_frb_g10,failed,1,2026-07-02T21:39:27.220391+00:00
fed_frb_g19,failed,1,2026-07-02T21:39:31.047686+00:00
fed_frb_h15,failed,1,2026-07-02T21:39:35.572226+00:00
fed_frb_h41,failed,1,2026-07-02T21:39:40.623043+00:00
fed_frb_h8,failed,1,2026-07-02T21:39:44.894944+00:00
fed_frb_sloos,failed,1,2026-07-02T21:39:48.923688+00:00
fed_frb_z1,failed,1,2026-07-02T21:39:52.919260+00:00
fed_fred_api,failed,1,2026-07-02T21:39:54.427811+00:00
fed_fred_bulk,failed,1,2026-07-02T21:39:55.473300+00:00
fed_fsis_recalls,failed,1,2026-07-02T21:39:56.481964+00:00
fed_gao_reports,failed,1,2026-07-02T21:39:57.586161+00:00
fed_govinfo_bulk,failed,1,2026-07-02T21:39:58.769560+00:00
fed_govinfo_scotus_historical,failed,1,2026-07-02T21:40:00.008722+00:00
fed_hhs_healthdata,failed,1,2026-07-02T21:40:02.169684+00:00
fed_house_financialdisclosure,failed,1,2026-07-02T21:40:04.035528+00:00
fed_house_lda,failed,3,2026-07-02T21:17:07.717274+00:00
fed_hud_fmr,failed,3,2026-07-02T21:17:13.480025+00:00
fed_irsa_ipac,failed,1,2026-07-02T21:40:06.345551+00:00
fed_loc_usreports,failed,1,2026-07-02T21:40:07.345105+00:00
fed_mapping_prejudice,failed,2,2026-07-02T21:17:25.651903+00:00
fed_nasa_giss_gistemp,failed,1,2026-07-02T21:40:12.245445+00:00
fed_nass_quickstats,failed,2,2026-07-02T21:17:27.957691+00:00
fed_nces_ccd,failed,2,2026-07-02T21:17:30.629581+00:00
fed_nces_ipeds,failed,1,2026-07-02T21:40:14.635807+00:00
fed_nces_naep,failed,2,2026-07-02T21:17:43.145545+00:00
fed_nea_grants,failed,2,2026-07-02T21:17:44.506450+00:00
fed_neh_grants,failed,2,2026-07-02T21:17:46.294160+00:00
fed_newberry_ahcb,failed,2,2026-07-02T21:17:48.094185+00:00
fed_nhtsa_complaints,failed,1,2026-07-02T21:40:17.148873+00:00
fed_nhtsa_fars,failed,2,2026-07-02T21:17:49.169338+00:00
fed_nhtsa_recalls,failed,1,2026-07-02T21:40:18.238353+00:00
fed_nlrb_cases,failed,1,2026-07-02T21:40:22.560125+00:00
fed_noaa_erddap,failed,2,2026-07-02T21:22:03.926668+00:00
fed_noaa_ncei,failed,2,2026-07-02T21:26:18.223344+00:00
fed_noaa_nodd,failed,1,2026-07-02T21:40:23.718523+00:00
fed_noaa_wod,failed,1,2026-07-02T21:44:38.465289+00:00
fed_npdb_puf,failed,2,2026-07-02T21:26:19.684307+00:00
fed_ntsb_carol,failed,2,2026-07-02T21:26:21.452019+00:00
fed_occ_enforcement,failed,1,2026-07-02T21:44:41.293605+00:00
fed_olms_lm_reports,failed,2,2026-07-02T21:26:22.686129+00:00
fed_omb_budget,failed,1,2026-07-02T21:44:43.285384+00:00
fed_openfda_adverse_events,failed,1,2026-07-02T21:44:44.451621+00:00
fed_openfda_devices,failed,1,2026-07-02T21:44:45.718393+00:00
fed_openfda_drugs,failed,1,2026-07-02T21:44:46.991917+00:00
fed_openfda_food,failed,1,2026-07-02T21:44:51.602581+00:00
fed_openspending_ojp,failed,2,2026-07-02T21:26:23.362663+00:00
fed_opm_fedscope,failed,1,2026-07-02T21:45:08.668588+00:00
fed_opm_fedworkforce,failed,1,2026-07-02T21:45:10.818181+00:00
fed_oversight_gov,failed,1,2026-07-02T21:45:18.122450+00:00
fed_pacer,failed,2,2026-07-02T21:26:27.142514+00:00
fed_ppi_bls,failed,1,2026-07-02T21:45:19.171930+00:00
fed_pubchem,failed,1,2026-07-02T21:45:24.868624+00:00
fed_reginfo_unified_agenda,failed,1,2026-07-02T21:45:27.936242+00:00
fed_regulations_gov,failed,1,2026-07-02T21:45:34.085514+00:00
fed_rxnorm,failed,1,2026-07-02T21:45:35.335303+00:00
fed_sam_entity,failed,2,2026-07-02T21:26:28.978376+00:00
fed_sam_opportunities,failed,2,2026-07-02T21:26:30.173430+00:00
fed_samhsa_nsduh,failed,1,2026-07-02T21:45:39.069893+00:00
fed_samhsa_teds,failed,2,2026-07-02T21:26:33.781942+00:00
fed_sba_ppp,failed,2,2026-07-02T21:26:34.807649+00:00
fed_sec_edgar_insiders,failed,2,2026-07-02T21:26:36.290875+00:00
fed_sec_efts,failed,2,2026-07-02T21:26:37.352784+00:00
fed_senate_financialdisclosure,failed,1,2026-07-02T21:45:40.922973+00:00
fed_senate_lda,failed,2,2026-07-02T21:26:39.173467+00:00
fed_senate_lda_bulk,failed,2,2026-07-02T21:26:40.576507+00:00
fed_smithsonian_openaccess,failed,1,2026-07-02T21:45:42.396672+00:00
fed_ssa_statistics,failed,1,2026-07-02T21:45:43.618629+00:00
fed_treas_tdf,failed,1,2026-07-02T21:45:45.699183+00:00
fed_usaid_ddl,failed,2,2026-07-02T21:26:41.303162+00:00
fed_usajobs_api,failed,1,2026-07-02T21:45:47.332175+00:00
fed_usaspending,failed,2,2026-07-02T21:26:42.615231+00:00
fed_uscode_bulk,failed,1,2026-07-02T21:45:55.298773+00:00
fed_usda_ers,failed,2,2026-07-02T21:26:44.938626+00:00
fed_usda_food_environment,failed,2,2026-07-02T21:26:46.707634+00:00
fed_usda_fooddata,failed,1,2026-07-02T21:45:57.137096+00:00
fed_usda_ssurgo,failed,2,2026-07-02T21:26:48.954762+00:00
fed_uspto_patentsview,failed,1,2026-07-02T21:45:57.770445+00:00
fed_uspto_trademarks,failed,2,2026-07-02T21:26:50.173339+00:00
intl_acdc_data,failed,1,2026-07-02T21:46:00.068135+00:00
intl_afdb_data,failed,2,2026-07-02T21:27:18.784530+00:00
intl_argo_gdac,failed,1,2026-07-02T21:46:01.637876+00:00
intl_au_asic_companies,failed,1,2026-07-02T21:46:05.779414+00:00
intl_bailii,failed,1,2026-07-02T21:46:50.431924+00:00
intl_bg_aop,failed,1,2026-07-02T21:47:05.633886+00:00
intl_bh_sijilat,failed,1,2026-07-02T21:47:10.517946+00:00
intl_bis_stats,failed,2,2026-07-02T21:27:21.412370+00:00
intl_bods_openownership_tools,failed,1,2026-07-02T21:47:11.817681+00:00
intl_ca_corporations_canada,failed,1,2026-07-02T21:47:15.001224+00:00
intl_ca_statscan,failed,2,2026-07-02T21:27:23.027433+00:00
intl_cern_opendata,failed,1,2026-07-02T21:47:17.944006+00:00
intl_chembl,failed,1,2026-07-02T21:47:26.817874+00:00
intl_cr_sicop,failed,1,2026-07-02T21:47:33.091393+00:00
intl_curia,failed,1,2026-07-02T21:48:35.343919+00:00
intl_cy_companies,failed,1,2026-07-02T21:48:38.537313+00:00
intl_cz_ares,failed,2,2026-07-02T21:27:34.359813+00:00
intl_de_transparenzregister,failed,1,2026-07-02T21:49:01.871536+00:00
intl_de_unternehmensregister,failed,1,2026-07-02T21:49:05.786265+00:00
intl_denmark_cvr,failed,1,2026-07-02T21:49:06.917665+00:00
intl_digital_bodleian,failed,2,2026-07-02T21:27:39.330589+00:00
intl_do_dgcp,failed,1,2026-07-02T21:49:12.917573+00:00
intl_eiti_data,failed,2,2026-07-02T21:27:45.953221+00:00
intl_eu_parliament_data,failed,1,2026-07-02T21:50:21.068522+00:00
intl_eu_ted,failed,2,2026-07-02T21:27:47.486659+00:00
intl_eu_transparency_register,failed,1,2026-07-02T21:50:22.347595+00:00
intl_fi_ytj,failed,2,2026-07-02T21:27:52.104356+00:00
intl_fr_annuaire_entreprises,failed,1,2026-07-02T21:50:33.290363+00:00
intl_fr_inpi_rne,failed,1,2026-07-02T21:50:34.670084+00:00
intl_fr_insee,failed,2,2026-07-02T21:27:55.703934+00:00
intl_gaia_esa,failed,1,2026-07-02T21:51:29.607199+00:00
intl_ge_spa_procurement,failed,1,2026-07-02T21:51:32.627242+00:00
intl_gleif,failed,2,2026-07-02T21:28:04.906372+00:00
intl_gt_minfin,failed,1,2026-07-02T21:51:37.975594+00:00
intl_hk_cr,failed,1,2026-07-02T21:51:57.953080+00:00
intl_hr_eojn,failed,1,2026-07-02T21:52:03.778554+00:00
intl_hu_cegjegyzek,failed,1,2026-07-02T21:52:21.984087+00:00
intl_hu_procurement,failed,1,2026-07-02T21:52:27.669214+00:00
intl_iachr_summa,failed,1,2026-07-02T21:28:10.565247+00:00
intl_iadb_data,failed,1,2026-07-02T21:28:12.174571+00:00
intl_iati_datastore,failed,1,2026-07-02T21:28:15.854465+00:00
intl_icc_legal_tools,failed,1,2026-07-02T21:28:35.685291+00:00
intl_icij_offshore,failed,1,2026-07-02T21:28:38.353719+00:00
intl_icj,failed,1,2026-07-02T21:28:39.745976+00:00
intl_icj_corpus,failed,1,2026-07-02T21:28:41.929595+00:00
intl_il_ica,failed,1,2026-07-02T21:52:31.116838+00:00
intl_ilo_ilostat,failed,1,2026-07-02T21:28:43.554022+00:00
intl_imf,failed,1,2026-07-02T21:28:48.563357+00:00
intl_irmct_ucr,failed,1,2026-07-02T21:28:51.278032+00:00
intl_isric_soilgrids,failed,1,2026-07-02T21:52:33.617850+00:00
intl_jo_ccd,failed,1,2026-07-02T21:52:37.916604+00:00
intl_jp_nta_houjin,failed,1,2026-07-02T21:28:57.672976+00:00
intl_legislation_gov_uk,failed,1,2026-07-02T21:52:40.025047+00:00
intl_lk_drc,failed,1,2026-07-02T21:54:18.945450+00:00
intl_lt_procurement,failed,1,2026-07-02T21:54:24.054730+00:00
intl_lwm_newspapers,failed,1,2026-07-02T21:54:28.831919+00:00
intl_ma_ompic,failed,1,2026-07-02T21:55:14.416394+00:00
intl_md_companies,failed,1,2026-07-02T21:55:15.735640+00:00
intl_md_mtender,failed,1,2026-07-02T21:55:18.718304+00:00
intl_mn_burtgel,failed,1,2026-07-02T21:55:20.993806+00:00
intl_mpc_asteroids,failed,1,2026-07-02T21:55:22.478824+00:00
intl_netherlands_kvk,failed,1,2026-07-02T21:55:25.458266+00:00
intl_ngo_lobbyfacts,failed,1,2026-07-02T21:55:28.277604+00:00
intl_nls_data_foundry,failed,1,2026-07-02T21:55:31.600178+00:00
intl_norway_brreg,failed,1,2026-07-02T21:55:37.009940+00:00
intl_obis,failed,1,2026-07-02T21:29:00.051232+00:00
intl_ocp_data_registry,failed,1,2026-07-02T21:29:08.535523+00:00
intl_oecd,failed,1,2026-07-02T21:29:10.181049+00:00
intl_ogp_dashboard,failed,1,2026-07-02T21:29:17.099713+00:00
intl_open_ownership,failed,1,2026-07-02T21:55:38.521649+00:00
intl_opencorporates,failed,1,2026-07-02T21:29:19.440774+00:00
intl_pa_dgcp,failed,1,2026-07-02T21:55:44.283818+00:00
intl_pdb,failed,1,2026-07-02T21:55:45.335481+00:00
intl_pk_secp,failed,1,2026-07-02T21:57:10.252451+00:00
intl_py_dncp,failed,1,2026-07-02T21:57:16.689755+00:00
intl_rs_procurement,failed,1,2026-07-02T21:57:23.696005+00:00
intl_runaway_slaves_britain,failed,1,2026-07-02T21:29:22.018480+00:00
intl_rw_ocds,failed,1,2026-07-02T21:57:58.026613+00:00
intl_sdss_dr17,failed,1,2026-07-02T21:57:59.338819+00:00
intl_sgx_acra_singapore,failed,1,2026-07-02T21:58:04.004394+00:00
intl_si_procurement,failed,1,2026-07-02T21:58:10.494153+00:00
intl_sipri_arms,failed,1,2026-07-02T21:29:25.101606+00:00
intl_sipri_milex,failed,1,2026-07-02T21:29:28.648674+00:00
intl_sk_orsr,failed,1,2026-07-02T21:58:13.162699+00:00
intl_taxjustice_cthi,failed,1,2026-07-02T21:29:37.635857+00:00
intl_taxjustice_fsi,failed,1,2026-07-02T21:29:41.122225+00:00
intl_ti_cpi,failed,1,2026-07-02T21:29:42.353391+00:00
intl_ti_gcb,failed,1,2026-07-02T21:30:25.657730+00:00
intl_tw_gcis,failed,1,2026-07-02T21:58:16.406450+00:00
intl_tz_nest,failed,1,2026-07-02T21:58:22.465676+00:00
intl_ua_prozorro,failed,1,2026-07-02T22:00:31.250078+00:00
intl_ucdp,failed,1,2026-07-02T21:30:28.896077+00:00
intl_ug_procurement,failed,1,2026-07-02T22:00:37.467641+00:00
intl_uk_companies_house,failed,1,2026-07-02T22:00:39.700482+00:00
intl_uk_companies_psc,failed,1,2026-07-02T22:00:41.847351+00:00
intl_uk_contracts_finder,failed,1,2026-07-02T21:30:31.681122+00:00
intl_uk_find_a_tender,failed,1,2026-07-02T21:30:34.187881+00:00
intl_uk_ons,failed,1,2026-07-02T21:30:38.981526+00:00
intl_uk_parliament,failed,1,2026-07-02T22:00:48.065318+00:00
intl_un_comtrade,failed,1,2026-07-02T21:31:03.889978+00:00
intl_un_sanctions,failed,1,2026-07-02T21:31:04.982302+00:00
intl_un_sdg,failed,1,2026-07-02T21:31:38.150538+00:00
intl_unctadstat,failed,1,2026-07-02T21:31:46.937320+00:00
intl_undata,failed,1,2026-07-02T21:31:48.328761+00:00
intl_unesco_uis,failed,1,2026-07-02T21:31:50.141265+00:00
intl_unhcr_refugee,failed,1,2026-07-02T21:32:13.737496+00:00
intl_unodc_data,failed,1,2026-07-02T21:32:18.876501+00:00
intl_untreaty,failed,1,2026-07-02T21:32:21.471701+00:00
intl_uy_arce,failed,1,2026-07-02T22:00:54.322217+00:00
intl_vdem,failed,1,2026-07-02T21:32:23.992203+00:00
intl_vn_nbr,failed,1,2026-07-02T22:00:56.434343+00:00
intl_wdl_loc,failed,1,2026-07-02T21:32:25.224978+00:00
intl_who_gho,failed,1,2026-07-02T21:32:26.582669+00:00
intl_wjp_roli,failed,1,2026-07-02T21:32:33.624127+00:00
intl_worldbank,failed,1,2026-07-02T21:32:35.327737+00:00
intl_wri_gppd,failed,1,2026-07-02T22:01:00.915227+00:00
intl_wto_stats,failed,1,2026-07-02T21:32:40.807077+00:00
loc_arc_open,failed,1,2026-07-02T21:32:42.445425+00:00
loc_bart_gtfs,failed,1,2026-07-02T22:01:02.165304+00:00
loc_cha_open,failed,1,2026-07-02T22:01:05.145704+00:00
loc_cmap_open,failed,1,2026-07-02T21:32:53.749577+00:00
loc_cps_open,failed,1,2026-07-02T21:32:55.881574+00:00
loc_dvrpc_open,failed,1,2026-07-02T21:32:57.921698+00:00
loc_hud_open_data,failed,1,2026-07-02T21:32:59.805744+00:00
loc_kingcounty_metro_gtfs,failed,1,2026-07-02T22:01:08.133412+00:00
loc_lausd_open,failed,1,2026-07-02T21:33:00.980223+00:00
loc_metrotransit_mn_gtfs,failed,1,2026-07-02T22:01:09.722183+00:00
loc_miamidade_transit_gtfs,failed,1,2026-07-02T22:01:11.564934+00:00
loc_nyc_doe_infohub,failed,1,2026-07-02T21:33:03.490839+00:00
loc_nycha_open,failed,1,2026-07-02T21:33:09.283360+00:00
loc_pha_philly_open,failed,1,2026-07-02T21:33:10.642883+00:00
loc_psrc_open,failed,1,2026-07-02T21:33:21.315834+00:00
loc_rtd_denver_gtfs,failed,1,2026-07-02T22:01:14.230228+00:00
loc_septa_gtfs,failed,1,2026-07-02T22:01:21.026963+00:00
loc_soundtransit_gtfs,failed,1,2026-07-02T22:01:22.733703+00:00
re3data.org (Registry of Research Data Repositories),failed,3,2026-07-02
st_all_biz_summary,failed,1,2026-07-02T21:33:22.723752+00:00
st_all_cf_summary,failed,1,2026-07-02T22:01:25.518909+00:00
st_all_parcel_summary,failed,1,2026-07-02T21:33:24.194648+00:00
st_az_spend,failed,1,2026-07-02T22:01:26.985610+00:00
st_ca_biz,failed,1,2026-07-02T21:33:48.571077+00:00
st_ca_calaccess_lobby,failed,1,2026-07-02T22:01:28.257531+00:00
st_ca_cf,failed,1,2026-07-02T21:33:52.571337+00:00
st_ca_procurement_eprocure,failed,1,2026-07-02T22:01:29.314923+00:00
st_ca_spend,failed,1,2026-07-02T21:33:53.689008+00:00
st_co_lobby,failed,1,2026-07-02T22:01:30.454996+00:00
st_courts_general,failed,1,2026-07-02T21:33:54.694344+00:00
st_de_biz,failed,1,2026-07-02T21:33:56.289689+00:00
st_fl_biz,failed,1,2026-07-02T21:33:57.825071+00:00
st_fl_cf,failed,1,2026-07-02T22:01:32.324163+00:00
st_fl_courts,failed,1,2026-07-02T21:34:00.345557+00:00
st_fl_lobby,failed,1,2026-07-02T22:01:34.526106+00:00
st_fl_restaurant_inspections,failed,1,2026-07-02T21:34:01.868202+00:00
st_fl_spend,failed,1,2026-07-02T22:01:39.792104+00:00
st_ga_lobby,failed,1,2026-07-02T22:01:41.630243+00:00
st_il_cf,failed,1,2026-07-02T22:02:01.865000+00:00
st_il_lobby,failed,1,2026-07-02T22:02:02.965259+00:00
st_il_prof_licensing,failed,1,2026-07-02T21:34:04.954211+00:00
st_il_spend,failed,1,2026-07-02T21:34:06.573043+00:00
st_in_prof_licensing,failed,1,2026-07-02T21:34:08.317007+00:00
st_la_spend,failed,1,2026-07-02T22:02:07.215092+00:00
st_ma_lobby,failed,1,2026-07-02T22:02:55.628895+00:00
st_ma_prof_licensing,failed,1,2026-07-02T21:34:10.046492+00:00
st_mi_spend,failed,1,2026-07-02T22:02:58.714983+00:00
st_mn_lobby,failed,1,2026-07-02T22:03:00.919690+00:00
st_mn_spend,failed,1,2026-07-02T22:03:24.134910+00:00
st_nj_elec_lobby,failed,1,2026-07-02T22:03:32.232155+00:00
st_ny_biz,failed,1,2026-07-02T21:34:11.743038+00:00
st_ny_cf,failed,1,2026-07-02T22:03:33.626615+00:00
st_ny_courts,failed,1,2026-07-02T21:34:55.761946+00:00
st_ny_ethics_lobby,failed,1,2026-07-02T22:03:34.978255+00:00
st_ny_restaurant_inspections,failed,1,2026-07-02T21:34:58.970977+00:00
st_ny_spend,failed,1,2026-07-02T21:35:01.377804+00:00
st_oh_lobby,failed,1,2026-07-02T22:03:36.689249+00:00
st_pa_lobby,failed,1,2026-07-02T22:03:38.431824+00:00
st_pa_spend,failed,1,2026-07-02T21:35:04.225227+00:00
st_sd_spend,failed,1,2026-07-02T22:03:42.154821+00:00
st_tx_cf,failed,1,2026-07-02T22:03:44.087645+00:00
st_tx_ethics_lobby,failed,1,2026-07-02T22:03:45.583284+00:00
st_tx_procurement_esbd,failed,1,2026-07-02T22:03:59.570375+00:00
st_tx_spend,failed,1,2026-07-02T22:04:00.703953+00:00
st_va_lobby,failed,1,2026-07-02T22:04:02.277207+00:00
st_wa_cf,failed,1,2026-07-02T22:04:03.461225+00:00
st_wa_pdc_lobby,failed,1,2026-07-02T22:04:04.635342+00:00
st_wi_lobby,failed,1,2026-07-02T22:04:06.423346+00:00
xc_adsb_exchange,failed,1,2026-07-02T22:04:09.364539+00:00
xc_american_legal_pub,failed,1,2026-07-02T22:04:10.480983+00:00
xc_ballotpedia,failed,1,2026-07-02T21:35:08.286041+00:00
xc_berkeley_earth,failed,1,2026-07-02T21:35:13.170663+00:00
xc_biglocalnews,failed,1,2026-07-02T22:04:14.789089+00:00
xc_cap_hf_mirror,failed,1,2026-07-02T22:04:16.031931+00:00
xc_cornell_lii,failed,1,2026-07-02T22:04:17.635890+00:00
xc_crfb,failed,1,2026-07-02T22:04:19.361765+00:00
xc_crossref,failed,1,2026-07-02T22:04:21.129651+00:00
xc_crossref_funders,failed,1,2026-07-02T22:04:22.841523+00:00
xc_dataverse_project,failed,1,2026-07-02T22:04:23.967767+00:00
xc_digital_commonwealth,failed,1,2026-07-02T21:35:14.893139+00:00
xc_doaj,failed,1,2026-07-02T22:04:25.386849+00:00
xc_documentcloud,failed,1,2026-07-02T22:04:29.629185+00:00
xc_dolthub_hpt,failed,1,2026-07-02T21:35:22.546316+00:00
xc_dryad,failed,1,2026-07-02T22:04:34.394728+00:00
xc_edi_repository,failed,1,2026-07-02T22:04:35.752358+00:00
xc_enslaved_org,failed,1,2026-07-02T21:35:24.720514+00:00
xc_europe_pmc,failed,1,2026-07-02T22:05:00.625233+00:00
xc_eviction_lab,failed,1,2026-07-02T21:35:26.005349+00:00
xc_fatal_encounters,failed,1,2026-07-02T21:35:27.788789+00:00
xc_fatcat_wiki,failed,1,2026-07-02T22:05:43.518201+00:00
xc_figshare,failed,1,2026-07-02T22:05:46.319780+00:00
xc_flightaware_aeroapi,failed,1,2026-07-02T22:05:49.202442+00:00
xc_followthemoney,failed,1,2026-07-02T21:35:30.350264+00:00
xc_google_ngrams,failed,1,2026-07-02T22:05:56.283498+00:00
xc_govtrack,failed,1,2026-07-02T22:05:58.140458+00:00
xc_gun_violence_archive,failed,1,2026-07-02T21:35:34.570812+00:00
xc_harvard_dataverse,failed,1,2026-07-02T22:06:06.632106+00:00
xc_harvard_eda,failed,1,2026-07-02T21:35:50.417567+00:00
xc_hsdl,failed,1,2026-07-02T22:06:09.760972+00:00
xc_ia_scholar,failed,1,2026-07-02T22:06:10.875610+00:00
xc_icpsr,failed,1,2026-07-02T21:35:56.960146+00:00
xc_ipums,failed,1,2026-07-02T21:35:58.506729+00:00
xc_justia,failed,1,2026-07-02T21:35:59.676495+00:00
xc_kff_state_health,failed,1,2026-07-02T21:36:01.799582+00:00
xc_legiscan,failed,1,2026-07-02T22:06:11.953261+00:00
xc_legistorm,failed,1,2026-07-02T22:06:13.735162+00:00
xc_mapping_police_violence,failed,1,2026-07-02T21:36:03.348501+00:00
xc_marshall_project,failed,1,2026-07-02T22:06:15.436540+00:00
xc_medsl_mit,failed,1,2026-07-02T21:36:13.275270+00:00
xc_muckrock,failed,1,2026-07-02T22:06:23.478912+00:00
xc_municode,failed,1,2026-07-02T22:07:09.795511+00:00
xc_natural_earth,failed,1,2026-07-02T21:36:15.801387+00:00
xc_nicar_data_library,failed,1,2026-07-02T22:07:13.528540+00:00
xc_occrp_aleph,failed,1,2026-07-02T21:36:26.516681+00:00
xc_open_library,failed,1,2026-07-02T22:07:15.228810+00:00
xc_openhistoricalmap,failed,1,2026-07-02T21:36:31.336174+00:00
xc_opensecrets_bulk,failed,1,2026-07-02T21:36:33.456570+00:00
xc_opensky_network,failed,1,2026-07-02T22:07:16.438736+00:00
xc_openstates_plural,failed,1,2026-07-02T22:07:17.820306+00:00
xc_openstreetmap,failed,1,2026-07-02T22:07:21.487499+00:00
xc_opentrials,failed,1,2026-07-02T22:07:23.519627+00:00
xc_osf,failed,1,2026-07-02T22:07:29.934485+00:00
xc_patientrightsadvocate_hpt,failed,1,2026-07-02T21:36:35.025246+00:00
xc_pew_datasets,failed,1,2026-07-02T22:07:31.326583+00:00
xc_pile_of_law,failed,1,2026-07-02T22:07:32.769363+00:00
xc_prison_policy,failed,1,2026-07-02T22:07:35.090135+00:00
xc_propublica_congress,failed,1,2026-07-02T22:07:36.340268+00:00
xc_propublica_nonprofit,failed,1,2026-07-02T21:36:36.358742+00:00
xc_public_resource,failed,1,2026-07-02T22:07:37.843853+00:00
xc_pudl,failed,1,2026-07-02T22:07:46.104725+00:00
xc_ror,failed,1,2026-07-02T22:07:48.063285+00:00
xc_stanford_opp,failed,1,2026-07-02T22:07:49.599043+00:00
xc_state_lobby_summary,failed,1,2026-07-02T22:07:51.341450+00:00
xc_stateag_litigation_db,failed,1,2026-07-02T22:07:55.271709+00:00
xc_stateimpact_ag_actions,failed,1,2026-07-02T22:07:58.499908+00:00
xc_tax_foundation,failed,1,2026-07-02T22:08:00.784517+00:00
xc_the_markup,failed,1,2026-07-02T22:08:03.203924+00:00
xc_trac_syracuse,failed,1,2026-07-02T22:08:05.306015+00:00
xc_tribal_datagov,failed,1,2026-07-02T21:36:37.614554+00:00
xc_unitedstates_congress,failed,1,2026-07-02T22:08:07.656747+00:00
xc_urban_institute,failed,1,2026-07-02T21:36:38.787307+00:00
xc_usafacts,failed,1,2026-07-02T21:36:40.133966+00:00
xc_vest_precinct,failed,1,2026-07-02T21:36:54.006257+00:00
xc_votesmart,failed,1,2026-07-02T22:08:11.544609+00:00
xc_wapo_fatalforce,failed,1,2026-07-02T21:36:56.012285+00:00
xc_wikidata,failed,1,2026-07-02T21:37:03.420031+00:00
xc_zenodo,failed,1,2026-07-02T22:08:14.167973+00:00
