id,region,publisher,degree,connected
BILLS,UNCHARTED,,0,0
BILL_COSPONSORS,UNCHARTED,,0,0
CA_LOBBY_AMENDMENTS,UNCHARTED,,0,0
CA_LOBBY_CHG_LOG,UNCHARTED,California Secretary of State,40,1
CA_LOBBY_CONTRIBUTIONS,UNCHARTED,,0,0
CA_LOBBY_COVER,UNCHARTED,,0,0
CA_LOBBY_EMPLOYER,UNCHARTED,,0,0
CA_LOBBY_FIRM,UNCHARTED,,0,0
CA_LOBBY_FIRM_EMPLOYER,UNCHARTED,,0,0
COUNTY_DOUBLE_BURDEN,UNCHARTED,,0,0
DEBT_REPAYMENT_CLIFF,UNCHARTED,,0,0
DIM_GEOGRAPHY,UNCHARTED,,0,0
DIM_STATE,UNCHARTED,,0,0
EPA_PENALTY_GAP,UNCHARTED,,0,0
FEC_CANDIDATE,UNCHARTED,,0,0
FEC_CANDIDATE_SUMMARY,UNCHARTED,,0,0
FEC_CAND_CMTE_LINK,UNCHARTED,,0,0
FEC_COMMITTEE,UNCHARTED,,0,0
FED_ATF_FFL,UNCHARTED,,36,1
FED_ATF_FFL_LOCATIONS,UNCHARTED,,2,1
FED_BJS_DATA,UNCHARTED,,0,0
FED_BLS_QCEW,FINANCE & CORPORATES,U.S. Bureau of Labor Statistics (BLS),12,1
FED_BOP_STATISTICS,UNCHARTED,,0,0
FED_CDC_ANXIETY_DEPRESSION,UNCHARTED,,0,0
FED_CDC_DATA_PORTAL,UNCHARTED,,0,0
FED_CDC_DRUG_POISONING_COUNTY,HEALTH,CDC NCHS,12,1
FED_CDC_HEALTH_INSURANCE,UNCHARTED,,0,0
FED_CDC_INJURY_VIOLENCE_COUNTY,HEALTH,CDC,12,1
FED_CDC_LEADING_CAUSES_STATE,UNCHARTED,,0,0
FED_CDC_NNDSS_WEEKLY_2024,UNCHARTED,,0,0
FED_CDC_OVERDOSE,UNCHARTED,,0,0
FED_CDC_SUICIDE_RATES,UNCHARTED,,0,0
FED_CDC_WONDER,UNCHARTED,,0,0
FED_CFPB_COMPLAINTS,FINANCE & CORPORATES,Consumer Financial Protection Bureau (CFPB),0,0
FED_CFPB_HMDA,SOCIETY & RESEARCH,Consumer Financial Protection Bureau (CFPB) / FFIEC,6,1
FED_CFPB_HMDA_ARID2017_LEI_XREF,SOCIETY & RESEARCH,Consumer Financial Protection Bureau (CFPB) / FFIEC,7,1
FED_CFPB_HMDA_DC_ONLY,UNCHARTED,,0,0
FED_CFPB_HMDA_HISTORIC,SOCIETY & RESEARCH,Consumer Financial Protection Bureau (CFPB) / FFIEC,3,1
FED_CFPB_HMDA_LAR,SOCIETY & RESEARCH,Consumer Financial Protection Bureau (CFPB) / FFIEC,6,1
FED_CFTC_COT_FINANCIAL,UNCHARTED,,0,0
FED_CFTC_COT_FUTURES,UNCHARTED,,0,0
FED_CISA_KEV,UNCHARTED,,0,0
FED_CLINICALTRIALS,UNCHARTED,,0,0
FED_CMS_AMBULATORY_SPECIALTY_MODEL_PARTICIPANTS,HEALTH,,40,1
FED_CMS_DIALYSIS,HEALTH,CMS — Provider Data Catalog,44,1
FED_CMS_FACILITY_AFFILIATION,HEALTH,CMS — Provider Data Catalog,49,1
FED_CMS_FACILITY_LEVEL_MINIMUM_DATA_SET_FREQUENCY,HEALTH,,64,1
FED_CMS_FEDERALLY_QUALIFIED_HEALTH_CENTER_ENROLLMENTS,HEALTH,,28,1
FED_CMS_FISCAL_INTERMEDIARY_SHARED_SYSTEM_ATTENDING_AND_RENDERING,HEALTH,,46,1
FED_CMS_HCRIS,HEALTH,Centers for Medicare & Medicaid Services (CMS),80,1
FED_CMS_HOME_HEALTH,HEALTH,CMS — Provider Data Catalog,53,1
FED_CMS_HOME_HEALTH_AGENCY_ENROLLMENTS,HEALTH,CMS — Provider Data Catalog,66,1
FED_CMS_HOSPICE,HEALTH,CMS — Provider Data Catalog,47,1
FED_CMS_HOSPICE_ENROLLMENTS,HEALTH,CMS — Provider Data Catalog,61,1
FED_CMS_HOSPITAL_COMPARE,UNCHARTED,,0,0
FED_CMS_HOSPITAL_ENROLLMENTS,HEALTH,,76,1
FED_CMS_HOSPITAL_GENERAL,HEALTH,CMS — Provider Data Catalog,80,1
FED_CMS_IRF,HEALTH,CMS — Provider Data Catalog,61,1
FED_CMS_LTCH,HEALTH,CMS — Provider Data Catalog,37,1
FED_CMS_MEDICARE_DIABETES_PREVENTION_PROGRAM,HEALTH,,40,1
FED_CMS_MEDICARE_DIALYSIS_FACILITIES,HEALTH,,33,1
FED_CMS_MEDICARE_DURABLE_MEDICAL_EQUIPMENT_DEVICES_SUPPLIES_BY_REFER,HEALTH,,61,1
FED_CMS_MEDICARE_DURABLE_MEDICAL_EQUIPMENT_DEVICES_SUPPLIES_BY_SUPPL,HEALTH,,71,1
FED_CMS_MEDICARE_FEE_FOR_SERVICE_PUBLIC_PROVIDER_ENROLLMENT,HEALTH,,49,1
FED_CMS_MEDICARE_INPATIENT_HOSPITALS_BY_PROVIDER,HEALTH,,73,1
FED_CMS_MEDICARE_INPATIENT_HOSPITALS_BY_PROVIDER_AND_SERVICE,HEALTH,,73,1
FED_CMS_MEDICARE_OUTPATIENT_HOSPITALS_BY_PROVIDER_AND_SERVICE,HEALTH,,75,1
FED_CMS_MEDICARE_PHYSICIAN_OTHER_PRACTITIONERS_BY_PROVIDER,HEALTH,,97,1
FED_CMS_MEDICARE_PHYSICIAN_OTHER_PRACTITIONERS_BY_PROVIDER_AND_SERVI,HEALTH,,97,1
FED_CMS_MEDICARE_PROVIDER,HEALTH,Centers for Medicare & Medicaid Services (CMS),97,1
FED_CMS_NADAC,HEALTH,CMS / Medicaid (data.medicaid.gov),1,1
FED_CMS_NPPES,HEALTH,Centers for Medicare & Medicaid Services (CMS),50,1
FED_CMS_NURSING_HOME,HEALTH,Centers for Medicare & Medicaid Services (CMS),67,1
FED_CMS_NURSING_HOME_DEFICIENCIES,HEALTH,Centers for Medicare & Medicaid Services (CMS),64,1
FED_CMS_NURSING_HOME_FIRE_DEFICIENCIES,HEALTH,Centers for Medicare & Medicaid Services (CMS),63,1
FED_CMS_NURSING_HOME_PENALTIES,HEALTH,Centers for Medicare & Medicaid Services (CMS),52,1
FED_CMS_OPEN_PAYMENTS,HEALTH,CMS — Open Payments,46,1
FED_CMS_OPEN_PAYMENTS_2022,HEALTH,Centers for Medicare & Medicaid Services (CMS),46,1
FED_CMS_OPEN_PAYMENTS_2023,HEALTH,Centers for Medicare & Medicaid Services (CMS),46,1
FED_CMS_OPEN_PAYMENTS_PROFILE_SUPPLEMENT,HEALTH,CMS — Open Payments,46,1
FED_CMS_OPIOID_TREATMENT_PROGRAM_PROVIDERS,HEALTH,,32,1
FED_CMS_OPT_OUT_AFFIDAVITS,HEALTH,,44,1
FED_CMS_ORDER_AND_REFERRING,HEALTH,,46,1
FED_CMS_PARTD_PRESCRIBERS,UNCHARTED,,0,0
FED_CMS_PARTD_PRESCRIBER_DRUG,HEALTH,Centers for Medicare & Medicaid Services,46,1
FED_CMS_PART_D_PRESCRIBERS,HEALTH,Centers for Medicare & Medicaid Services (CMS),78,1
FED_CMS_PECOS_PROVIDER_ENROLLMENT,HEALTH,,49,1
FED_CMS_PENDING_INITIAL_LOGGING_AND_TRACKING_NON_PHYSICIANS,HEALTH,,22,1
FED_CMS_PENDING_INITIAL_LOGGING_AND_TRACKING_PHYSICIANS,HEALTH,,27,1
FED_CMS_POS_OTHER,HEALTH,CMS,84,1
FED_CMS_QUALITY_PAYMENT_PROGRAM_EXPERIENCE,HEALTH,,46,1
FED_CMS_RURAL_HEALTH_CLINIC_ENROLLMENTS,HEALTH,,51,1
FED_CMS_SKILLED_NURSING_FACILITY_ENROLLMENTS,HEALTH,,63,1
FED_CONGRESS_COMMITTEE_MEMBERSHIP,GOVERNMENT,"@unitedstates project (congress-legislators, public domain)",4,1
FED_CONGRESS_LEGISLATORS,GOVERNMENT,"@unitedstates project (community, public domain)",5,1
FED_CONSOLIDATED_SCREENING_LIST,JUSTICE & ENFORCEMENT,"International Trade Administration / trade.gov (aggregating BIS, State, OFAC)",1,1
FED_COURTLISTENER_CITATIONS,UNCHARTED,,0,0
FED_COURTLISTENER_COURTHOUSES,UNCHARTED,,3,1
FED_COURTLISTENER_COURTS,UNCHARTED,,4,1
FED_COURTLISTENER_DISCLOSURE_AGREEMENTS,UNCHARTED,,0,0
FED_COURTLISTENER_DISCLOSURE_DEBTS,UNCHARTED,,0,0
FED_COURTLISTENER_DISCLOSURE_GIFTS,UNCHARTED,,0,0
FED_COURTLISTENER_DISCLOSURE_NON_INVESTMENT_INCOME,UNCHARTED,,0,0
FED_COURTLISTENER_DISCLOSURE_POSITIONS,UNCHARTED,,0,0
FED_COURTLISTENER_DISCLOSURE_REIMBURSEMENTS,UNCHARTED,,0,0
FED_COURTLISTENER_DISCLOSURE_SPOUSAL_INCOME,UNCHARTED,,0,0
FED_COURTLISTENER_DOCKETS,UNCHARTED,,9,1
FED_COURTLISTENER_FINANCIAL_DISCLOSURES,UNCHARTED,,7,1
FED_COURTLISTENER_FJC_IDB_CL_LINKED,UNCHARTED,,0,0
FED_COURTLISTENER_INVESTMENTS,UNCHARTED,,0,0
FED_COURTLISTENER_JUDGES,UNCHARTED,,7,1
FED_COURTLISTENER_JUDGE_EDUCATIONS,UNCHARTED,,7,1
FED_COURTLISTENER_JUDGE_POLITICAL_AFFILIATIONS,UNCHARTED,,7,1
FED_COURTLISTENER_JUDGE_RACES,UNCHARTED,,7,1
FED_COURTLISTENER_OPINION_CLUSTERS,UNCHARTED,,0,0
FED_COURTLISTENER_ORAL_ARGUMENTS,UNCHARTED,,0,0
FED_COURTLISTENER_ORIGINATING_COURT_INFO,UNCHARTED,,7,1
FED_COURTLISTENER_POSITIONS,UNCHARTED,,9,1
FED_COURTLISTENER_SCHOOLS,UNCHARTED,,22,1
FED_CPSC_NEISS,UNCHARTED,,0,0
FED_DEA_ARCOS,UNCHARTED,,0,0
FED_DEA_ARCOS_FULL,UNCHARTED,,57,1
FED_DHS_HIFLD,ENVIRONMENT & ENERGY,Department of Homeland Security (DHS) / CISA,0,0
FED_DHS_OHSS,UNCHARTED,,0,0
FED_DHS_YEARBOOK,UNCHARTED,,0,0
FED_DOJ_FCA_SETTLEMENTS,UNCHARTED,,0,0
FED_DOL_EBSA_FORM5500_SCHEDULE_SB,FINANCE & CORPORATES,,36,1
FED_DOL_FORM5500,FINANCE & CORPORATES,U.S. Department of Labor - Employee Benefits Security Administration (EBSA),50,1
FED_DOL_FORM5500_FULL,FINANCE & CORPORATES,"U.S. Department of Labor, Employee Benefits Security Administration (EBSA)",2,1
FED_DOL_OFCCP_CSAL,FINANCE & CORPORATES,,30,1
FED_DOL_OFLC,JUSTICE & ENFORCEMENT,"U.S. Department of Labor, Office of Foreign Labor Certification (OFLC)",0,0
FED_DOL_OLMS,FINANCE & CORPORATES,,19,1
FED_EAC_EAVS,UNCHARTED,,0,0
FED_ED_COLLEGE_SCORECARD_INSTITUTION,UNCHARTED,,4,1
FED_EIA860_1_UTILITY,UNCHARTED,,46,1
FED_EIA860_2_PLANT,UNCHARTED,,51,1
FED_EIA860_3_1_GENERATOR,UNCHARTED,,1,1
FED_EIA860_3_2_WIND,UNCHARTED,,0,0
FED_EIA860_3_3_SOLAR,UNCHARTED,,0,0
FED_EIA860_3_4_ENERGY_STORAGE,UNCHARTED,,0,0
FED_EIA860_3_5_MULTIFUEL,UNCHARTED,,0,0
FED_EIA860_4_OWNER,UNCHARTED,,14,1
FED_EIA860_6_2_ENVIROEQUIP,UNCHARTED,,0,0
FED_EIA861_ADVANCED_METERS,UNCHARTED,,0,0
FED_EIA861_DELIVERY_COMPANIES,UNCHARTED,,0,0
FED_EIA861_DEMAND_RESPONSE,UNCHARTED,,0,0
FED_EIA861_DISTRIBUTION_SYSTEMS,UNCHARTED,,0,0
FED_EIA861_DYNAMIC_PRICING,UNCHARTED,,0,0
FED_EIA861_ENERGY_EFFICIENCY,UNCHARTED,,0,0
FED_EIA861_FRAME,UNCHARTED,,0,0
FED_EIA861_MERGERS,UNCHARTED,,0,0
FED_EIA861_NET_METERING,UNCHARTED,,0,0
FED_EIA861_NON_NET_METERING_DISTRIBUTED,UNCHARTED,,0,0
FED_EIA861_OPERATIONAL_DATA,UNCHARTED,,0,0
FED_EIA861_RELIABILITY,UNCHARTED,,0,0
FED_EIA861_SALES_ULT_CUST,UNCHARTED,,0,0
FED_EIA861_SALES_ULT_CUST_CS,UNCHARTED,,0,0
FED_EIA861_SERVICE_TERRITORY,UNCHARTED,,0,0
FED_EIA861_SHORT_FORM,UNCHARTED,,0,0
FED_EIA861_UTILITY_DATA,UNCHARTED,,1,1
FED_EIA_861_BALANCING_AUTHORITY,UNCHARTED,,0,0
FED_EPA_AIR_EMISSIONS_POLL_RPT_COMBINED_EMISSIONS,ENVIRONMENT & ENERGY,,15,1
FED_EPA_AQS_SITES,ENVIRONMENT & ENERGY,,34,1
FED_EPA_CAMPD_FACILITY,ENVIRONMENT & ENERGY,,1,1
FED_EPA_ECHO,ENVIRONMENT & ENERGY,U.S. Environmental Protection Agency,33,1
FED_EPA_EGRID_PLANT_2022,ENVIRONMENT & ENERGY,,5,1
FED_EPA_ENVIROFACTS,ENVIRONMENT & ENERGY,U.S. Environmental Protection Agency (EPA),18,1
FED_EPA_FRS_FACILITIES,UNCHARTED,,0,0
FED_EPA_FRS_FRS_NAICS_CODES,ENVIRONMENT & ENERGY,,15,1
FED_EPA_FRS_FRS_PROGRAM_LINKS,ENVIRONMENT & ENERGY,,112,1
FED_EPA_FRS_FRS_SIC_CODES,ENVIRONMENT & ENERGY,,15,1
FED_EPA_FRS_FULL,ENVIRONMENT & ENERGY,Environmental Protection Agency,112,1
FED_EPA_GHGRP_EMISSION,UNCHARTED,,0,0
FED_EPA_GHGRP_FACILITY,ENVIRONMENT & ENERGY,,66,1
FED_EPA_ICIS_AIR_ICIS_AIR_FACILITIES,ENVIRONMENT & ENERGY,,91,1
FED_EPA_ICIS_AIR_ICIS_AIR_FORMAL_ACTIONS,UNCHARTED,,0,0
FED_EPA_ICIS_AIR_ICIS_AIR_INFORMAL_ACTIONS,UNCHARTED,,0,0
FED_EPA_ICIS_AIR_ICIS_AIR_PROGRAMS,UNCHARTED,,0,0
FED_EPA_ICIS_AIR_ICIS_AIR_STACK_TESTS,UNCHARTED,,0,0
FED_EPA_ICIS_AIR_ICIS_AIR_TITLEV_CERTS,UNCHARTED,,0,0
FED_EPA_ICIS_AIR_ICIS_AIR_VIOLATION_HISTORY,UNCHARTED,,0,0
FED_EPA_ICIS_FEC_CASE_ENFORCEMENT_CONCLUSION_FACILITIES,ENVIRONMENT & ENERGY,,80,1
FED_EPA_ICIS_FEC_CASE_FACILITIES,ENVIRONMENT & ENERGY,,80,1
FED_EPA_ICIS_FEC_EPA_INFORMAL_ENFORCEMENT_ACTIONS,ENVIRONMENT & ENERGY,,15,1
FED_EPA_ICIS_FEC_ICIS_FEC_EPA_INSPECTIONS,ENVIRONMENT & ENERGY,,15,1
FED_EPA_NPDES_ICIS_FACILITIES,ENVIRONMENT & ENERGY,,97,1
FED_EPA_NPDES_NPDES_CS_VIOLATIONS,ENVIRONMENT & ENERGY,,9,1
FED_EPA_NPDES_NPDES_FORMAL_ENFORCEMENT_ACTIONS,ENVIRONMENT & ENERGY,,9,1
FED_EPA_NPDES_NPDES_INFORMAL_ENFORCEMENT_ACTIONS,ENVIRONMENT & ENERGY,,23,1
FED_EPA_NPDES_NPDES_INSPECTIONS,ENVIRONMENT & ENERGY,,23,1
FED_EPA_NPDES_NPDES_NAICS,ENVIRONMENT & ENERGY,,9,1
FED_EPA_NPDES_NPDES_PS_VIOLATIONS,ENVIRONMENT & ENERGY,,9,1
FED_EPA_NPDES_NPDES_QNCR_HISTORY,ENVIRONMENT & ENERGY,,9,1
FED_EPA_NPDES_NPDES_SE_VIOLATIONS,ENVIRONMENT & ENERGY,,9,1
FED_EPA_NPDES_NPDES_SICS,ENVIRONMENT & ENERGY,,9,1
FED_EPA_RCRA_ENFORCEMENTS,UNCHARTED,,0,0
FED_EPA_RCRA_EVALUATIONS,UNCHARTED,,0,0
FED_EPA_RCRA_FACILITIES,ENVIRONMENT & ENERGY,,97,1
FED_EPA_RCRA_RCRA_NAICS,ENVIRONMENT & ENERGY,,0,0
FED_EPA_RCRA_VIOLATIONS,UNCHARTED,,0,0
FED_EPA_RCRA_VIOSNC_HISTORY,UNCHARTED,,0,0
FED_EPA_SDWA_SDWA_EVENTS_MILESTONES,ENVIRONMENT & ENERGY,,9,1
FED_EPA_SDWA_SDWA_FACILITIES,ENVIRONMENT & ENERGY,,9,1
FED_EPA_SDWA_SDWA_GEOGRAPHIC_AREAS,ENVIRONMENT & ENERGY,,9,1
FED_EPA_SDWA_SDWA_LCR_SAMPLES,ENVIRONMENT & ENERGY,,9,1
FED_EPA_SDWA_SDWA_PN_VIOLATION_ASSOC,ENVIRONMENT & ENERGY,,9,1
FED_EPA_SDWA_SDWA_PUB_WATER_SYSTEMS,ENVIRONMENT & ENERGY,,84,1
FED_EPA_SDWA_SDWA_SERVICE_AREAS,ENVIRONMENT & ENERGY,,9,1
FED_EPA_SDWA_SDWA_SITE_VISITS,ENVIRONMENT & ENERGY,,9,1
FED_EPA_SDWA_SDWA_VIOLATIONS_ENFORCEMENT,ENVIRONMENT & ENERGY,,9,1
FED_EPA_SUPERFUND_SITE_BOUNDARIES,ENVIRONMENT & ENERGY,U.S. Environmental Protection Agency,16,1
FED_EPA_TRI_BASIC_2023,ENVIRONMENT & ENERGY,,46,1
FED_EPA_TRI_FACILITY,ENVIRONMENT & ENERGY,,55,1
FED_FAA_AIRCRAFT_REGISTRY,UNCHARTED,FAA — Civil Aviation Registry,62,1
FED_FAA_REGISTRY,UNCHARTED,,0,0
FED_FAC_SINGLE_AUDIT,UNCHARTED,,89,1
FED_FARA_BULK,MONEY & POLITICS,U.S. Department of Justice – FARA Unit,2,1
FED_FATCA_FFI,UNCHARTED,Internal Revenue Service (IRS),0,0
FED_FBI_CDE,UNCHARTED,,0,0
FED_FBI_NICS_CHECKS,UNCHARTED,,0,0
FED_FCC_LICENSING,GOVERNMENT,Federal Communications Commission (FCC),37,1
FED_FDA_CAERS,UNCHARTED,,0,0
FED_FDA_DEVICE_510K,UNCHARTED,,0,0
FED_FDA_DEVICE_ENFORCEMENT,UNCHARTED,,0,0
FED_FDA_DEVICE_PMA,UNCHARTED,,0,0
FED_FDA_DRUG_ENFORCEMENT,UNCHARTED,,0,0
FED_FDA_DRUG_MASTER_FILES,UNCHARTED,,0,0
FED_FDA_ESTABLISHMENT_REG,UNCHARTED,,0,0
FED_FDA_FAERS_DEMO,UNCHARTED,,0,0
FED_FDA_FAERS_DRUG,UNCHARTED,,0,0
FED_FDA_FAERS_INDI,UNCHARTED,,0,0
FED_FDA_FAERS_OUTC,UNCHARTED,,0,0
FED_FDA_FAERS_REAC,UNCHARTED,,0,0
FED_FDA_GUDID,UNCHARTED,,0,0
FED_FDA_GUDID_FULL_DEVICE,UNCHARTED,FDA / NLM (AccessGUDID),2,1
FED_FDA_GUDID_FULL_IDENTIFIERS,UNCHARTED,FDA / NLM (AccessGUDID),1,1
FED_FDA_MAUDE,UNCHARTED,,0,0
FED_FDA_NDC_DIRECTORY,UNCHARTED,U.S. Food and Drug Administration (FDA),1,1
FED_FDA_PURPLE_BOOK,UNCHARTED,,0,0
FED_FDIC_BANK_DATA,FINANCE & CORPORATES,Federal Deposit Insurance Corporation (FDIC),26,1
FED_FDIC_FAILED_BANKS,UNCHARTED,,0,0
FED_FDIC_SOD_BRANCH_DEPOSITS,FINANCE & CORPORATES,,1,1
FED_FEC_API,MONEY & POLITICS,Federal Election Commission (FEC),3,1
FED_FEC_BULK,UNCHARTED,,0,0
FED_FEC_BULK_CANDIDATES,MONEY & POLITICS,Federal Election Commission,15,1
FED_FEC_BULK_COMMITTEES,MONEY & POLITICS,Federal Election Commission,7,1
FED_FEC_BULK_LINKAGES,MONEY & POLITICS,Federal Election Commission,7,1
FED_FEC_BULK_SUMMARY,MONEY & POLITICS,Federal Election Commission,5,1
FED_FEC_COMMITTEE_TO_CANDIDATE,MONEY & POLITICS,Federal Election Commission,42,1
FED_FEC_INDEPENDENT_EXPENDITURES,UNCHARTED,,0,0
FED_FEC_INDIV_CONTRIBUTIONS,MONEY & POLITICS,Federal Election Commission,70,1
FED_FEC_LEADERSHIP_PAC,MONEY & POLITICS,Federal Election Commission,7,1
FED_FEC_PAC_SUMMARY,MONEY & POLITICS,Federal Election Commission,6,1
FED_FEDERAL_REGISTER_DOCUMENTS,GOVERNMENT,"Office of the Federal Register, National Archives and Records Administration (NARA)",0,0
FED_FEMA_IA_HOUSING_REGISTRATIONS,UNCHARTED,,12,1
FED_FEMA_NFIP_COMMUNITY_STATUS_BOOK,UNCHARTED,,0,0
FED_FHFA_FHLB_MEMBERSHIP,UNCHARTED,,24,1
FED_FHFA_HPI,UNCHARTED,,0,0
FED_FHFA_NMDB,UNCHARTED,,0,0
FED_FHFA_SUSPENDED_COUNTERPARTIES,UNCHARTED,,0,0
FED_FINRA_MPID_LIST,UNCHARTED,,0,0
FED_FJC_IDB_APPELLATE,JUSTICE & ENFORCEMENT,"Federal Judicial Center (FJC), under a working arrangement with the Administrative Office of the U.S. Courts (AOUSC)",0,0
FED_FJC_IDB_BANKRUPTCY,JUSTICE & ENFORCEMENT,"Federal Judicial Center (FJC), under a working arrangement with the Administrative Office of the U.S. Courts (AOUSC)",0,0
FED_FJC_IDB_CIVIL,JUSTICE & ENFORCEMENT,"Federal Judicial Center (FJC), under a working arrangement with the Administrative Office of the U.S. Courts (AOUSC)",0,0
FED_FJC_IDB_CRIMINAL,JUSTICE & ENFORCEMENT,"Federal Judicial Center (FJC), under a working arrangement with the Administrative Office of the U.S. Courts (AOUSC)",0,0
FED_FJC_JUDGES,UNCHARTED,,0,0
FED_FJC_SERVICE,UNCHARTED,,0,0
FED_FMCSA_COMPANY_CENSUS,UNCHARTED,,2,1
FED_FOREIGNASSISTANCE,UNCHARTED,,0,0
FED_FRACFOCUS_DISCLOSURE_LIST,UNCHARTED,,0,0
FED_FRACFOCUS_REGISTRY,UNCHARTED,,0,0
FED_FRACFOCUS_WATER_SOURCE,UNCHARTED,,0,0
FED_FRA_CASUALTIES,UNCHARTED,FRA — Office of Safety Analysis,1,1
FED_FRA_CROSSING_INCIDENTS,UNCHARTED,,0,0
FED_FRA_EQUIPMENT_ACCIDENTS,UNCHARTED,FRA — Office of Safety Analysis,1,1
FED_FRA_RAIL_DEATHS_BY_RAILROAD,UNCHARTED,,0,0
FED_FTC_DATASETS,UNCHARTED,,0,0
FED_GOOGLE_POLADS_ADVERTISER_DECLARED_STATS,UNCHARTED,,0,0
FED_GOOGLE_POLADS_ADVERTISER_GEO_SPEND,UNCHARTED,,0,0
FED_GOOGLE_POLADS_ADVERTISER_STATS,UNCHARTED,,0,0
FED_GOOGLE_POLADS_ADVERTISER_WEEKLY_SPEND,UNCHARTED,,0,0
FED_GOOGLE_POLADS_CREATIVE_STATS,UNCHARTED,,0,0
FED_GOOGLE_POLADS_GEO_SPEND,UNCHARTED,,0,0
FED_GOVINFO_BILLSTATUS,GOVERNMENT,"U.S. Government Publishing Office (GovInfo, official)",4,1
FED_GOVINFO_BILL_COSPONSORS,GOVERNMENT,"U.S. Government Publishing Office (GovInfo, official)",4,1
FED_GRANTS_GOV,UNCHARTED,,0,0
FED_HHS_OIG_LEIE,HEALTH,HHS Office of Inspector General (OIG),43,1
FED_HRSA_HPSA_PRIMARY_CARE,HEALTH,,58,1
FED_HRSA_NPDB,UNCHARTED,,0,0
FED_HRSA_SHORTAGE_AREAS,HEALTH,"Health Resources & Services Administration (HRSA), Bureau of Health Workforce",56,1
FED_HRSA_UDS_HEALTH_CENTER_INFO,HEALTH,Health Resources and Services Administration (HRSA),1,1
FED_HRSA_UDS_SERVICE_DELIVERY_SITES,HEALTH,,48,1
FED_HUD_ASSISTED_HOUSING_PROJECTS,UNCHARTED,HUD (huduser.gov / Office of Policy Development & Research),30,1
FED_HUD_DATA,UNCHARTED,,0,0
FED_HUD_FHA_SF_PORTFOLIO_SNAPSHOT,UNCHARTED,,1,1
FED_HUD_MF_FIRM_COMMITMENTS,UNCHARTED,,0,0
FED_HUD_MF_SECTION8_CONTRACTS,UNCHARTED,,0,0
FED_HUD_PUBLIC_HOUSING_AUTHORITIES,UNCHARTED,,26,1
FED_ICE_DETAINERS,JUSTICE & ENFORCEMENT,"Deportation Data Project (UC Berkeley School of Law + Stanford Law School), based on FOIA-obtained U.S. Immigration and Customs Enforcement (ICE) records",2,1
FED_ICE_DETENTION_FACILITY_CODES,JUSTICE & ENFORCEMENT,,34,1
FED_ICE_DETENTION_FACILITY_LIST,UNCHARTED,,0,0
FED_ICE_DETENTION_STINTS,JUSTICE & ENFORCEMENT,"Deportation Data Project (UC Berkeley School of Law + Stanford Law School), based on FOIA-obtained U.S. Immigration and Customs Enforcement (ICE) records",2,1
FED_ICE_STATISTICS,JUSTICE & ENFORCEMENT,U.S. Immigration and Customs Enforcement (ICE),0,0
FED_ICIJ_OFFSHORELEAKS_ADDRESSES,UNCHARTED,International Consortium of Investigative Journalists (ICIJ),0,0
FED_ICIJ_OFFSHORELEAKS_ENTITIES,UNCHARTED,International Consortium of Investigative Journalists (ICIJ),0,0
FED_ICIJ_OFFSHORELEAKS_INTERMEDIARIES,UNCHARTED,International Consortium of Investigative Journalists (ICIJ),0,0
FED_ICIJ_OFFSHORELEAKS_OFFICERS,UNCHARTED,International Consortium of Investigative Journalists (ICIJ),0,0
FED_ICIJ_OFFSHORELEAKS_OTHERS,UNCHARTED,International Consortium of Investigative Journalists (ICIJ),0,0
FED_ICIJ_OFFSHORELEAKS_RELATIONSHIPS,UNCHARTED,,0,0
FED_IHS_FACILITIES,UNCHARTED,,0,0
FED_IHS_SCB_FACILITY,UNCHARTED,,0,0
FED_IRS_990,FINANCE & CORPORATES,Internal Revenue Service (IRS),8,1
FED_IRS_990_EFILE_INDEX,FINANCE & CORPORATES,Internal Revenue Service (via AWS Open Data),27,1
FED_IRS_AUTO_REVOCATIONS,FINANCE & CORPORATES,,91,1
FED_IRS_BMF,FINANCE & CORPORATES,Internal Revenue Service (IRS),107,1
FED_IRS_EO_BMF,FINANCE & CORPORATES,,105,1
FED_IRS_EO_PR,UNCHARTED,,0,0
FED_IRS_PUB78_ELIGIBLE_DONEES,FINANCE & CORPORATES,,25,1
FED_IRS_REVOCATION,FINANCE & CORPORATES,Internal Revenue Service (IRS) - Tax Exempt Organization Search (TEOS),91,1
FED_IRS_SOI,FINANCE & CORPORATES,IRS Statistics of Income (SOI) Division,0,0
FED_IRS_SOI_CHARITIES,FINANCE & CORPORATES,IRS Statistics of Income (SOI) Division,10,1
FED_ITIS_COMMENTS,UNCHARTED,,0,0
FED_ITIS_EXPERTS,UNCHARTED,,0,0
FED_ITIS_GEOGRAPHIC_DIV,UNCHARTED,,0,0
FED_ITIS_JURISDICTION,UNCHARTED,,0,0
FED_ITIS_KINGDOMS,UNCHARTED,,0,0
FED_ITIS_NODC_IDS,UNCHARTED,,0,0
FED_ITIS_OTHER_SOURCES,UNCHARTED,,0,0
FED_ITIS_PUBLICATIONS,UNCHARTED,,0,0
FED_ITIS_REFERENCE_LINKS,UNCHARTED,,0,0
FED_ITIS_SYNONYM_LINKS,UNCHARTED,,0,0
FED_ITIS_TAXONOMIC_UNITS,UNCHARTED,,0,0
FED_ITIS_TAXON_AUTHORS_LKP,UNCHARTED,,0,0
FED_ITIS_TAXON_UNIT_TYPES,UNCHARTED,,0,0
FED_ITIS_TU_COMMENTS_LINKS,UNCHARTED,,0,0
FED_ITIS_VERNACULARS,UNCHARTED,,0,0
FED_ITIS_VERN_REF_LINKS,UNCHARTED,,0,0
FED_JPML_PENDING_MDLS,UNCHARTED,,0,0
FED_MAPPING_INEQUALITY,UNCHARTED,,19,1
FED_MEDSL_HOUSE_RETURNS,UNCHARTED,,0,0
FED_MEDSL_PRESIDENT_RETURNS,UNCHARTED,,0,0
FED_MEDSL_SENATE_RETURNS,UNCHARTED,,0,0
FED_MSHA_ACCIDENTS,JUSTICE & ENFORCEMENT,Mine Safety and Health Administration (DOL),2,1
FED_MSHA_MINES,JUSTICE & ENFORCEMENT,Mine Safety and Health Administration (DOL),2,1
FED_MSHA_VIOLATIONS,JUSTICE & ENFORCEMENT,Mine Safety and Health Administration (DOL),2,1
FED_MSRB_REGISTRANTS,UNCHARTED,,0,0
FED_NAAG_MULTISTATE_SETTLEMENTS,UNCHARTED,,0,0
FED_NASA_OPEN_DATA,UNCHARTED,,0,0
FED_NCUA_CALL_REPORTS,UNCHARTED,,0,0
FED_NCUA_CALL_REPORTS_FOICU,FINANCE & CORPORATES,National Credit Union Administration (NCUA),38,1
FED_NCUA_CALL_REPORTS_FS220,FINANCE & CORPORATES,National Credit Union Administration (NCUA),3,1
FED_NCUA_CHARTER_MERGER_EVENTS,FINANCE & CORPORATES,,3,1
FED_NCUA_FEDERALLY_INSURED_CU_LIST,FINANCE & CORPORATES,,37,1
FED_NHTSA_COMPLAINTS,UNCHARTED,,0,0
FED_NHTSA_INVESTIGATIONS,UNCHARTED,,0,0
FED_NHTSA_RECALLS,UNCHARTED,,0,0
FED_NID_DAMS,UNCHARTED,,3,1
FED_NIH_REPORTER,SOCIETY & RESEARCH,National Institutes of Health (NIH),26,1
FED_NLM_DAILYMED_SPL_SETID_MAP,UNCHARTED,,0,0
FED_NOAA_AIS,ENVIRONMENT & ENERGY,NOAA Office for Coastal Management,1,1
FED_NOAA_STORM_EVENTS,UNCHARTED,,0,0
FED_NOAA_WEATHER_API,UNCHARTED,,16,1
FED_NSF_AWARDS,SOCIETY & RESEARCH,National Science Foundation (NSF),2,1
FED_NTSB_AVIATION_AIRCRAFT,UNCHARTED,National Transportation Safety Board,32,1
FED_NTSB_AVIATION_EVENTS,UNCHARTED,National Transportation Safety Board,33,1
FED_NTSB_AVIATION_INJURY,UNCHARTED,,0,0
FED_NURSINGHOME411,HEALTH,"Long Term Care Community Coalition (LTCCC), sourced from CMS",36,1
FED_OCC_NATIONAL_BANKS,UNCHARTED,,0,0
FED_OCC_THRIFTS,UNCHARTED,,0,0
FED_OFAC_SDN,JUSTICE & ENFORCEMENT,U.S. Treasury — Office of Foreign Assets Control,2,1
FED_OSHA_ITA_300A_SUMMARY_2023,UNCHARTED,,113,1
FED_OSHA_ITA_300A_SUMMARY_2024,UNCHARTED,,113,1
FED_OSHA_ITA_300A_SUMMARY_2025,UNCHARTED,,112,1
FED_OSHA_ITA_CASE_DETAIL_2023,UNCHARTED,,97,1
FED_OSHA_ITA_CASE_DETAIL_2024,UNCHARTED,,93,1
FED_OSHA_ITA_CASE_DETAIL_2025,UNCHARTED,,93,1
FED_OYEZ,JUSTICE & ENFORCEMENT,"Oyez (Cornell LII, Justia, Chicago-Kent College of Law)",1,1
FED_PBGC_DATA,UNCHARTED,,0,0
FED_PBGC_TRUSTEED_PENSION_PLANS,UNCHARTED,,35,1
FED_PBGC_TRUSTEED_PLANS,UNCHARTED,Pension Benefit Guaranty Corporation (PBGC),25,1
FED_PCAOB_FORM_AP_FILINGS,UNCHARTED,,33,1
FED_PHMSA_FLAGGED_INCIDENTS,UNCHARTED,Pipeline and Hazardous Materials Safety Administration,7,1
FED_RETRACTION_WATCH,UNCHARTED,,0,0
FED_SAM_ENTITY_PUBLIC,JUSTICE & ENFORCEMENT,,8,1
FED_SAM_EXCLUSIONS,JUSTICE & ENFORCEMENT,U.S. GSA — System for Award Management,18,1
FED_SAM_EXCLUSIONS_FULL_R2,JUSTICE & ENFORCEMENT,U.S. GSA — System for Award Management,47,1
FED_SBA_LOANS,MONEY & POLITICS,U.S. Small Business Administration (SBA) – Office of Capital Access,11,1
FED_SBA_PPP,UNCHARTED,,0,0
FED_SBIR_STTR_AWARDS,UNCHARTED,,27,1
FED_SCDB,JUSTICE & ENFORCEMENT,Washington University Law / Harold J. Spaeth,1,1
FED_SEC_13F_FILERS,FINANCE & CORPORATES,,35,1
FED_SEC_13F_SUBMISSIONS,FINANCE & CORPORATES,Securities and Exchange Commission,23,1
FED_SEC_BUSINESS_DEVELOPMENT_COMPANY_REPORT,FINANCE & CORPORATES,,17,1
FED_SEC_CLOSED_END_FUND_INFORMATION,FINANCE & CORPORATES,,10,1
FED_SEC_DERA_SUB_2024Q1,FINANCE & CORPORATES,,29,1
FED_SEC_DERA_SUB_2024Q2,FINANCE & CORPORATES,,28,1
FED_SEC_DERA_SUB_2024Q3,FINANCE & CORPORATES,,29,1
FED_SEC_DERA_SUB_2024Q4,FINANCE & CORPORATES,,28,1
FED_SEC_DERA_SUB_2025Q1,FINANCE & CORPORATES,,30,1
FED_SEC_DERA_SUB_2025Q2,FINANCE & CORPORATES,,30,1
FED_SEC_DERA_SUB_2025Q3,FINANCE & CORPORATES,,30,1
FED_SEC_DERA_SUB_2025Q4,FINANCE & CORPORATES,,29,1
FED_SEC_DERA_SUB_2026Q1,FINANCE & CORPORATES,,31,1
FED_SEC_EDGAR,UNCHARTED,,0,0
FED_SEC_EDGAR_COMPANY_TICKERS,FINANCE & CORPORATES,U.S. Securities and Exchange Commission (SEC) EDGAR,30,1
FED_SEC_EDGAR_FINANCIALS,FINANCE & CORPORATES,U.S. Securities and Exchange Commission (DERA),30,1
FED_SEC_EDGAR_INSIDERS,FINANCE & CORPORATES,U.S. Securities and Exchange Commission,29,1
FED_SEC_INSIDER_DERIV_TRANS,UNCHARTED,,0,0
FED_SEC_INSIDER_NONDERIV_TRANS,UNCHARTED,,0,0
FED_SEC_INSIDER_REPORTINGOWNER,FINANCE & CORPORATES,U.S. Securities and Exchange Commission,25,1
FED_SEC_INSIDER_SUBMISSION,FINANCE & CORPORATES,U.S. Securities and Exchange Commission,2,1
FED_SEC_INVESTMENT_COMPANY_SERIES_CLASS,FINANCE & CORPORATES,,5,1
FED_SEC_MONEY_MARKET_FUND_INFORMATION,FINANCE & CORPORATES,,2,1
FED_SENATE_LDA_FILINGS,UNCHARTED,,0,0
FED_SLAVEVOYAGES_INTRAAMERICAN,UNCHARTED,,0,0
FED_SLAVEVOYAGES_TRANSATLANTIC,UNCHARTED,,0,0
FED_TREASURY_AVG_INTEREST_RATES,UNCHARTED,,0,0
FED_TREASURY_DEBT_OUTSTANDING,UNCHARTED,,0,0
FED_TREASURY_DEBT_TO_PENNY,UNCHARTED,,0,0
FED_TREASURY_DTS_DEPOSITS,UNCHARTED,,0,0
FED_TREASURY_MTS_RECEIPTS,UNCHARTED,,0,0
FED_USASPENDING_ASSISTANCE_FULL,MONEY & POLITICS,U.S. Department of the Treasury / USASpending.gov,30,1
FED_USASPENDING_BULK,UNCHARTED,,0,0
FED_USASPENDING_CONTRACTS,MONEY & POLITICS,U.S. Treasury — USASpending.gov,90,1
FED_USASPENDING_CONTRACTS_FULL,MONEY & POLITICS,U.S. Department of the Treasury / USASpending.gov,4,1
FED_USASPENDING_CONTRACTS_FULL_R2,MONEY & POLITICS,U.S. Treasury — USASpending.gov,4,1
FED_USASPENDING_SUBAWARDS,UNCHARTED,,0,0
FED_USASPENDING_SUBAWARDS_FULL,MONEY & POLITICS,Treasury USAspending / GSA SAM.gov,3,1
FED_USASPENDING_TOPTIER_AGENCIES,UNCHARTED,,0,0
FED_USCG_NRC_INCIDENTS,UNCHARTED,,69,1
FED_USCG_VESSEL_DOCUMENTATION,UNCHARTED,,1,1
FED_USDA_RD_MFH_ACTIVE_PROJECTS,UNCHARTED,,15,1
FED_USGS_EARTHQUAKES,UNCHARTED,,0,0
FED_USGS_GNIS_ALL_NAMES,UNCHARTED,,0,0
FED_USGS_MINERALS,ENVIRONMENT & ENERGY,U.S. Geological Survey – National Minerals Information Center,0,0
FED_USGS_ORPHANED_OIL_GAS_WELLS,UNCHARTED,,0,0
FED_USGS_TOPOVIEW,UNCHARTED,,0,0
FED_USGS_WATER,UNCHARTED,,0,0
FED_USGS_WBD_HUC8,UNCHARTED,,0,0
FED_US_SEC_EDGAR,UNCHARTED,,0,0
FED_US_USASPENDING_API,UNCHARTED,,0,0
FED_VA_ALLCAUSE_MORTALITY,UNCHARTED,,0,0
FED_VA_SUICIDE_NATIONAL,UNCHARTED,,0,0
FED_VA_SUICIDE_STATE,UNCHARTED,,0,0
FED_VOTEVIEW_MEMBERS,GOVERNMENT,Voteview / UCLA (Lewis et al.),5,1
FED_VOTEVIEW_ROLLCALLS,GOVERNMENT,Voteview / UCLA (Lewis et al.),2,1
FED_VOTEVIEW_ROLLCALL_META,UNCHARTED,,0,0
FED_WPA_SLAVE_NARRATIVES,UNCHARTED,,0,0
FED_WQP_MONITORING_STATIONS,UNCHARTED,,0,0
FJC_APPOINTMENT,UNCHARTED,,0,0
FJC_JUDGE,UNCHARTED,,0,0
FJC_SCOTUS_CROSSWALK,UNCHARTED,,0,0
INTL_AR_DATOSGOB,UNCHARTED,,0,0
INTL_CA_OPEN_CANADA,UNCHARTED,,0,0
INTL_CH_OPENDATASWISS,UNCHARTED,,0,0
INTL_CL_DATOSGOB,UNCHARTED,,0,0
INTL_DE_GOVDATA,UNCHARTED,,0,0
INTL_EC_SERCOP,UNCHARTED,,0,0
INTL_ELECTIONS_CANADA_CONTRIBUTIONS,UNCHARTED,,0,0
INTL_EMBER_ELEC,ENVIRONMENT & ENERGY,Ember (Ember Energy Research CIC),0,0
INTL_EMBL_ENSEMBL,UNCHARTED,,0,0
INTL_ES_BORME,FINANCE & CORPORATES,Agencia Estatal Boletín Oficial del Estado (AEBOE),0,0
INTL_ES_DATOSGOB,UNCHARTED,,0,0
INTL_EURLEX_CELLAR,UNCHARTED,,0,0
INTL_EUROSTAT,UNCHARTED,,0,0
INTL_EU_SANCTIONS,JUSTICE & ENFORCEMENT,"Directorate-General for Financial Stability, Financial Services and Capital Markets Union (DG FISMA), European Commission",0,0
INTL_EU_SOCTA_EUROPOL,UNCHARTED,,0,0
INTL_FAO_FAOSTAT,UNCHARTED,,0,0
INTL_FAO_FAOSTAT_FOOD_SECURITY,UNCHARTED,,0,0
INTL_FREEDOMHOUSE,GOVERNMENT,Freedom House,0,0
INTL_FR_DATA_GOUV,UNCHARTED,,0,0
INTL_FR_DATA_GOUV_FULL,UNCHARTED,,19,1
INTL_GDELT,ENVIRONMENT & ENERGY,GDELT Project,0,0
INTL_GEM_HAZARD,ENVIRONMENT & ENERGY,GEM Foundation (Global Earthquake Model),0,0
INTL_GLEIF,FINANCE & CORPORATES,Global Legal Entity Identifier Foundation (GLEIF),9,1
INTL_GLEIF_RELATIONSHIPS,FINANCE & CORPORATES,,1,1
INTL_GLEIF_REPEX,FINANCE & CORPORATES,Global Legal Entity Identifier Foundation (GLEIF),6,1
INTL_GLOBAL_WITNESS_DEFENDERS,ENVIRONMENT & ENERGY,Global Witness,0,0
INTL_GR_DATAGOV,UNCHARTED,,0,0
INTL_HEALTHCANADA_DPD_DRUG,UNCHARTED,,0,0
INTL_HUDOC,JUSTICE & ENFORCEMENT,European Court of Human Rights (Council of Europe),0,0
INTL_IE_CRO,UNCHARTED,,0,0
INTL_IPC_FOOD_INSECURITY_GLOBAL,FINANCE & CORPORATES,Integrated Food Security Phase Classification (IPC) / FAO-hosted partnership,0,0
INTL_ISO_MIC_REGISTRY,UNCHARTED,,6,1
INTL_IT_ISTAT,UNCHARTED,,0,0
INTL_LEIDEN_RUSSIAN_OPS_EUROPE,UNCHARTED,,0,0
INTL_NTI_CNS_DPRK_MISSILE_TESTS,UNCHARTED,,1,1
INTL_OPENSANCTIONS,UNCHARTED,,0,0
INTL_OPENSANCTIONS_DEFAULT,UNCHARTED,,0,0
INTL_OSFI_REGULATED_FI,UNCHARTED,,0,0
INTL_OWID_MILSPEND,UNCHARTED,,0,0
INTL_UCDP_GED,JUSTICE & ENFORCEMENT,"Uppsala Conflict Data Program, Uppsala University",0,0
INTL_UK_COMPANIES_HOUSE,UNCHARTED,,0,0
INTL_UK_SANCTIONS_LIST,UNCHARTED,"UK Foreign, Commonwealth & Development Office (FCDO) / OFSI",1,1
INTL_VOETEN_UNGA_VOTES,UNCHARTED,,0,0
INTL_WB_IDS,FINANCE & CORPORATES,World Bank (Development Data Group / Debtor Reporting System),0,0
INT_UK_COMPANIES_HOUSE,UNCHARTED,UK Companies House,2,1
IRS527_8871_ORGS,UNCHARTED,Internal Revenue Service,44,1
IRS527_8872_REPORTS,UNCHARTED,Internal Revenue Service,11,1
IRS527_DIRECTORS_OFFICERS,UNCHARTED,Internal Revenue Service,49,1
IRS527_RELATED_ENTITIES,UNCHARTED,Internal Revenue Service,55,1
JCS_MEDIANS,UNCHARTED,,0,0
JUDGE_IDEOLOGY_COA,UNCHARTED,,0,0
JUDGE_IDEOLOGY_SCOTUS,UNCHARTED,,0,0
MEMBER_BILL_RECORD,UNCHARTED,,0,0
MEMBER_CROSSWALK,UNCHARTED,,0,0
MEMBER_FEC_ID,UNCHARTED,,0,0
MEMBER_INDIV_DONATIONS,UNCHARTED,,0,0
MEMBER_MONEY_RAISED,UNCHARTED,,0,0
MEMBER_PAC_MONEY,UNCHARTED,,0,0
MEMBER_SPINE,UNCHARTED,,0,0
MEMBER_VOTING_RECORD,UNCHARTED,,0,0
PHARMA_MEAL_CAP_FINGERPRINT,UNCHARTED,,0,0
RACIAL_JAIL_DISPARITY,UNCHARTED,,0,0
SCOTUS_JUSTICE,UNCHARTED,,0,0
SENATE_TRADES,UNCHARTED,,0,0
STATE_MO_SEX_OFFENDER_REGISTRY,UNCHARTED,Missouri State Highway Patrol (MSHP),2,1
ST_CANNABIS_POLICY_BUNDLES,UNCHARTED,,0,0
ST_NYC_CFB_CAMPAIGN_2001_CONTRIBUTION,UNCHARTED,,29,1
ST_NYC_CFB_CAMPAIGN_2009_CONTRIBUTION,UNCHARTED,,20,1
ST_NYC_CFB_CAMPAIGN_2013_CONTRIBUTION,UNCHARTED,,22,1
ST_NYC_CFB_CAMPAIGN_2021_CONTRIBUTIONS,UNCHARTED,,29,1
ST_NYC_CFB_CAMPAIGN_2025_CONTRIBUTIONS,UNCHARTED,,26,1
ST_OEHHA_PROPOSITION_65_LIST,UNCHARTED,,0,0
TX_LOBBY_AWARDS,UNCHARTED,,0,0
TX_LOBBY_COVER,UNCHARTED,,0,0
TX_LOBBY_DOCKETS,UNCHARTED,,0,0
TX_LOBBY_ENTERTAINMENT,UNCHARTED,,0,0
TX_LOBBY_EVENTS,UNCHARTED,,0,0
TX_LOBBY_FOOD_BEVERAGE,UNCHARTED,,0,0
TX_LOBBY_GIFTS,UNCHARTED,,0,0
TX_LOBBY_INDIVIDUAL_REPORTING,UNCHARTED,,0,0
TX_LOBBY_SUBJECT_MATTER,UNCHARTED,,0,0
TX_LOBBY_TRANSPORTATION,UNCHARTED,,0,0
UK_COMPANIES_HOUSE_PSC,UNCHARTED,UK Companies House,1,1
VOTEVIEW_ROLLCALLS,UNCHARTED,,0,0
WHO_WON,UNCHARTED,,0,0
XC_BIORXIV_MEDRXIV,UNCHARTED,,0,0
XC_EPA_CORPORATE_CROSSWALK,UNCHARTED,,23,1
XC_GUTTMACHER_MONTHLY_ABORTION,UNCHARTED,,0,0
XC_JCS_MEDIANS,UNCHARTED,,0,0
XC_JCS_SCOTUS,UNCHARTED,,0,0
XC_MAPPING_POLICE_VIOLENCE,UNCHARTED,,5,1
XC_NAGIX_DPRK_MISSILE_TESTS,UNCHARTED,,0,0
XC_OSF_REGISTRATIONS,UNCHARTED,,0,0
XC_OWID_AI_INCIDENTS_ANNUAL,UNCHARTED,,0,0
XC_OWID_CO2,UNCHARTED,,0,0
XC_OWID_CPI,UNCHARTED,,0,0
XC_OWID_FERTILITY,UNCHARTED,,0,0
XC_OWID_FOSSIL_SHARE,UNCHARTED,,0,0
XC_OWID_GINI,UNCHARTED,,0,0
XC_OWID_HOMICIDE,UNCHARTED,,0,0
XC_OWID_LIFE_EXPECTANCY,UNCHARTED,,0,0
XC_OWID_NUCLEAR_WARHEADS,UNCHARTED,,0,0
XC_OWID_REFUGEES,UNCHARTED,,0,0
XC_OWID_TEMP_ANOMALY,UNCHARTED,,0,0
XC_OWID_TERRORISM_DEATHS,UNCHARTED,,0,0
XC_RANSOMWARELIVE_VICTIMS,JUSTICE & ENFORCEMENT,,0,0
XC_RETRACTION_WATCH_DATABASE,UNCHARTED,,0,0
XC_ROR_RESEARCH_ORGANIZATIONS,UNCHARTED,,0,0
XC_UK_SANCTIONS_LIST,UNCHARTED,,0,0
XC_UN_CONSOLIDATED_SANCTIONS_LIST,UNCHARTED,,0,0
XC_VERA_INCARCERATION_TRENDS,JUSTICE & ENFORCEMENT,Vera Institute of Justice,12,1
XC_WAPO_FATAL_FORCE,UNCHARTED,,3,1
XC_WAYBACK_DOJ_EPSTEIN,UNCHARTED,,0,0
XC_WAYBACK_REPLAY_DOJ_DEEP_PAGES,UNCHARTED,,0,0
XC_WAYBACK_REPLAY_DOJ_LISTING,UNCHARTED,,0,0
