db,schema,table,row_count,bytes,n_cols,n_numeric,n_date,signals
LIBRARY_META,CONNECT,MATCH_PAIRS,181002484,645997056,6,0,1,severity
LIBRARY_MARTS,HEALTH,HEALTH__FED_DEA_ARCOS,178598026,4220975104,33,6,2,city|count_meas|county|date_col|name_id|origin|seq_order|severity|state|zip
LIBRARY_RAW,LANDING,FED_DEA_ARCOS_FULL,178598026,6215635456,45,0,1,address|city|count_meas|county|date_col|entity_id|flag_bool|name_id|origin|seq_order|severity|state|zip
LIBRARY_MARTS,_RESTORE_20260731,UNCATEGORIZED__FED_DEA_ARCOS_FULL,178598026,5853900288,42,3,1,address|city|count_meas|county|date_col|entity_id|flag_bool|name_id|seq_order|severity|state|zip
LIBRARY_META,CONNECT,KEYSET_LIVE,176983257,1331630080,3,0,0,name_id
LIBRARY_META,CONNECT,KEYSET_SCRATCH,176983257,1441283584,3,0,0,name_id
LIBRARY_MARTS,FINANCE,FINANCE__FED_SEC_13F_POSITIONS,101261252,1737058816,15,0,0,amount|entity_id|severity
LIBRARY_RAW,LANDING,FED_SEC_13F_HOLDINGS,101261252,1780405248,19,0,1,amount|entity_id|origin|severity
LIBRARY_MARTS,UNCATEGORIZED,UNCATEGORIZED__FED_SEC_13F_POSITIONS,101261252,1869078528,15,3,0,amount|entity_id|severity
LIBRARY_META,CONNECT,SPINE_KEYSET,84382504,481965568,3,0,0,name_id|severity
LIBRARY_META,CONNECT,ENTITY_INDEX,84382504,3054176768,10,1,0,count_meas|origin|severity
LIBRARY_META,CONNECT,CONNECT_NODES,84382504,1728774656,6,0,1,name_id|severity
LIBRARY_META,CONNECT,SPINE_KEYSET_LIVE,84382504,412034048,3,0,0,name_id|severity
LIBRARY_MARTS,FINANCE,FINANCE__FED_FEC_INDIV_CONTRIBUTIONS,84172112,2835296256,15,2,1,amount|city|count_meas|date_col|name_id|severity|state|zip
LIBRARY_RAW,LANDING,FED_FEC_INDIV_CONTRIBUTIONS,84172112,2819981824,24,1,0,amount|city|count_meas|date_col|name_id|origin|severity|state|zip
LIBRARY_RAW,LANDING,FED_COURTLISTENER_DOCKETS,71677647,6832513024,57,0,1,amount|count_meas|date_col|dest|entity_id|name_id|origin|rate_meas|severity
LIBRARY_RAW,LANDING,FED_NOAA_AIS,58106517,1510587392,22,1,0,date_col|lat|lon|origin|severity
LIBRARY_MARTS,MARITIME,MARITIME__FED_NOAA_AIS,58104610,2474664448,27,10,4,date_col|geom|lat|lon|name_id|origin|severity
LIBRARY_META,CONNECT_PRESPINE_20260730,KEYSET_SCRATCH,52497919,451326464,3,0,0,name_id
LIBRARY_META,CONNECT_BAK_20260730,KEYSET_LIVE,52497919,412196864,3,0,0,name_id
LIBRARY_META,CONNECT_BAK_20260730,KEYSET_SCRATCH,52497919,451326464,3,0,0,name_id
LIBRARY_META,CONNECT_PRESPINE_20260730,KEYSET_LIVE,52497919,412196864,3,0,0,name_id
LIBRARY_META,CONNECT,ENTITY_GOLDEN,33312349,1161829888,10,0,1,address|name_id|severity
LIBRARY_META,CONNECT,ENTITY_MAP,33312349,648613888,8,1,1,count_meas|origin|severity
LIBRARY_RAW,LANDING,FED_CMS_FACILITY_LEVEL_MINIMUM_DATA_SET_FREQUENCY,31403215,820651008,18,0,1,city|count_meas|county|date_col|entity_id|fips|name_id|origin|rate_meas|severity|state|zip
LIBRARY_MARTS,HEALTH,HEALTH__FED_CMS_FACILITY_LEVEL_MINIMUM_DATA_SET_FREQUENCY,31403215,214985216,16,3,1,city|count_meas|county|date_col|entity_id|fips|name_id|rate_meas|severity|state|zip
LIBRARY_MARTS,HEALTH,HEALTH__FED_CMS_PARTD_PRESCRIBERS,25869521,847242240,20,10,1,amount|city|count_meas|entity_id|fips|name_id|person|rate_meas|severity|state
LIBRARY_RAW,LANDING,FED_CMS_PARTD_PRESCRIBER_DRUG,25869521,632393728,25,0,1,city|entity_id|fips|flag_bool|name_id|origin|person|severity|state
LIBRARY_MARTS,_RESTORE_20260731,HEALTH__FED_CMS_PARTD_PRESCRIBER_DRUG,25869521,629217792,22,0,0,city|entity_id|fips|flag_bool|name_id|person|severity|state
LIBRARY_META,CONNECT_BAK_20260730,SPINE_KEYSET_LIVE,25275406,127102464,3,0,0,name_id|severity
LIBRARY_META,CONNECT_PRESPINE_20260730,SPINE_KEYSET,25275406,137869312,3,0,0,name_id|severity
LIBRARY_META,CONNECT_PRESPINE_20260730,ENTITY_INDEX,25275406,1031663104,10,1,0,count_meas|origin|severity
LIBRARY_META,CONNECT_BAK_20260730,SPINE_KEYSET,25275406,137869312,3,0,0,name_id|severity
LIBRARY_META,CONNECT_PRESPINE_20260730,CONNECT_NODES,25275406,521223168,6,0,1,name_id|severity
LIBRARY_META,CONNECT_BAK_20260730,ENTITY_INDEX,25275406,1031663104,10,1,0,count_meas|origin|severity
LIBRARY_META,CONNECT_BAK_20260730,CONNECT_NODES,25275406,521223168,6,0,1,name_id|severity
LIBRARY_META,CONNECT_PRESPINE_20260730,SPINE_KEYSET_LIVE,25275406,127102464,3,0,0,name_id|severity
LIBRARY_META,CONNECT_PRESPINE_20260730,MATCH_PAIRS,22202882,48690688,6,0,1,severity
LIBRARY_META,CONNECT_BAK_20260730,MATCH_PAIRS,22202882,48690688,6,0,1,severity
LIBRARY_RAW,LANDING,FED_FEMA_IA_HOUSING_REGISTRATIONS,21730000,1746891264,103,0,0,amount|count_meas|county|date_col|dest|entity_id|fips|origin|person|rate_meas|severity
LIBRARY_RAW,LANDING,FED_FDA_FAERS_DRUG,20914284,188665856,25,0,1,amount|count_meas|date_col|origin|seq_order
LIBRARY_RAW,LANDING,FED_FDA_FAERS_REAC,20621386,58727936,8,0,1,date_col|origin
LIBRARY_RAW,LANDING,FED_USASPENDING_CONTRACTS_FULL,20000000,5998015488,300,0,1,address|amount|city|count_meas|country|county|date_col|dest|entity_id|fips|flag_bool|naics_sic|name_id|origin|outcome|person|rate_meas|seq_order|severity|state|zip
LIBRARY_MARTS,ECONOMICS,ECONOMICS__FED_USASPENDING_ASSISTANCE_FULL,19902879,3755515904,112,0,0,address|amount|city|count_meas|country|county|date_col|dest|entity_id|fips|flag_bool|name_id|origin|person|rate_meas|severity|state|zip
LIBRARY_RAW,LANDING,FED_USASPENDING_ASSISTANCE_FULL,19902879,3716252672,115,0,1,address|amount|city|count_meas|country|county|date_col|dest|entity_id|fips|flag_bool|name_id|origin|person|rate_meas|severity|state|zip
LIBRARY_MARTS,HOUSING,HOUSING__FED_CFPB_HMDA_HISTORIC,19136434,1297847296,82,9,1,amount|count_meas|county|date_col|dest|fips|flag_bool|name_id|origin|outcome|rate_meas|seq_order|severity|state
LIBRARY_RAW,LANDING,FED_CFPB_HMDA_HISTORIC,19136434,1012290048,81,6,1,amount|count_meas|county|date_col|dest|fips|flag_bool|name_id|origin|outcome|rate_meas|seq_order|severity|state
LIBRARY_RAW,LANDING,FED_FHFA_NMDB,19054246,23705088,13,1,0,date_col|name_id|origin|severity
LIBRARY_RAW,LANDING,FED_COURTLISTENER_CITATIONS,18123788,173253120,11,0,1,count_meas|date_col|origin|severity
LIBRARY_MARTS,_RESTORE_20260731,FINANCE__FED_CFPB_COMPLAINTS,17179788,1280432128,16,0,0,date_col|dest|outcome|severity|state|zip
LIBRARY_RAW,LANDING,FED_CFPB_COMPLAINTS,17179788,1298101248,19,0,1,date_col|origin|outcome|severity|state
LIBRARY_MARTS,CONSUMER_PROTECTION,CONSUMER_PROTECTION__FED_CFPB_COMPLAINTS,17168287,1169836544,24,1,5,date_col|dest|flag_bool|origin|outcome|severity|state|zip
LIBRARY_META,CONNECT_PRESPINE_20260730,ENTITY_MAP,16717495,300997632,8,1,1,count_meas|origin|severity
LIBRARY_META,CONNECT_BAK_20260730,ENTITY_MAP,16717495,300997632,8,1,1,count_meas|origin|severity
LIBRARY_META,CONNECT_PRESPINE_20260730,ENTITY_GOLDEN,16717495,649575936,10,0,1,address|name_id|severity
LIBRARY_META,CONNECT_BAK_20260730,ENTITY_GOLDEN,16717495,649575936,10,0,1,address|name_id|severity
LIBRARY_RAW,LANDING,FED_EPA_SDWA_SDWA_VIOLATIONS_ENFORCEMENT,15432737,464714240,41,1,0,date_col|entity_id|flag_bool|origin|outcome|rate_meas|severity|state
LIBRARY_MARTS,ENVIRONMENT,ENVIRONMENT__FED_EPA_SDWA_SDWA_VIOLATIONS_ENFORCEMENT,15432737,460229120,38,1,11,date_col|entity_id|flag_bool|origin|outcome|rate_meas|severity|state
LIBRARY_RAW,RETIRED,FED_CMS_OPEN_PAYMENTS_GNRL,15397627,1029318144,94,0,1,address|amount|city|count_meas|country|date_col|dest|entity_id|flag_bool|naics_sic|name_id|origin|person|severity|state|zip
LIBRARY_MARTS,HEALTH,HEALTH__FED_CMS_OPEN_PAYMENTS,15385047,389764608,22,0,0,amount|city|count_meas|date_col|dest|entity_id|flag_bool|naics_sic|name_id|person|severity|state|zip
LIBRARY_RAW,LANDING,FED_CMS_OPEN_PAYMENTS,15385047,699111936,94,1,0,address|amount|city|count_meas|country|date_col|dest|entity_id|flag_bool|naics_sic|name_id|origin|person|severity|state|zip
LIBRARY_MARTS,HEALTH,HEALTH__FED_CMS_OPEN_PAYMENTS_2023,14700786,386825728,22,0,0,amount|city|count_meas|date_col|dest|entity_id|flag_bool|naics_sic|name_id|person|severity|state|zip
LIBRARY_RAW,LANDING,FED_CMS_OPEN_PAYMENTS_2023,14700786,698590208,94,1,0,address|amount|city|count_meas|country|date_col|dest|entity_id|flag_bool|naics_sic|name_id|origin|person|severity|state|zip
LIBRARY_RAW,LANDING,FED_CMS_OPEN_PAYMENTS_2022,13250000,612150272,94,1,0,address|amount|city|count_meas|country|date_col|dest|entity_id|flag_bool|naics_sic|name_id|origin|person|severity|state|zip
LIBRARY_MARTS,HEALTH,HEALTH__FED_CMS_OPEN_PAYMENTS_2022,13250000,327976448,22,0,0,amount|city|count_meas|date_col|dest|entity_id|flag_bool|naics_sic|name_id|person|severity|state|zip
LIBRARY_RAW,LANDING,INTL_ELECTIONS_CANADA_CONTRIBUTIONS,12646465,362405376,30,1,0,amount|city|date_col|dest|name_id|origin|person|severity|state|zip
LIBRARY_MARTS,POLITICS,POLITICS__INTL_ELECTIONS_CANADA_CONTRIBUTIONS,12646465,621302784,31,2,3,amount|city|date_col|dest|name_id|origin|person|severity|state|zip
LIBRARY_RAW,LANDING,FED_EOIR_CASE_DATA,12631225,458483712,4,1,0,origin|severity
LIBRARY_MARTS,IMMIGRATION,IMMIGRATION__FED_EOIR_CASE_DATA,12631225,455330816,1,0,0,severity
LIBRARY_MARTS,HEALTH,HEALTH__FED_CMS_MEDICARE_DIALYSIS_FACILITIES,12456456,130220544,14,1,0,city|date_col|entity_id|name_id|rate_meas|severity|state
LIBRARY_RAW,LANDING,FED_CMS_MEDICARE_DIALYSIS_FACILITIES,12456456,362170368,16,0,1,city|date_col|entity_id|name_id|origin|rate_meas|severity|state
LIBRARY_RAW,LANDING,FED_FJC_IDB_CIVIL,10857396,323442688,49,1,0,amount|count_meas|county|date_col|entity_id|origin|severity
LIBRARY_MARTS,JUSTICE,JUSTICE__FED_FJC_IDB_CIVIL,10857396,635796992,49,3,7,amount|count_meas|county|date_col|entity_id|origin|rate_meas|severity
LIBRARY_MARTS,ENVIRONMENT,ENVIRONMENT__FED_EPA_AIR_EMISSIONS_POLL_RPT_COMBINED_EMISSIONS,10411826,120378880,9,0,0,date_col|entity_id|flag_bool|name_id|severity
LIBRARY_RAW,LANDING,FED_EPA_AIR_EMISSIONS_POLL_RPT_COMBINED_EMISSIONS,10411826,124774400,12,1,0,date_col|entity_id|flag_bool|name_id|origin|severity
LIBRARY_MARTS,JUSTICE,JUSTICE__FED_COURTLISTENER_FJC_IDB_CL_LINKED,10323280,304146944,39,3,5,amount|count_meas|county|date_col|entity_id|origin|rate_meas|seq_order|severity
LIBRARY_RAW,LANDING,FED_COURTLISTENER_FJC_IDB_CL_LINKED,10323280,406315008,42,0,1,amount|count_meas|county|date_col|entity_id|origin|rate_meas|seq_order|severity
LIBRARY_MARTS,JUSTICE,JUSTICE__FED_COURTLISTENER_OPINION_CLUSTERS,10070727,3549741568,36,1,6,count_meas|date_col|entity_id|flag_bool|name_id|outcome|severity
LIBRARY_RAW,LANDING,FED_COURTLISTENER_OPINION_CLUSTERS,10070727,3723448320,39,0,1,count_meas|date_col|entity_id|flag_bool|name_id|origin|outcome|severity
LIBRARY_MARTS,HEALTH,HEALTH__FED_FDA_FAERS_INDI,9833260,45412352,7,0,0,date_col|seq_order
LIBRARY_RAW,LANDING,FED_FDA_FAERS_INDI,9833260,66899968,10,0,1,date_col|origin|seq_order
LIBRARY_RAW,LANDING,FED_CPSC_NEISS,9794977,394736128,30,0,1,date_col|naics_sic|origin
LIBRARY_MARTS,CONSUMER_SAFETY,CONSUMER_SAFETY__FED_CPSC_NEISS,9794971,199885824,22,3,2,date_col|origin|severity
LIBRARY_RAW,LANDING,FED_CMS_MEDICARE_PHYSICIAN_OTHER_PRACTITIONERS_BY_PROVIDER_AND_SERVI,9781673,659204096,30,0,1,amount|city|entity_id|fips|name_id|origin|person|rate_meas|severity|state|zip
LIBRARY_MARTS,HEALTH,HEALTH__FED_CMS_MEDICARE_PHYSICIAN_OTHER_PRACTITIONERS_BY_PROVIDER_AND_SERVI,9781673,505816576,28,4,0,amount|city|entity_id|fips|name_id|person|rate_meas|severity|state|zip
LIBRARY_MARTS,HEALTH,HEALTH__FED_CMS_NPPES,9606683,1511160320,333,1,5,address|city|count_meas|country|date_col|entity_id|flag_bool|name_id|origin|person|rate_meas|severity|state|zip
LIBRARY_RAW,LANDING,FED_CMS_NPPES,9606683,1332882432,333,1,0,address|city|count_meas|country|date_col|entity_id|flag_bool|name_id|origin|person|rate_meas|severity|state|zip
LIBRARY_MARTS,ENVIRONMENT,ENVIRONMENT__FED_EPA_NPDES_NPDES_QNCR_HISTORY,7951656,18360832,8,0,0,date_col|naics_sic
LIBRARY_RAW,LANDING,FED_EPA_NPDES_NPDES_QNCR_HISTORY,7951656,19366912,11,1,0,date_col|naics_sic|origin
LIBRARY_RAW,LANDING,FED_FRACFOCUS_REGISTRY,7200550,350304768,34,0,0,count_meas|date_col|lat|lon|origin|outcome|rate_meas|seq_order
LIBRARY_MARTS,ENVIRONMENT,ENVIRONMENT__FED_FRACFOCUS_REGISTRY,7200550,480380928,35,8,2,count_meas|county|date_col|lat|lon|name_id|origin|outcome|rate_meas|seq_order|state
LIBRARY_MARTS,CORPORATE_REGISTRY,CORPORATE_REGISTRY__UK_COMPANIES_HOUSE_PSC,7000000,651023360,27,3,2,address|city|count_meas|country|date_col|naics_sic|name_id|origin|rate_meas|severity|zip
LIBRARY_RAW,LANDING,UK_COMPANIES_HOUSE_PSC,7000000,704922624,27,1,0,address|city|count_meas|country|date_col|name_id|origin|rate_meas|severity|zip
LIBRARY_MARTS,JUSTICE,JUSTICE__FED_FJC_IDB_BANKRUPTCY,6965441,636103680,90,13,7,amount|count_meas|county|date_col|dest|entity_id|flag_bool|origin|person|rate_meas|seq_order|severity|zip
LIBRARY_RAW,LANDING,FED_FJC_IDB_BANKRUPTCY,6965441,583996928,90,1,0,date_col|entity_id|origin|rate_meas|seq_order
LIBRARY_MARTS,ENVIRONMENT,ENVIRONMENT__FED_USGS_WATER,6694816,43189248,15,3,0,count_meas|county|date_col|lat|lon|name_id|severity|state
LIBRARY_RAW,LANDING,FED_USGS_WATER,6694816,29176320,18,1,0,count_meas|county|date_col|lat|lon|name_id|origin|severity|state
LIBRARY_META,CONNECT,GOLD_PAIRS,6538936,86451712,8,1,0,entity_id|rate_meas
LIBRARY_META,CONNECT_PRESPINE_20260730,GOLD_PAIRS,6538936,86451712,8,1,0,entity_id|rate_meas
LIBRARY_META,CONNECT_BAK_20260730,GOLD_PAIRS,6538936,86451712,8,1,0,entity_id|rate_meas
LIBRARY_MARTS,JUSTICE,JUSTICE__FED_COURTLISTENER_PARENTHETICALS,6408887,430906368,6,0,0,rate_meas
LIBRARY_RAW,LANDING,FED_COURTLISTENER_PARENTHETICALS,6408887,434544128,9,0,1,origin|rate_meas
LIBRARY_RAW,LANDING,FED_USASPENDING_CONTRACTS,6325622,638460416,39,1,0,amount|city|count_meas|country|date_col|dest|entity_id|fips|naics_sic|name_id|origin|person|severity|state|zip
LIBRARY_MARTS,ECONOMICS,ECONOMICS__FED_USASPENDING_CONTRACTS,6325622,626324992,36,0,0,amount|city|count_meas|country|date_col|dest|entity_id|fips|naics_sic|name_id|origin|person|severity|state|zip
LIBRARY_MARTS,JUSTICE,JUSTICE__FED_FJC_IDB_CRIMINAL,6299908,708083200,147,9,9,amount|count_meas|county|date_col|entity_id|name_id|origin|rate_meas|seq_order|severity
LIBRARY_RAW,LANDING,FED_FJC_IDB_CRIMINAL,6299908,453715456,147,1,0,amount|count_meas|county|date_col|entity_id|name_id|origin|seq_order|severity
LIBRARY_MARTS,ECONOMICS,ECONOMICS__INTL_GLEIF_REPEX,6259489,56535552,12,0,0,entity_id|severity
LIBRARY_RAW,LANDING,INTL_GLEIF_REPEX,6259489,58074112,15,0,1,entity_id|origin|severity
LIBRARY_MARTS,HEALTH,HEALTH__FED_FDA_FAERS_DEMO,5811086,126811648,30,0,0,count_meas|country|date_col|dest|outcome|seq_order|severity
LIBRARY_RAW,LANDING,FED_FDA_FAERS_DEMO,5811086,144714752,33,0,1,count_meas|country|date_col|dest|origin|outcome|seq_order|severity
LIBRARY_MARTS,_RESTORE_20260731,UNCATEGORIZED__INT_UK_COMPANIES_HOUSE,5734780,360164352,55,9,0,address|amount|city|count_meas|country|county|date_col|naics_sic|name_id|origin|rate_meas|severity
LIBRARY_MARTS,CORPORATE_REGISTRY,CORPORATE_REGISTRY__INTL_UK_COMPANIES_HOUSE,5734780,243533312,19,2,3,address|amount|city|count_meas|country|county|date_col|flag_bool|name_id|origin|rate_meas|severity
LIBRARY_RAW,LANDING,INT_UK_COMPANIES_HOUSE,5734780,408474112,58,0,1,address|amount|count_meas|date_col|naics_sic|origin|rate_meas|severity
LIBRARY_MARTS,ECONOMICS,ECONOMICS__FED_IRS_990_EFILE_INDEX,5544626,173868032,10,0,1,date_col|entity_id|name_id|origin|severity
LIBRARY_RAW,LANDING,FED_IRS_990_EFILE_INDEX,5544626,169033728,12,0,1,date_col|entity_id|name_id|origin|severity
LIBRARY_RAW,LANDING,XC_EPA_CORPORATE_CROSSWALK,5300149,76827648,13,1,1,entity_id|flag_bool|name_id|origin
LIBRARY_RAW,LANDING,FED_EPA_FRS_FULL,5300149,342178304,37,0,1,address|city|count_meas|country|county|date_col|entity_id|fips|lat|lon|name_id|origin|seq_order|severity|state|zip
LIBRARY_MARTS,_RESTORE_20260731,UNCATEGORIZED__FED_EPA_FRS_FULL,5300149,329713152,34,5,2,address|city|count_meas|country|county|date_col|entity_id|fips|lat|lon|name_id|origin|seq_order|severity|state|zip
LIBRARY_MARTS,ENVIRONMENT,ENVIRONMENT__FED_EPA_FRS_FACILITIES,5300149,316558848,26,2,3,address|city|count_meas|county|date_col|entity_id|fips|flag_bool|lat|lon|name_id|origin|severity|state|zip
LIBRARY_MARTS,ENVIRONMENT,ENVIRONMENT__XC_EPA_CORPORATE_CROSSWALK,5300149,102384128,11,1,0,entity_id|flag_bool|name_id|origin
LIBRARY_RAW,LANDING,FED_FDA_FAERS_OUTC,5147466,20207104,9,0,1,date_col|origin|severity
LIBRARY_MARTS,HEALTH,HEALTH__FED_FDA_GUDID,5083948,503952384,19,0,3,date_col|entity_id|flag_bool|name_id|origin|seq_order|severity
LIBRARY_RAW,LANDING,FED_GOOGLE_POLADS_CREATIVE_ID_MAPPING,4773180,20985856,5,1,0,origin
LIBRARY_RAW,LANDING,FED_EPA_FRS_FRS_PROGRAM_LINKS,4406498,181273600,16,1,0,address|city|count_meas|country|county|entity_id|fips|name_id|origin|severity|state|zip
LIBRARY_MARTS,ENVIRONMENT,ENVIRONMENT__FED_EPA_FRS_FRS_PROGRAM_LINKS,4406498,178074112,13,0,0,address|city|count_meas|country|county|entity_id|fips|name_id|severity|state|zip
LIBRARY_META,CONNECT_PRESPINE_20260730,CROSSWALK_SCRATCH,4326506,21104640,5,0,0,
LIBRARY_META,CONNECT_BAK_20260730,CROSSWALK_SCRATCH,4326506,21104640,5,0,0,
LIBRARY_RAW,LANDING,FED_FOREIGNASSISTANCE,3967456,5643264,13,1,0,amount|count_meas|country|date_col|entity_id|naics_sic|origin|severity
LIBRARY_RAW,RETIRED,FED_IRS_EO_BMF,3949660,204001792,31,1,0,address|amount|city|date_col|entity_id|name_id|origin|severity|state|zip
LIBRARY_RAW,LANDING,FED_SEC_13F_SUBMISSION,3822885,77030912,18,0,1,amount|entity_id|origin|severity
LIBRARY_MARTS,FINANCE,FINANCE__FED_SEC_13F_SUBMISSION,3822885,80083456,15,1,0,amount|entity_id|severity
LIBRARY_RAW,LANDING,FED_SEC_13F_POSITIONS,3822885,77054976,18,0,1,amount|entity_id|origin|severity
LIBRARY_MARTS,ECONOMICS,ECONOMICS__FED_BLS_QCEW,3619437,64660480,16,9,0,count_meas|date_col|fips|naics_sic|outcome|rate_meas|severity|state
LIBRARY_RAW,LANDING,FED_BLS_QCEW,3619437,135891456,41,1,0,count_meas|date_col|fips|naics_sic|origin|outcome|rate_meas|severity
LIBRARY_MARTS,ECONOMICS,ECONOMICS__INTL_GLEIF,3382301,659164160,338,0,0,address|city|count_meas|country|date_col|entity_id|rate_meas|seq_order|severity|zip
LIBRARY_RAW,LANDING,INTL_GLEIF,3382301,664928256,341,0,1,address|count_meas|date_col|entity_id|origin|rate_meas|seq_order|severity
LIBRARY_MARTS,CORPORATE_REGISTRY,CORPORATE_REGISTRY__FED_ICIJ_OFFSHORELEAKS_RELATIONSHIPS,3339267,18779648,10,0,3,date_col|origin|severity
LIBRARY_RAW,LANDING,XC_ICIJ_OFFSHORE_RELATIONSHIPS,3339267,19467776,11,1,0,date_col|origin|severity
LIBRARY_RAW,LANDING,ICIJ_OFFSHORE_LEAKS_RELATIONSHIPS,3339267,22094336,11,1,0,date_col|origin|severity
LIBRARY_RAW,LANDING,FED_ICIJ_OFFSHORELEAKS_RELATIONSHIPS,3339267,22287872,11,1,0,date_col|origin|severity
LIBRARY_MARTS,ENVIRONMENT,ENVIRONMENT__FED_EPA_FRS_FRS_FACILITIES,3277557,109679104,13,3,0,address|city|count_meas|county|entity_id|lat|lon|name_id|origin|state|zip
LIBRARY_RAW,LANDING,FED_EPA_FRS_FRS_FACILITIES,3277557,128762880,13,1,0,address|city|count_meas|county|entity_id|lat|lon|name_id|origin|state|zip
LIBRARY_RAW,LANDING,FED_EPA_ECHO,3157891,429934592,136,1,0,address|amount|city|count_meas|county|date_col|entity_id|fips|flag_bool|lat|lon|naics_sic|name_id|origin|outcome|rate_meas|seq_order|severity|state|zip
LIBRARY_MARTS,ENVIRONMENT,ENVIRONMENT__FED_EPA_ECHO,3135554,172973568,42,15,3,address|amount|city|count_meas|county|date_col|fips|flag_bool|lat|lon|name_id|origin|outcome|rate_meas|severity|state|zip
LIBRARY_MARTS,_RESTORE_20260731,JUSTICE__FED_MSHA_VIOLATIONS,3087266,135425536,61,14,0,amount|date_col|dest|entity_id|fips|name_id|outcome|rate_meas|seq_order|severity
LIBRARY_RAW,LANDING,FED_MSHA_VIOLATIONS,3087266,180746752,64,0,1,amount|date_col|dest|entity_id|fips|name_id|origin|outcome|rate_meas|seq_order|severity
LIBRARY_MARTS,LABOR,LABOR__FED_MSHA_VIOLATIONS,3087265,73170432,26,7,3,amount|date_col|entity_id|flag_bool|name_id|outcome|severity
LIBRARY_MARTS,HOUSING,HOUSING__FED_FEMA_IA_HOUSING_REGISTRATIONS,3080000,179345920,103,31,3,amount|city|count_meas|county|date_col|dest|fips|origin|person|rate_meas|severity|state|zip
LIBRARY_MARTS,IMMIGRATION,IMMIGRATION__FED_CMS_MEDICARE_FEE_FOR_SERVICE_PUBLIC_PROVIDER_ENROLLMENT,2978925,65861632,11,1,0,entity_id|flag_bool|name_id|person|severity|state
LIBRARY_RAW,LANDING,FED_CMS_MEDICARE_FEE_FOR_SERVICE_PUBLIC_PROVIDER_ENROLLMENT,2978925,124900352,13,0,1,entity_id|flag_bool|name_id|origin|person|severity|state
LIBRARY_RAW,LANDING,FED_CMS_PECOS_PROVIDER_ENROLLMENT,2978925,69826560,14,1,0,entity_id|flag_bool|name_id|origin|person|severity|state
LIBRARY_MARTS,FINANCE,FINANCE__FED_FDIC_SOD_BRANCH_DEPOSITS,2823000,274471936,85,10,3,address|amount|city|count_meas|country|county|date_col|entity_id|fips|flag_bool|lat|lon|name_id|origin|severity|state|zip
LIBRARY_RAW,LANDING,FED_FDIC_SOD_BRANCH_DEPOSITS,2823000,276342784,84,0,0,address|amount|city|date_col|entity_id|fips|lat|lon|origin|severity|zip
LIBRARY_MARTS,HEALTH,HEALTH__FED_FDA_MAUDE,2743561,99384320,27,0,4,city|count_meas|country|date_col|flag_bool|name_id|origin|outcome|seq_order|severity|state
LIBRARY_META,CONNECT,CROSSWALK_SCRATCH,2692258,19283968,5,0,0,
LIBRARY_RAW,LANDING,FED_EPA_RCRA_VIOSNC_HISTORY,2675581,4619264,8,1,0,date_col|flag_bool|origin
LIBRARY_MARTS,ENVIRONMENT,ENVIRONMENT__FED_EPA_RCRA_VIOSNC_HISTORY,2675581,47010816,8,1,0,date_col|flag_bool|origin|severity
LIBRARY_RAW,LANDING,FED_EPA_RCRA_RCRA_VIOSNC_HISTORY,2675581,4619264,8,1,0,date_col|flag_bool|origin
LIBRARY_MARTS,FINANCE,FINANCE__FED_SEC_INSIDER_NONDERIV_TRANS,2672841,86390784,17,5,2,amount|date_col|flag_bool|rate_meas|severity
LIBRARY_RAW,LANDING,FED_SEC_INSIDER_NONDERIV_TRANS,2672841,70072320,31,0,1,amount|date_col|origin|severity
LIBRARY_META,CONNECT,ENTITY_XREF,2672384,16664576,9,1,1,origin
LIBRARY_RAW,LANDING,FED_ICE_DETENTION_STINTS,2617844,337355264,71,1,0,amount|city|count_meas|country|county|date_col|origin|seq_order|severity|state
LIBRARY_RAW,LANDING,FED_EPA_ICIS_AIR_ICIS_AIR_TITLEV_CERTS,2574815,7363072,10,1,0,date_col|flag_bool|origin|severity|state
LIBRARY_RAW,LANDING,FED_EPA_ICIS_ICIS_AIR_TITLEV_CERTS,2574815,7363072,10,1,0,date_col|flag_bool|origin|severity|state
LIBRARY_MARTS,IMMIGRATION,IMMIGRATION__FED_ICE_DETENTION_STINTS,2571975,314205696,70,8,15,amount|city|count_meas|country|county|date_col|origin|person|seq_order|severity|state
LIBRARY_MARTS,ENVIRONMENT,ENVIRONMENT__FED_EPA_SDWA_SDWA_SITE_VISITS,2495249,77681664,20,0,3,date_col|origin|severity
LIBRARY_RAW,LANDING,FED_EPA_SDWA_SDWA_SITE_VISITS,2495249,76003328,23,1,0,date_col|origin|severity
LIBRARY_MARTS,HEALTH,HEALTH__FED_CMS_FACILITY_AFFILIATION,2260193,41509376,9,0,0,entity_id|name_id|person|severity
LIBRARY_RAW,LANDING,FED_CMS_FACILITY_AFFILIATION,2260193,28841984,12,1,0,entity_id|name_id|origin|person|severity
LIBRARY_MARTS,_RESTORE_20260731,TRANSPORT__FED_NHTSA_COMPLAINTS,2227941,493710848,51,0,0,
LIBRARY_RAW,LANDING,FED_NHTSA_COMPLAINTS,2227941,493518848,54,0,1,origin
LIBRARY_MARTS,CONSUMER_SAFETY,CONSUMER_SAFETY__FED_NHTSA_COMPLAINTS,2227941,343282176,29,4,3,city|date_col|flag_bool|name_id|origin|outcome|severity|state
LIBRARY_MARTS,ENVIRONMENT,ENVIRONMENT__FED_EPA_FRS_FRS_NAICS_CODES,2179702,24239104,4,0,0,entity_id|naics_sic|severity
LIBRARY_RAW,LANDING,FED_EPA_FRS_FRS_NAICS_CODES,2179702,23931392,7,1,0,entity_id|naics_sic|origin|severity
LIBRARY_RAW,LANDING,FED_SBA_LOANS,2174502,145664512,55,1,0,address|amount|city|count_meas|date_col|entity_id|naics_sic|name_id|origin|rate_meas|severity|state|zip
LIBRARY_MARTS,ECONOMICS,ECONOMICS__FED_SBA_LOANS,2174502,85786112,30,7,4,amount|city|count_meas|county|date_col|fips|flag_bool|naics_sic|name_id|rate_meas|severity|state|zip
LIBRARY_RAW,LANDING,FED_NIH_REPORTER,2122611,3305371136,49,0,1,amount|city|count_meas|country|date_col|entity_id|fips|name_id|origin|severity|state|zip
LIBRARY_MARTS,SCIENCE_RESEARCH,SCIENCE_RESEARCH__FED_NIH_REPORTER,2122611,3298052096,48,4,7,amount|city|count_meas|country|date_col|entity_id|fips|name_id|origin|severity|state|zip
LIBRARY_RAW,LANDING,FED_CMS_FISCAL_INTERMEDIARY_SHARED_SYSTEM_ATTENDING_AND_RENDERING,2047828,54295040,5,0,1,entity_id|name_id|origin|person
LIBRARY_MARTS,HEALTH,HEALTH__FED_CMS_FISCAL_INTERMEDIARY_SHARED_SYSTEM_ATTENDING_AND_RENDERING,2047828,26924544,3,0,0,entity_id|name_id|person
LIBRARY_MARTS,HEALTH,HEALTH__FED_CMS_ORDER_AND_REFERRING,2018354,17596928,8,0,0,entity_id|name_id|person
LIBRARY_RAW,LANDING,FED_CMS_ORDER_AND_REFERRING,2018354,54605824,10,0,1,entity_id|name_id|origin|person
LIBRARY_MARTS,CORPORATE_REGISTRY,CORPORATE_REGISTRY__FED_IRS_EO_BMF,1983563,108626944,32,3,3,address|amount|city|count_meas|date_col|entity_id|name_id|origin|severity|state|zip
LIBRARY_RAW,LANDING,FED_IRS_EO_BMF,1983563,102223872,31,1,0,address|amount|city|date_col|entity_id|name_id|origin|severity|state|zip
LIBRARY_RAW,LANDING,FED_IRS_BMF,1974830,103877632,31,1,0,address|amount|city|date_col|entity_id|name_id|origin|severity|state|zip
LIBRARY_MARTS,ECONOMICS,ECONOMICS__FED_IRS_BMF,1974830,124540416,25,4,0,address|amount|city|date_col|entity_id|name_id|origin|severity|state|zip
LIBRARY_MARTS,REFERENCE,REFERENCE__FED_ITIS_REFERENCE_LINKS,1970107,13251584,12,3,2,date_col|name_id|origin
LIBRARY_RAW,LANDING,FED_ITIS_REFERENCE_LINKS,1970107,4485632,11,1,0,date_col|name_id|origin
LIBRARY_RAW,LANDING,FED_SEC_INSIDER_REPORTINGOWNER,1934673,54126080,16,0,1,address|city|entity_id|origin|severity|state|zip
LIBRARY_MARTS,FINANCE,FINANCE__FED_SEC_INSIDER_REPORTINGOWNER,1934673,50415104,10,0,1,address|city|entity_id|name_id|severity|state|zip
LIBRARY_MARTS,HEALTH,HEALTH__FED_CDC_NNDSS_WEEKLY_2024,1932840,16829952,16,0,0,date_col|flag_bool|origin|seq_order|severity
LIBRARY_RAW,LANDING,FED_CDC_NNDSS_WEEKLY_2024,1932840,17446400,19,1,0,date_col|flag_bool|origin|seq_order|severity
LIBRARY_MARTS,HEALTH,HEALTH__FED_HRSA_NPDB,1911185,43588096,54,23,0,amount|count_meas|country|date_col|entity_id|flag_bool|origin|outcome|person|seq_order|severity|state
LIBRARY_RAW,LANDING,FED_HRSA_NPDB,1911185,42449920,57,3,0,amount|date_col|origin|rate_meas|seq_order|severity
LIBRARY_RAW,LANDING,FED_COURTLISTENER_INVESTMENTS,1901599,61737984,21,1,0,amount|date_col|flag_bool|origin|outcome|severity
LIBRARY_MARTS,JUSTICE,JUSTICE__FED_COURTLISTENER_INVESTMENTS,1901599,59672576,18,0,3,amount|date_col|flag_bool|outcome|severity
LIBRARY_RAW,LANDING,FED_EPA_NPDES_NPDES_INSPECTIONS,1900067,31180288,14,1,0,date_col|entity_id|flag_bool|origin|severity|state
LIBRARY_MARTS,ENVIRONMENT,ENVIRONMENT__FED_EPA_NPDES_NPDES_INSPECTIONS,1900067,29707264,11,0,2,date_col|entity_id|flag_bool|severity|state
LIBRARY_MARTS,POLITICS,POLITICS__INTL_VOETEN_UNGA_VOTES,1823352,21147648,11,1,0,date_col|severity
LIBRARY_RAW,LANDING,INTL_VOETEN_UNGA_VOTES,1823352,20180480,14,1,0,date_col|origin|severity
LIBRARY_MARTS,ENVIRONMENT,ENVIRONMENT__FED_NOAA_STORM_EVENTS,1780730,152641536,51,7,2,date_col|fips|lat|lon|name_id|outcome|severity|state
LIBRARY_RAW,LANDING,FED_NOAA_STORM_EVENTS,1780730,173822464,54,1,0,date_col|fips|lat|lon|name_id|origin|outcome|severity|state
LIBRARY_RAW,LANDING,FED_EPA_ICIS_AIR_ICIS_AIR_FCES_PCES,1779096,19337216,13,1,0,date_col|flag_bool|origin|severity|state
LIBRARY_MARTS,ENVIRONMENT,ENVIRONMENT__FED_EPA_ICIS_AIR_ICIS_AIR_FCES_PCES,1779096,13197312,10,0,1,date_col|flag_bool|severity|state
LIBRARY_RAW,LANDING,FED_EPA_ICIS_ICIS_AIR_FCES_PCES,1779096,19337216,13,1,0,date_col|flag_bool|origin|severity|state
LIBRARY_RAW,LANDING,FED_SEC_INSIDER_SUBMISSION,1772088,28463104,16,0,1,date_col|entity_id|origin|severity
LIBRARY_MARTS,FINANCE,FINANCE__FED_SEC_INSIDER_SUBMISSION,1772088,73448960,12,0,4,date_col|dest|entity_id|name_id|origin|severity
LIBRARY_MARTS,HEALTH,HEALTH__FED_CMS_OPEN_PAYMENTS_PROFILE_SUPPLEMENT,1697025,68459520,35,1,0,address|city|count_meas|country|entity_id|name_id|origin|person|severity|state|zip
LIBRARY_RAW,LANDING,FED_CMS_OPEN_PAYMENTS_PROFILE_SUPPLEMENT,1697025,71257600,35,1,0,address|city|count_meas|country|dest|entity_id|name_id|origin|person|severity|state|zip
LIBRARY_MARTS,POLITICS,POLITICS__FED_FCC_LICENSING,1689338,89560576,26,0,4,address|city|count_meas|county|date_col|entity_id|name_id|severity|state|zip
LIBRARY_RAW,LANDING,FED_FCC_LICENSING,1689338,84596224,29,1,0,address|city|count_meas|county|date_col|entity_id|name_id|origin|severity|state|zip
LIBRARY_RAW,LANDING,FED_EPA_RCRA_FACILITIES,1613224,66983424,18,1,0,address|city|lat|lon|name_id|origin|outcome|severity|state|zip
LIBRARY_RAW,LANDING,FED_EPA_RCRA_RCRA_FACILITIES,1613224,67087872,18,1,0,address|city|lat|lon|name_id|origin|outcome|severity|state|zip
LIBRARY_MARTS,ENVIRONMENT,ENVIRONMENT__FED_EPA_RCRA_FACILITIES,1613224,86393344,15,3,0,address|city|lat|lon|name_id|origin|outcome|severity|state|zip
LIBRARY_MARTS,EDUCATION,EDUCATION__FED_GOOGLE_POLADS_CREATIVE_STATS,1562870,108333056,60,4,2,amount|count_meas|date_col|flag_bool|name_id|severity
LIBRARY_RAW,LANDING,FED_GOOGLE_POLADS_CREATIVE_STATS,1562870,109989888,63,4,0,amount|count_meas|date_col|flag_bool|name_id|origin|severity
LIBRARY_RAW,LANDING,FED_EPA_SDWA_SDWA_FACILITIES,1554832,19996672,22,1,0,date_col|entity_id|flag_bool|name_id|origin|rate_meas|severity|state
LIBRARY_MARTS,ENVIRONMENT,ENVIRONMENT__FED_EPA_SDWA_SDWA_FACILITIES,1554832,21976064,19,0,3,date_col|entity_id|flag_bool|name_id|origin|rate_meas|severity|state
LIBRARY_RAW,LANDING,XC_WAYBACK_DOJ_EPSTEIN,1537352,32405504,4,0,1,origin
LIBRARY_MARTS,OPEN_DATA,OPEN_DATA__XC_WAYBACK_DOJ_EPSTEIN,1537352,44339200,9,1,2,date_col|origin|severity
LIBRARY_RAW,LANDING,FED_CMS_NADAC,1497925,11106304,15,1,0,date_col|entity_id|flag_bool|origin|outcome|rate_meas|severity
LIBRARY_MARTS,ECONOMICS,ECONOMICS__FED_IRS_PUB78_ELIGIBLE_DONEES,1435544,27696640,6,0,0,city|count_meas|country|entity_id|name_id|severity|state
LIBRARY_RAW,LANDING,FED_IRS_PUB78_ELIGIBLE_DONEES,1435544,28172288,9,1,0,city|count_meas|country|entity_id|name_id|origin|severity|state
LIBRARY_MARTS,HEALTH,HEALTH__FED_CMS_PART_D_PRESCRIBERS,1416883,168586752,84,0,0,city|entity_id|fips|flag_bool|name_id|person|rate_meas|severity|state|zip
LIBRARY_RAW,LANDING,FED_CMS_PART_D_PRESCRIBERS,1416883,170281472,87,1,0,city|entity_id|fips|flag_bool|name_id|origin|person|rate_meas|severity|state|zip
LIBRARY_RAW,LANDING,FED_CMS_MEDICARE_PROVIDER,1296739,141097984,84,1,0,amount|city|entity_id|fips|name_id|origin|person|rate_meas|severity|state|zip
LIBRARY_MARTS,HEALTH,HEALTH__FED_CMS_MEDICARE_PROVIDER,1296739,146096640,81,49,0,amount|city|entity_id|fips|name_id|person|rate_meas|severity|state|zip
LIBRARY_MARTS,HEALTH,HEALTH__FED_CMS_MEDICARE_PHYSICIAN_OTHER_PRACTITIONERS_BY_PROVIDER,1296739,145540608,81,49,0,amount|city|entity_id|fips|name_id|person|rate_meas|severity|state|zip
LIBRARY_RAW,LANDING,FED_CMS_MEDICARE_PHYSICIAN_OTHER_PRACTITIONERS_BY_PROVIDER,1296739,164016640,83,0,1,amount|city|entity_id|fips|name_id|origin|person|rate_meas|severity|state|zip
LIBRARY_MARTS,JUSTICE,JUSTICE__INTL_OPENSANCTIONS_DEFAULT,1281846,87767552,18,0,4,address|count_meas|date_col|name_id|origin|outcome|severity
LIBRARY_RAW,LANDING,INTL_OPENSANCTIONS_DEFAULT,1281846,94257664,19,1,0,address|count_meas|date_col|name_id|origin|outcome
LIBRARY_RAW,LANDING,FED_USGS_GNIS_ALL_NAMES,1249630,14369280,18,2,0,date_col|name_id|origin|outcome|severity
LIBRARY_MARTS,REFERENCE,REFERENCE__FED_USGS_GNIS_ALL_NAMES,1249624,35739136,19,2,3,date_col|name_id|origin|outcome|severity
LIBRARY_MARTS,ENVIRONMENT,ENVIRONMENT__FED_EPA_NPDES_ICIS_FACILITIES,1213737,95601664,14,2,0,address|city|count_meas|county|lat|lon|name_id|severity|state|zip
LIBRARY_RAW,LANDING,FED_EPA_NPDES_ICIS_FACILITIES,1213737,63245312,17,1,0,address|city|count_meas|county|lat|lon|name_id|origin|severity|state|zip
LIBRARY_MARTS,ECONOMICS,ECONOMICS__FED_IRS_AUTO_REVOCATIONS,1207295,63182336,12,0,3,address|city|count_meas|country|date_col|entity_id|name_id|severity|state|zip
LIBRARY_RAW,LANDING,FED_IRS_AUTO_REVOCATIONS,1207295,43756544,15,1,0,address|city|count_meas|country|date_col|entity_id|name_id|origin|severity|state|zip
LIBRARY_RAW,LANDING,FED_IRS_REVOCATION,1206628,42182656,15,1,0,address|city|count_meas|country|date_col|entity_id|name_id|origin|severity|state|zip
LIBRARY_MARTS,ECONOMICS,ECONOMICS__FED_IRS_REVOCATION,1187367,55050752,16,1,0,address|city|count_meas|country|date_col|entity_id|name_id|origin|severity|state|zip
LIBRARY_MARTS,ENVIRONMENT,ENVIRONMENT__FED_EPA_RCRA_EVALUATIONS,1166410,31811584,11,1,1,date_col|origin|outcome|severity
LIBRARY_RAW,LANDING,FED_EPA_RCRA_EVALUATIONS,1166410,9228288,11,1,0,date_col|origin|outcome|severity
LIBRARY_RAW,LANDING,FED_EPA_RCRA_RCRA_EVALUATIONS,1166410,9228288,11,1,0,date_col|origin|outcome|severity
LIBRARY_MARTS,TIMELINE,TIMELINE__WAREHOUSE,1161122,9432576,5,1,1,
LIBRARY_RAW,LANDING,FED_FRA_CASUALTIES,1150788,78520320,73,1,0,count_meas|county|date_col|lat|lon|naics_sic|name_id|origin|outcome|person|severity|state
LIBRARY_MARTS,TRANSPORT,TRANSPORT__FED_FRA_CASUALTIES,1150788,68523008,72,8,2,count_meas|county|date_col|lat|lon|naics_sic|name_id|origin|outcome|person|severity|state
LIBRARY_MARTS,HEALTH,HEALTH__FED_FDA_FAERS_OUTC,1134815,16402944,6,0,0,date_col|severity
LIBRARY_MARTS,ENVIRONMENT,ENVIRONMENT__FED_EPA_FRS_FRS_SIC_CODES,1085211,8148992,4,0,0,entity_id|naics_sic|severity
LIBRARY_RAW,LANDING,FED_EPA_FRS_FRS_SIC_CODES,1085211,8540160,7,1,0,entity_id|naics_sic|origin|severity
LIBRARY_RAW,LANDING,FED_SEC_INSIDER_DERIV_TRANS,1049121,40538112,45,0,1,amount|count_meas|date_col|origin|rate_meas|severity
LIBRARY_MARTS,FINANCE,FINANCE__FED_SEC_INSIDER_DERIV_TRANS,1049121,43775488,42,8,8,amount|count_meas|date_col|rate_meas|severity
LIBRARY_MARTS,ENVIRONMENT,ENVIRONMENT__FED_USCG_NRC_INCIDENTS,1029020,22991360,14,0,2,city|date_col|origin|seq_order|severity|state|zip
LIBRARY_RAW,LANDING,FED_USCG_NRC_INCIDENTS,1029020,20225536,14,0,0,city|date_col|origin|seq_order|severity|state|zip
