db,schema,table,column,dtype,row_count
LIBRARY_MARTS,CORPORATE_REGISTRY,CORPORATE_REGISTRY__FED_ICIJ_OFFSHORELEAKS_ADDRESSES,COUNTRY_CODES,TEXT,402246
LIBRARY_MARTS,CORPORATE_REGISTRY,CORPORATE_REGISTRY__FED_ICIJ_OFFSHORELEAKS_ENTITIES,COUNTRY_CODES,TEXT,814344
LIBRARY_MARTS,CORPORATE_REGISTRY,CORPORATE_REGISTRY__FED_ICIJ_OFFSHORELEAKS_INTERMEDIARIES,COUNTRY_CODES,TEXT,26768
LIBRARY_MARTS,CORPORATE_REGISTRY,CORPORATE_REGISTRY__FED_ICIJ_OFFSHORELEAKS_OFFICERS,COUNTRY_CODES,TEXT,771315
LIBRARY_MARTS,CORPORATE_REGISTRY,CORPORATE_REGISTRY__FED_ICIJ_OFFSHORELEAKS_OTHERS,COUNTRY_CODES,TEXT,2989
LIBRARY_MARTS,CORPORATE_REGISTRY,CORPORATE_REGISTRY__INTL_ES_BORME,COUNTRY,TEXT,3
LIBRARY_MARTS,CORPORATE_REGISTRY,CORPORATE_REGISTRY__INTL_IE_CRO,COUNTRY,TEXT,821693
LIBRARY_MARTS,CORPORATE_REGISTRY,CORPORATE_REGISTRY__INTL_UK_COMPANIES_HOUSE,COUNTRY,TEXT,5734780
LIBRARY_MARTS,CORPORATE_REGISTRY,CORPORATE_REGISTRY__INTL_UK_COMPANIES_HOUSE,COUNTRY_OF_ORIGIN,TEXT,5734780
LIBRARY_MARTS,CORPORATE_REGISTRY,CORPORATE_REGISTRY__UK_COMPANIES_HOUSE_PSC,ADDRESS_COUNTRY,TEXT,7000000
LIBRARY_MARTS,CORPORATE_REGISTRY,CORPORATE_REGISTRY__UK_COMPANIES_HOUSE_PSC,COUNTRY_OF_RESIDENCE,TEXT,7000000
LIBRARY_MARTS,CORPORATE_REGISTRY,CORPORATE_REGISTRY__UK_COMPANIES_HOUSE_PSC,COUNTRY_REGISTERED,TEXT,7000000
LIBRARY_MARTS,ECONOMICS,ECONOMICS__FED_FOREIGNASSISTANCE,COUNTRY,TEXT,95658
LIBRARY_MARTS,ECONOMICS,ECONOMICS__FED_IRS_AUTO_REVOCATIONS,COUNTRY,TEXT,1207295
LIBRARY_MARTS,ECONOMICS,ECONOMICS__FED_IRS_PUB78_ELIGIBLE_DONEES,COUNTRY,TEXT,1435544
LIBRARY_MARTS,ECONOMICS,ECONOMICS__FED_IRS_REVOCATION,COUNTRY,TEXT,1187367
LIBRARY_MARTS,ECONOMICS,ECONOMICS__FED_USASPENDING_ASSISTANCE_FULL,PRIMARY_PLACE_OF_PERFORMANCE_COUNTRY_CODE,TEXT,19902879
LIBRARY_MARTS,ECONOMICS,ECONOMICS__FED_USASPENDING_ASSISTANCE_FULL,PRIMARY_PLACE_OF_PERFORMANCE_COUNTRY_NAME,TEXT,19902879
LIBRARY_MARTS,ECONOMICS,ECONOMICS__FED_USASPENDING_ASSISTANCE_FULL,RECIPIENT_COUNTRY_CODE,TEXT,19902879
LIBRARY_MARTS,ECONOMICS,ECONOMICS__FED_USASPENDING_ASSISTANCE_FULL,RECIPIENT_COUNTRY_NAME,TEXT,19902879
LIBRARY_MARTS,ECONOMICS,ECONOMICS__FED_USASPENDING_CONTRACTS,RECIPIENT_COUNTRY_NAME,TEXT,6325622
LIBRARY_MARTS,ECONOMICS,ECONOMICS__FED_USASPENDING_CONTRACTS_FULL,COUNTRY_OF_PRODUCT_OR_SERVICE_ORIGIN,TEXT,
LIBRARY_MARTS,ECONOMICS,ECONOMICS__FED_USASPENDING_CONTRACTS_FULL,COUNTRY_OF_PRODUCT_OR_SERVICE_ORIGIN_CODE,TEXT,
LIBRARY_MARTS,ECONOMICS,ECONOMICS__FED_USASPENDING_CONTRACTS_FULL,PRIMARY_PLACE_OF_PERFORMANCE_COUNTRY_CODE,TEXT,
LIBRARY_MARTS,ECONOMICS,ECONOMICS__FED_USASPENDING_CONTRACTS_FULL,PRIMARY_PLACE_OF_PERFORMANCE_COUNTRY_NAME,TEXT,
LIBRARY_MARTS,ECONOMICS,ECONOMICS__FED_USASPENDING_CONTRACTS_FULL,RECIPIENT_COUNTRY_CODE,TEXT,
LIBRARY_MARTS,ECONOMICS,ECONOMICS__FED_USASPENDING_CONTRACTS_FULL,RECIPIENT_COUNTRY_NAME,TEXT,
LIBRARY_MARTS,ECONOMICS,ECONOMICS__INTL_GFI_TRADE,COUNTRY,TEXT,25
LIBRARY_MARTS,ECONOMICS,ECONOMICS__INTL_GLEIF,ENTITY_HEADQUARTERSADDRESS_COUNTRY,TEXT,3382301
LIBRARY_MARTS,ECONOMICS,ECONOMICS__INTL_GLEIF,ENTITY_LEGALADDRESS_COUNTRY,TEXT,3382301
LIBRARY_MARTS,ECONOMICS,ECONOMICS__INTL_GLEIF,ENTITY_OTHERADDRESSES_OTHERADDRESS_1_COUNTRY,TEXT,3382301
LIBRARY_MARTS,ECONOMICS,ECONOMICS__INTL_GLEIF,ENTITY_OTHERADDRESSES_OTHERADDRESS_2_COUNTRY,TEXT,3382301
LIBRARY_MARTS,ECONOMICS,ECONOMICS__INTL_GLEIF,ENTITY_OTHERADDRESSES_OTHERADDRESS_3_COUNTRY,TEXT,3382301
LIBRARY_MARTS,ECONOMICS,ECONOMICS__INTL_GLEIF,ENTITY_OTHERADDRESSES_OTHERADDRESS_4_COUNTRY,TEXT,3382301
LIBRARY_MARTS,ECONOMICS,ECONOMICS__INTL_GLEIF,ENTITY_OTHERADDRESSES_OTHERADDRESS_5_COUNTRY,TEXT,3382301
LIBRARY_MARTS,ECONOMICS,ECONOMICS__INTL_GLEIF,ENTITY_TRANSLITERATEDOTHERADDRESSES_TRANSLITERATEDOTHERADDRESS_1_COUNTRY,TEXT,3382301
LIBRARY_MARTS,ECONOMICS,ECONOMICS__INTL_GLEIF,ENTITY_TRANSLITERATEDOTHERADDRESSES_TRANSLITERATEDOTHERADDRESS_2_COUNTRY,TEXT,3382301
LIBRARY_MARTS,ECONOMICS,ECONOMICS__INTL_GLEIF,ENTITY_TRANSLITERATEDOTHERADDRESSES_TRANSLITERATEDOTHERADDRESS_3_COUNTRY,TEXT,3382301
LIBRARY_MARTS,ECONOMICS,ECONOMICS__INTL_GLEIF,ENTITY_TRANSLITERATEDOTHERADDRESSES_TRANSLITERATEDOTHERADDRESS_4_COUNTRY,TEXT,3382301
LIBRARY_MARTS,ECONOMICS,ECONOMICS__INTL_GLEIF,ENTITY_TRANSLITERATEDOTHERADDRESSES_TRANSLITERATEDOTHERADDRESS_5_COUNTRY,TEXT,3382301
LIBRARY_MARTS,ECONOMICS,ECONOMICS__INTL_IPC_FOOD_INSECURITY_GLOBAL,COUNTRY,TEXT,735
LIBRARY_MARTS,ECONOMICS,ECONOMICS__INTL_IPC_FOOD_INSECURITY_GLOBAL,TOTAL_COUNTRY_POPULATION,FLOAT,735
LIBRARY_MARTS,ECONOMICS,ECONOMICS__INTL_IT_ISTAT,COUNTRY,TEXT,213284
LIBRARY_MARTS,EDUCATION,EDUCATION__FED_GOOGLE_POLADS_ADVERTISER_GEO_SPEND,COUNTRY,TEXT,614078
LIBRARY_MARTS,EDUCATION,EDUCATION__FED_GOOGLE_POLADS_ADVERTISER_GEO_SPEND,COUNTRY_SUBDIVISION_PRIMARY,TEXT,614078
LIBRARY_MARTS,EDUCATION,EDUCATION__FED_GOOGLE_POLADS_GEO_SPEND,COUNTRY,TEXT,1289
LIBRARY_MARTS,EDUCATION,EDUCATION__FED_GOOGLE_POLADS_GEO_SPEND,COUNTRY_SUBDIVISION_PRIMARY,TEXT,1289
LIBRARY_MARTS,EDUCATION,EDUCATION__FED_GOOGLE_POLADS_GEO_SPEND,COUNTRY_SUBDIVISION_SECONDARY,TEXT,1289
LIBRARY_MARTS,EDUCATION,EDUCATION__FED_SENATE_LDA_FILINGS,CLIENT_COUNTRY,TEXT,174871
LIBRARY_MARTS,EDUCATION,EDUCATION__FED_SENATE_LDA_FILINGS,REGISTRANT_COUNTRY,TEXT,174871
LIBRARY_MARTS,ENERGY,ENERGY__INTL_EMBER_ELEC,COUNTRY,TEXT,369264
LIBRARY_MARTS,ENVIRONMENT,ENVIRONMENT__FED_EPA_FRS_FRS_PROGRAM_LINKS,COUNTRY_NAME,TEXT,4406498
LIBRARY_MARTS,ENVIRONMENT,ENVIRONMENT__FED_EPA_SDWA_SDWA_PUB_WATER_SYSTEMS,COUNTRY_CODE,TEXT,434040
LIBRARY_MARTS,ENVIRONMENT,ENVIRONMENT__FED_EPA_TRI_FACILITY,MAIL_COUNTRY,TEXT,64990
LIBRARY_MARTS,ENVIRONMENT,ENVIRONMENT__FED_USGS_MINERALS,COUNTRY,TEXT,304632
LIBRARY_MARTS,ENVIRONMENT,ENVIRONMENT__FED_WQP_MONITORING_STATIONS,COUNTRY_CODE,TEXT,5818
LIBRARY_MARTS,ENVIRONMENT,ENVIRONMENT__INTL_GEM_HAZARD,COUNTRY,TEXT,12
LIBRARY_MARTS,ENVIRONMENT,ENVIRONMENT__INTL_GLOBAL_WITNESS_DEFENDERS,COUNTRY,TEXT,232
LIBRARY_MARTS,FINANCE,FINANCE__FED_FARA,FOREIGN_PRINCIPAL_COUNTRY,NUMBER,30
LIBRARY_MARTS,FINANCE,FINANCE__FED_FATCA_FFI,COUNTRY_NAME,TEXT,516298
LIBRARY_MARTS,FINANCE,FINANCE__FED_FDIC_SOD_BRANCH_DEPOSITS,BRANCH_COUNTRY,TEXT,2823000
LIBRARY_MARTS,FINANCE,FINANCE__FED_FDIC_SOD_BRANCH_DEPOSITS,INSTITUTION_COUNTRY,TEXT,2823000
LIBRARY_MARTS,FINANCE,FINANCE__FED_PCAOB_FORM_AP_FILINGS,FIRM_COUNTRY,TEXT,155384
LIBRARY_MARTS,FINANCE,FINANCE__FED_PCAOB_FORM_AP_FILINGS,FIRM_ISSUING_COUNTRY,TEXT,155384
LIBRARY_MARTS,FINANCE,FINANCE__INTL_ISO_MIC_REGISTRY,ISO_COUNTRY_CODE_ISO_3166,TEXT,2864
LIBRARY_MARTS,FINANCE,FINANCE__INTL_WB_IDS,COUNTRY_CODE,TEXT,62983
LIBRARY_MARTS,FINANCE,FINANCE__INTL_WB_IDS,COUNTRY_NAME,TEXT,62983
LIBRARY_MARTS,FOREIGN_INFLUENCE,FOREIGN_INFLUENCE__FED_FARA_BULK,COUNTRY_LOCATION_REPRESENTED,TEXT,48104
LIBRARY_MARTS,FOREIGN_INFLUENCE,FOREIGN_INFLUENCE__FED_FARA_BULK,FOREIGN_PRINCIPAL_COUNTRY,TEXT,48104
LIBRARY_MARTS,HEALTH,HEALTH__FED_CMS_NPPES,PROVIDER_BUSINESS_MAILING_ADDRESS_COUNTRY_CODE_IF_OUTSIDE_U_S,TEXT,9606683
LIBRARY_MARTS,HEALTH,HEALTH__FED_CMS_NPPES,PROVIDER_BUSINESS_PRACTICE_LOCATION_ADDRESS_COUNTRY_CODE_IF_OUTSIDE_U_S,TEXT,9606683
LIBRARY_MARTS,HEALTH,HEALTH__FED_CMS_OPEN_PAYMENTS_PROFILE_SUPPLEMENT,COUNTRY_NAME,TEXT,1697025
LIBRARY_MARTS,HEALTH,HEALTH__FED_FDA_DEVICE_510K,COUNTRY_CODE,TEXT,175686
LIBRARY_MARTS,HEALTH,HEALTH__FED_FDA_DEVICE_ENFORCEMENT,COUNTRY,TEXT,39635
LIBRARY_MARTS,HEALTH,HEALTH__FED_FDA_DRUG_ENFORCEMENT,COUNTRY,TEXT,17816
LIBRARY_MARTS,HEALTH,HEALTH__FED_FDA_ESTABLISHMENT_REG,ISO_COUNTRY_CODE,TEXT,263374
LIBRARY_MARTS,HEALTH,HEALTH__FED_FDA_FAERS_DEMO,OCCR_COUNTRY,TEXT,5811086
LIBRARY_MARTS,HEALTH,HEALTH__FED_FDA_FAERS_DEMO,REPORTER_COUNTRY,TEXT,5811086
LIBRARY_MARTS,HEALTH,HEALTH__FED_FDA_MAUDE,MANUFACTURER_COUNTRY,TEXT,2743561
LIBRARY_MARTS,HEALTH,HEALTH__FED_HRSA_NPDB,HOME_COUNTRY,NUMBER,1911185
LIBRARY_MARTS,HEALTH,HEALTH__FED_HRSA_NPDB,WORK_COUNTRY,NUMBER,1911185
LIBRARY_MARTS,IMMIGRATION,IMMIGRATION__FED_DHS_YEARBOOK,COUNTRY_OF_BIRTH,TEXT,27
LIBRARY_MARTS,IMMIGRATION,IMMIGRATION__FED_DHS_YEARBOOK,COUNTRY_OF_LAST_RESIDENCE,TEXT,27
LIBRARY_MARTS,IMMIGRATION,IMMIGRATION__FED_DOL_OFLC,AGENT_ATTORNEY_COUNTRY,TEXT,664616
LIBRARY_MARTS,IMMIGRATION,IMMIGRATION__FED_DOL_OFLC,EMPLOYER_COUNTRY,TEXT,664616
LIBRARY_MARTS,IMMIGRATION,IMMIGRATION__FED_ICE_DETAINERS,BIRTH_COUNTRY,TEXT,609769
LIBRARY_MARTS,IMMIGRATION,IMMIGRATION__FED_ICE_DETAINERS,CITIZENSHIP_COUNTRY,TEXT,609769
LIBRARY_MARTS,IMMIGRATION,IMMIGRATION__FED_ICE_DETAINERS,DEPARTURE_COUNTRY,TEXT,609769
LIBRARY_MARTS,IMMIGRATION,IMMIGRATION__FED_ICE_DETENTION_STINTS,BIRTH_COUNTRY,TEXT,2571975
LIBRARY_MARTS,IMMIGRATION,IMMIGRATION__FED_ICE_DETENTION_STINTS,CITIZENSHIP_COUNTRY,TEXT,2571975
LIBRARY_MARTS,IMMIGRATION,IMMIGRATION__FED_ICE_DETENTION_STINTS,DEPARTURE_COUNTRY,TEXT,2571975
LIBRARY_MARTS,IMMIGRATION,IMMIGRATION__FED_ICE_STATISTICS,COUNTRY_OF_CITIZENSHIP,TEXT,204
LIBRARY_MARTS,IMMIGRATION,IMMIGRATION__FED_USCIS_DATA,COUNTRY,TEXT,177
LIBRARY_MARTS,IMMIGRATION,IMMIGRATION__XC_OWID_REFUGEES,REFUGEES_BY_COUNTRY_OF_ORIGIN,NUMBER,7442
LIBRARY_MARTS,JUSTICE,JUSTICE__FED_COURTLISTENER_COURTHOUSES,COUNTRY_CODE,TEXT,3361
LIBRARY_MARTS,JUSTICE,JUSTICE__FED_COURTLISTENER_JUDGES,DOB_COUNTRY,TEXT,16191
LIBRARY_MARTS,JUSTICE,JUSTICE__FED_COURTLISTENER_JUDGES,DOD_COUNTRY,TEXT,16191
LIBRARY_MARTS,JUSTICE,JUSTICE__INTL_EURLEX_CELLAR,COUNTRY,TEXT,53
LIBRARY_MARTS,JUSTICE,JUSTICE__INTL_EU_SANCTIONS,ADDR_COUNTRY,TEXT,42347
LIBRARY_MARTS,JUSTICE,JUSTICE__INTL_EU_SANCTIONS,BIRT_COUNTRY,TEXT,42347
LIBRARY_MARTS,JUSTICE,JUSTICE__INTL_EU_SANCTIONS,CITI_COUNTRY,TEXT,42347
LIBRARY_MARTS,JUSTICE,JUSTICE__INTL_EU_SANCTIONS,IDEN_COUNTRY,TEXT,42347
LIBRARY_MARTS,JUSTICE,JUSTICE__INTL_HUDOC,COUNTRY,TEXT,2000
LIBRARY_MARTS,JUSTICE,JUSTICE__INTL_UCDP_GED,COUNTRY,TEXT,385918
LIBRARY_MARTS,JUSTICE,JUSTICE__INTL_UCDP_GED,COUNTRY_ID,TEXT,385918
LIBRARY_MARTS,JUSTICE,JUSTICE__XC_RANSOMWARELIVE_VICTIMS,COUNTRY,TEXT,30661
LIBRARY_MARTS,JUSTICE,JUSTICE__XC_UK_SANCTIONS_LIST,ADDRESS_COUNTRY,TEXT,33828
LIBRARY_MARTS,JUSTICE,JUSTICE__XC_UK_SANCTIONS_LIST,COUNTRY_OF_BIRTH,TEXT,33828
LIBRARY_MARTS,MONEY_FINANCE,MONEY__DEBT_REPAYMENT_CLIFF,COUNTRY_CODE,TEXT,938
LIBRARY_MARTS,MONEY_FINANCE,MONEY__DEBT_REPAYMENT_CLIFF,COUNTRY_NAME,TEXT,938
LIBRARY_MARTS,MONEY_FINANCE,MONEY__DEBT_REPAYMENT_CLIFF,COUNTRY_YEAR_ID,TEXT,938
LIBRARY_MARTS,OPEN_DATA,OPEN_DATA__INTL_GE_DATAGOV,COUNTRY,TEXT,1
LIBRARY_MARTS,POLITICS,POLITICS__INTL_FREEDOMHOUSE,COUNTRY_TERRITORY,TEXT,2723
LIBRARY_MARTS,PROCUREMENT,PROCUREMENT__FED_SAM_EXCLUSIONS,COUNTRY,TEXT,167928
LIBRARY_MARTS,PROCUREMENT,PROCUREMENT__FED_USASPENDING_BULK,COUNTRY_OF_PRODUCT_OR_SERVICE_ORIGIN,TEXT,49613
LIBRARY_MARTS,PROCUREMENT,PROCUREMENT__FED_USASPENDING_BULK,COUNTRY_OF_PRODUCT_OR_SERVICE_ORIGIN_CODE,TEXT,49613
LIBRARY_MARTS,PROCUREMENT,PROCUREMENT__FED_USASPENDING_BULK,PRIMARY_PLACE_OF_PERFORMANCE_COUNTRY_CODE,TEXT,49613
LIBRARY_MARTS,PROCUREMENT,PROCUREMENT__FED_USASPENDING_BULK,PRIMARY_PLACE_OF_PERFORMANCE_COUNTRY_NAME,TEXT,49613
LIBRARY_MARTS,PROCUREMENT,PROCUREMENT__FED_USASPENDING_BULK,RECIPIENT_COUNTRY_CODE,TEXT,49613
LIBRARY_MARTS,PROCUREMENT,PROCUREMENT__FED_USASPENDING_BULK,RECIPIENT_COUNTRY_NAME,TEXT,49613
LIBRARY_MARTS,PROCUREMENT,PROCUREMENT__INTL_ADB_DATA,COUNTRY,NUMBER,41
LIBRARY_MARTS,REFERENCE,REFERENCE__INTL_EG_CAPMAS,COUNTRY,TEXT,52
LIBRARY_MARTS,REFERENCE,REFERENCE__XC_ROR_RESEARCH_ORGANIZATIONS,COUNTRY_CODE,TEXT,135710
LIBRARY_MARTS,REFERENCE,REFERENCE__XC_ROR_RESEARCH_ORGANIZATIONS,COUNTRY_NAME,TEXT,135710
LIBRARY_MARTS,SCIENCE,SCIENCE__FED_NSF_AWARDS,COUNTRY,TEXT,115
LIBRARY_MARTS,SCIENCE_RESEARCH,SCIENCE_RESEARCH__FED_NIH_REPORTER,ORG_COUNTRY,TEXT,2122611
LIBRARY_MARTS,TIMELINE,CORPORATE_REGISTRY__FED_ICIJ_OFFSHORELEAKS_ENTITIES,COUNTRY_CODES,TEXT,
LIBRARY_MARTS,TIMELINE,CORPORATE_REGISTRY__FED_ICIJ_OFFSHORELEAKS_OTHERS,COUNTRY_CODES,TEXT,
LIBRARY_MARTS,TIMELINE,CORPORATE_REGISTRY__INTL_ES_BORME,COUNTRY,TEXT,
LIBRARY_MARTS,TIMELINE,CORPORATE_REGISTRY__INTL_IE_CRO,COUNTRY,TEXT,
LIBRARY_MARTS,TIMELINE,CORPORATE_REGISTRY__INTL_UK_COMPANIES_HOUSE,COUNTRY,TEXT,
LIBRARY_MARTS,TIMELINE,CORPORATE_REGISTRY__INTL_UK_COMPANIES_HOUSE,COUNTRY_OF_ORIGIN,TEXT,
LIBRARY_MARTS,TIMELINE,CORPORATE_REGISTRY__UK_COMPANIES_HOUSE_PSC,ADDRESS_COUNTRY,TEXT,
LIBRARY_MARTS,TIMELINE,CORPORATE_REGISTRY__UK_COMPANIES_HOUSE_PSC,COUNTRY_OF_RESIDENCE,TEXT,
LIBRARY_MARTS,TIMELINE,CORPORATE_REGISTRY__UK_COMPANIES_HOUSE_PSC,COUNTRY_REGISTERED,TEXT,
LIBRARY_MARTS,TIMELINE,ECONOMICS__FED_FOREIGNASSISTANCE,COUNTRY,TEXT,
LIBRARY_MARTS,TIMELINE,ECONOMICS__FED_IRS_AUTO_REVOCATIONS,COUNTRY,TEXT,
LIBRARY_MARTS,TIMELINE,ECONOMICS__FED_IRS_REVOCATION,COUNTRY,TEXT,
LIBRARY_MARTS,TIMELINE,ECONOMICS__FED_USASPENDING_ASSISTANCE_FULL,PRIMARY_PLACE_OF_PERFORMANCE_COUNTRY_CODE,TEXT,
LIBRARY_MARTS,TIMELINE,ECONOMICS__FED_USASPENDING_ASSISTANCE_FULL,PRIMARY_PLACE_OF_PERFORMANCE_COUNTRY_NAME,TEXT,
LIBRARY_MARTS,TIMELINE,ECONOMICS__FED_USASPENDING_ASSISTANCE_FULL,RECIPIENT_COUNTRY_CODE,TEXT,
LIBRARY_MARTS,TIMELINE,ECONOMICS__FED_USASPENDING_ASSISTANCE_FULL,RECIPIENT_COUNTRY_NAME,TEXT,
LIBRARY_MARTS,TIMELINE,ECONOMICS__FED_USASPENDING_CONTRACTS,RECIPIENT_COUNTRY_NAME,TEXT,
LIBRARY_MARTS,TIMELINE,ECONOMICS__FED_USASPENDING_CONTRACTS_FULL,COUNTRY_OF_PRODUCT_OR_SERVICE_ORIGIN,TEXT,
LIBRARY_MARTS,TIMELINE,ECONOMICS__FED_USASPENDING_CONTRACTS_FULL,COUNTRY_OF_PRODUCT_OR_SERVICE_ORIGIN_CODE,TEXT,
LIBRARY_MARTS,TIMELINE,ECONOMICS__FED_USASPENDING_CONTRACTS_FULL,PRIMARY_PLACE_OF_PERFORMANCE_COUNTRY_CODE,TEXT,
LIBRARY_MARTS,TIMELINE,ECONOMICS__FED_USASPENDING_CONTRACTS_FULL,PRIMARY_PLACE_OF_PERFORMANCE_COUNTRY_NAME,TEXT,
LIBRARY_MARTS,TIMELINE,ECONOMICS__FED_USASPENDING_CONTRACTS_FULL,RECIPIENT_COUNTRY_CODE,TEXT,
LIBRARY_MARTS,TIMELINE,ECONOMICS__FED_USASPENDING_CONTRACTS_FULL,RECIPIENT_COUNTRY_NAME,TEXT,
LIBRARY_MARTS,TIMELINE,ECONOMICS__INTL_IT_ISTAT,COUNTRY,TEXT,
LIBRARY_MARTS,TIMELINE,EDUCATION__FED_SENATE_LDA_FILINGS,CLIENT_COUNTRY,TEXT,
LIBRARY_MARTS,TIMELINE,EDUCATION__FED_SENATE_LDA_FILINGS,REGISTRANT_COUNTRY,TEXT,
LIBRARY_MARTS,TIMELINE,ENERGY__INTL_EMBER_ELEC,COUNTRY,TEXT,
LIBRARY_MARTS,TIMELINE,ENVIRONMENT__FED_EPA_SDWA_SDWA_PUB_WATER_SYSTEMS,COUNTRY_CODE,TEXT,
LIBRARY_MARTS,TIMELINE,ENVIRONMENT__FED_USGS_MINERALS,COUNTRY,TEXT,
LIBRARY_MARTS,TIMELINE,ENVIRONMENT__FED_WQP_MONITORING_STATIONS,COUNTRY_CODE,TEXT,
LIBRARY_MARTS,TIMELINE,ENVIRONMENT__INTL_GLOBAL_WITNESS_DEFENDERS,COUNTRY,TEXT,
LIBRARY_MARTS,TIMELINE,FINANCE__FED_FDIC_SOD_BRANCH_DEPOSITS,BRANCH_COUNTRY,TEXT,
LIBRARY_MARTS,TIMELINE,FINANCE__FED_FDIC_SOD_BRANCH_DEPOSITS,INSTITUTION_COUNTRY,TEXT,
LIBRARY_MARTS,TIMELINE,FINANCE__FED_PCAOB_FORM_AP_FILINGS,FIRM_COUNTRY,TEXT,
LIBRARY_MARTS,TIMELINE,FINANCE__FED_PCAOB_FORM_AP_FILINGS,FIRM_ISSUING_COUNTRY,TEXT,
LIBRARY_MARTS,TIMELINE,FINANCE__INTL_ISO_MIC_REGISTRY,ISO_COUNTRY_CODE_ISO_3166,TEXT,
LIBRARY_MARTS,TIMELINE,FOREIGN_INFLUENCE__FED_FARA_BULK,COUNTRY_LOCATION_REPRESENTED,TEXT,
LIBRARY_MARTS,TIMELINE,FOREIGN_INFLUENCE__FED_FARA_BULK,FOREIGN_PRINCIPAL_COUNTRY,TEXT,
LIBRARY_MARTS,TIMELINE,HEALTH__FED_FDA_DEVICE_510K,COUNTRY_CODE,TEXT,
LIBRARY_MARTS,TIMELINE,HEALTH__FED_FDA_DEVICE_ENFORCEMENT,COUNTRY,TEXT,
LIBRARY_MARTS,TIMELINE,HEALTH__FED_FDA_DRUG_ENFORCEMENT,COUNTRY,TEXT,
LIBRARY_MARTS,TIMELINE,HEALTH__FED_FDA_ESTABLISHMENT_REG,ISO_COUNTRY_CODE,TEXT,
LIBRARY_MARTS,TIMELINE,HEALTH__FED_FDA_FAERS_DEMO,OCCR_COUNTRY,TEXT,
LIBRARY_MARTS,TIMELINE,HEALTH__FED_FDA_FAERS_DEMO,REPORTER_COUNTRY,TEXT,
LIBRARY_MARTS,TIMELINE,HEALTH__FED_FDA_MAUDE,MANUFACTURER_COUNTRY,TEXT,
LIBRARY_MARTS,TIMELINE,HEALTH__FED_HRSA_NPDB,HOME_COUNTRY,NUMBER,
LIBRARY_MARTS,TIMELINE,HEALTH__FED_HRSA_NPDB,WORK_COUNTRY,NUMBER,
LIBRARY_MARTS,TIMELINE,IMMIGRATION__FED_DHS_YEARBOOK,COUNTRY_OF_BIRTH,TEXT,
LIBRARY_MARTS,TIMELINE,IMMIGRATION__FED_DHS_YEARBOOK,COUNTRY_OF_LAST_RESIDENCE,TEXT,
LIBRARY_MARTS,TIMELINE,IMMIGRATION__FED_DOL_OFLC,AGENT_ATTORNEY_COUNTRY,TEXT,
LIBRARY_MARTS,TIMELINE,IMMIGRATION__FED_DOL_OFLC,EMPLOYER_COUNTRY,TEXT,
LIBRARY_MARTS,TIMELINE,IMMIGRATION__FED_ICE_DETAINERS,BIRTH_COUNTRY,TEXT,
LIBRARY_MARTS,TIMELINE,IMMIGRATION__FED_ICE_DETAINERS,CITIZENSHIP_COUNTRY,TEXT,
LIBRARY_MARTS,TIMELINE,IMMIGRATION__FED_ICE_DETAINERS,DEPARTURE_COUNTRY,TEXT,
LIBRARY_MARTS,TIMELINE,IMMIGRATION__FED_ICE_DETENTION_STINTS,BIRTH_COUNTRY,TEXT,
LIBRARY_MARTS,TIMELINE,IMMIGRATION__FED_ICE_DETENTION_STINTS,CITIZENSHIP_COUNTRY,TEXT,
LIBRARY_MARTS,TIMELINE,IMMIGRATION__FED_ICE_DETENTION_STINTS,DEPARTURE_COUNTRY,TEXT,
LIBRARY_MARTS,TIMELINE,IMMIGRATION__XC_OWID_REFUGEES,REFUGEES_BY_COUNTRY_OF_ORIGIN,NUMBER,
LIBRARY_MARTS,TIMELINE,JUSTICE__FED_COURTLISTENER_JUDGES,DOB_COUNTRY,TEXT,
LIBRARY_MARTS,TIMELINE,JUSTICE__FED_COURTLISTENER_JUDGES,DOD_COUNTRY,TEXT,
LIBRARY_MARTS,TIMELINE,JUSTICE__INTL_EURLEX_CELLAR,COUNTRY,TEXT,
LIBRARY_MARTS,TIMELINE,JUSTICE__INTL_EU_SANCTIONS,ADDR_COUNTRY,TEXT,
LIBRARY_MARTS,TIMELINE,JUSTICE__INTL_EU_SANCTIONS,BIRT_COUNTRY,TEXT,
LIBRARY_MARTS,TIMELINE,JUSTICE__INTL_EU_SANCTIONS,CITI_COUNTRY,TEXT,
LIBRARY_MARTS,TIMELINE,JUSTICE__INTL_EU_SANCTIONS,IDEN_COUNTRY,TEXT,
LIBRARY_MARTS,TIMELINE,JUSTICE__INTL_UCDP_GED,COUNTRY,TEXT,
LIBRARY_MARTS,TIMELINE,JUSTICE__INTL_UCDP_GED,COUNTRY_ID,TEXT,
LIBRARY_MARTS,TIMELINE,JUSTICE__XC_UK_SANCTIONS_LIST,ADDRESS_COUNTRY,TEXT,
LIBRARY_MARTS,TIMELINE,JUSTICE__XC_UK_SANCTIONS_LIST,COUNTRY_OF_BIRTH,TEXT,
LIBRARY_MARTS,TIMELINE,MONEY__DEBT_REPAYMENT_CLIFF,COUNTRY_CODE,TEXT,
LIBRARY_MARTS,TIMELINE,MONEY__DEBT_REPAYMENT_CLIFF,COUNTRY_NAME,TEXT,
LIBRARY_MARTS,TIMELINE,MONEY__DEBT_REPAYMENT_CLIFF,COUNTRY_YEAR_ID,TEXT,
LIBRARY_MARTS,TIMELINE,PROCUREMENT__FED_SAM_EXCLUSIONS,COUNTRY,TEXT,
LIBRARY_MARTS,TIMELINE,PROCUREMENT__FED_USASPENDING_BULK,COUNTRY_OF_PRODUCT_OR_SERVICE_ORIGIN,TEXT,
LIBRARY_MARTS,TIMELINE,PROCUREMENT__FED_USASPENDING_BULK,COUNTRY_OF_PRODUCT_OR_SERVICE_ORIGIN_CODE,TEXT,
LIBRARY_MARTS,TIMELINE,PROCUREMENT__FED_USASPENDING_BULK,PRIMARY_PLACE_OF_PERFORMANCE_COUNTRY_CODE,TEXT,
LIBRARY_MARTS,TIMELINE,PROCUREMENT__FED_USASPENDING_BULK,PRIMARY_PLACE_OF_PERFORMANCE_COUNTRY_NAME,TEXT,
LIBRARY_MARTS,TIMELINE,PROCUREMENT__FED_USASPENDING_BULK,RECIPIENT_COUNTRY_CODE,TEXT,
LIBRARY_MARTS,TIMELINE,PROCUREMENT__FED_USASPENDING_BULK,RECIPIENT_COUNTRY_NAME,TEXT,
LIBRARY_MARTS,TIMELINE,REFERENCE__XC_ROR_RESEARCH_ORGANIZATIONS,COUNTRY_CODE,TEXT,
LIBRARY_MARTS,TIMELINE,REFERENCE__XC_ROR_RESEARCH_ORGANIZATIONS,COUNTRY_NAME,TEXT,
LIBRARY_MARTS,TIMELINE,SCIENCE_RESEARCH__FED_NIH_REPORTER,ORG_COUNTRY,TEXT,
LIBRARY_MARTS,TIMELINE,SCIENCE__FED_NSF_AWARDS,COUNTRY,TEXT,
LIBRARY_MARTS,TIMELINE,TRANSPORT__FED_FAA_AIRCRAFT_REGISTRY,COUNTRY_CODE,TEXT,
LIBRARY_MARTS,TIMELINE,TRANSPORT__FED_FAA_REGISTRY,COUNTRY,TEXT,
LIBRARY_MARTS,TIMELINE,TRANSPORT__FED_NTSB_AVIATION_AIRCRAFT,DEST_COUNTRY,TEXT,
LIBRARY_MARTS,TIMELINE,TRANSPORT__FED_NTSB_AVIATION_AIRCRAFT,DPRT_COUNTRY,TEXT,
LIBRARY_MARTS,TIMELINE,TRANSPORT__FED_NTSB_AVIATION_AIRCRAFT,OPER_COUNTRY,TEXT,
LIBRARY_MARTS,TIMELINE,TRANSPORT__FED_NTSB_AVIATION_AIRCRAFT,OWNER_COUNTRY,TEXT,
LIBRARY_MARTS,TIMELINE,TRANSPORT__FED_NTSB_AVIATION_EVENTS,EV_COUNTRY,TEXT,
LIBRARY_MARTS,TRANSPORT,TRANSPORT__FED_FAA_AIRCRAFT_REGISTRY,COUNTRY_CODE,TEXT,315447
LIBRARY_MARTS,TRANSPORT,TRANSPORT__FED_FAA_REGISTRY,COUNTRY,TEXT,314417
LIBRARY_MARTS,TRANSPORT,TRANSPORT__FED_NTSB_AVIATION_AIRCRAFT,DEST_COUNTRY,TEXT,31503
LIBRARY_MARTS,TRANSPORT,TRANSPORT__FED_NTSB_AVIATION_AIRCRAFT,DPRT_COUNTRY,TEXT,31503
LIBRARY_MARTS,TRANSPORT,TRANSPORT__FED_NTSB_AVIATION_AIRCRAFT,OPER_COUNTRY,TEXT,31503
LIBRARY_MARTS,TRANSPORT,TRANSPORT__FED_NTSB_AVIATION_AIRCRAFT,OWNER_COUNTRY,TEXT,31503
LIBRARY_MARTS,TRANSPORT,TRANSPORT__FED_NTSB_AVIATION_EVENTS,EV_COUNTRY,TEXT,30968
LIBRARY_MARTS,_RESTORE_20260701,CORPORATE_REGISTRY__INTL_IE_CRO,COUNTRY,TEXT,1
LIBRARY_MARTS,_RESTORE_20260701,ECONOMICS__FED_HHS_TAGGS,RECIPIENT_COUNTRY,TEXT,1
LIBRARY_MARTS,_RESTORE_20260701,ECONOMICS__INTL_CH_ZEFIX,COUNTRY,TEXT,1
LIBRARY_MARTS,_RESTORE_20260701,HISTORICAL_RECORDS__FED_SLAVEVOYAGES_INTRAAMERICAN,COUNTRY,TEXT,1
LIBRARY_MARTS,_RESTORE_20260701,HISTORICAL_RECORDS__FED_SLAVEVOYAGES_INTRAAMERICAN,COUNTRY_OF_ARRIVAL,TEXT,1
LIBRARY_MARTS,_RESTORE_20260701,HISTORICAL_RECORDS__FED_SLAVEVOYAGES_INTRAAMERICAN,COUNTRY_OF_DEPARTURE,TEXT,1
LIBRARY_MARTS,_RESTORE_20260731,ECONOMICS__INTL_ES_BORME,COUNTRY,NUMBER,25
LIBRARY_MARTS,_RESTORE_20260731,JUSTICE__INTL_FATF_RATINGS,COUNTRY,NUMBER,200
LIBRARY_MARTS,_RESTORE_20260731,UNCATEGORIZED__FED_EPA_FRS_FULL,COUNTRY_NAME,NUMBER,5300149
LIBRARY_MARTS,_RESTORE_20260731,UNCATEGORIZED__INT_UK_COMPANIES_HOUSE,COUNTRY_OF_ORIGIN,NUMBER,5734780
LIBRARY_MARTS,_RESTORE_20260731,UNCATEGORIZED__INT_UK_COMPANIES_HOUSE,REG_ADDRESS_COUNTRY,NUMBER,5734780
LIBRARY_RAW,LANDING,FED_ATF_FFL,COUNTRY,TEXT,77514
LIBRARY_RAW,LANDING,FED_ATF_FFL_LOCATIONS,ATTRIBUTES_COUNTRY,TEXT,2000
LIBRARY_RAW,LANDING,FED_CMS_NPPES,PROVIDER_BUSINESS_MAILING_ADDRESS_COUNTRY_CODE_IF_OUTSIDE_U_S,TEXT,9606683
LIBRARY_RAW,LANDING,FED_CMS_NPPES,PROVIDER_BUSINESS_PRACTICE_LOCATION_ADDRESS_COUNTRY_CODE_IF_OUTSIDE_U_S,TEXT,9606683
LIBRARY_RAW,LANDING,FED_CMS_OPEN_PAYMENTS,APPLICABLE_MANUFACTURER_OR_APPLICABLE_GPO_MAKING_PAYMENT_COUNTRY,TEXT,15385047
LIBRARY_RAW,LANDING,FED_CMS_OPEN_PAYMENTS,COUNTRY_OF_TRAVEL,TEXT,15385047
LIBRARY_RAW,LANDING,FED_CMS_OPEN_PAYMENTS,RECIPIENT_COUNTRY,TEXT,15385047
LIBRARY_RAW,LANDING,FED_CMS_OPEN_PAYMENTS_2022,APPLICABLE_MANUFACTURER_OR_APPLICABLE_GPO_MAKING_PAYMENT_COUNTRY,TEXT,13250000
LIBRARY_RAW,LANDING,FED_CMS_OPEN_PAYMENTS_2022,COUNTRY_OF_TRAVEL,TEXT,13250000
LIBRARY_RAW,LANDING,FED_CMS_OPEN_PAYMENTS_2022,RECIPIENT_COUNTRY,TEXT,13250000
LIBRARY_RAW,LANDING,FED_CMS_OPEN_PAYMENTS_2023,APPLICABLE_MANUFACTURER_OR_APPLICABLE_GPO_MAKING_PAYMENT_COUNTRY,TEXT,14700786
LIBRARY_RAW,LANDING,FED_CMS_OPEN_PAYMENTS_2023,COUNTRY_OF_TRAVEL,TEXT,14700786
LIBRARY_RAW,LANDING,FED_CMS_OPEN_PAYMENTS_2023,RECIPIENT_COUNTRY,TEXT,14700786
LIBRARY_RAW,LANDING,FED_CMS_OPEN_PAYMENTS_PROFILE_SUPPLEMENT,COVERED_RECIPIENT_PROFILE_COUNTRY_NAME,TEXT,1697025
LIBRARY_RAW,LANDING,FED_COURTLISTENER_COURTHOUSES,COUNTRY_CODE,TEXT,3361
LIBRARY_RAW,LANDING,FED_COURTLISTENER_JUDGES,DOB_COUNTRY,TEXT,16191
LIBRARY_RAW,LANDING,FED_COURTLISTENER_JUDGES,DOD_COUNTRY,TEXT,16191
LIBRARY_RAW,LANDING,FED_DHS_YEARBOOK,COUNTRY_OF_BIRTH,TEXT,27
LIBRARY_RAW,LANDING,FED_DHS_YEARBOOK,COUNTRY_OF_LAST_RESIDENCE,TEXT,27
LIBRARY_RAW,LANDING,FED_DOL_OFLC,AGENT_ATTORNEY_COUNTRY,TEXT,664616
LIBRARY_RAW,LANDING,FED_DOL_OFLC,EMPLOYER_COUNTRY,TEXT,664616
LIBRARY_RAW,LANDING,FED_EPA_FRS_FRS_PROGRAM_LINKS,COUNTRY_NAME,TEXT,4406498
LIBRARY_RAW,LANDING,FED_EPA_FRS_FULL,COUNTRY_NAME,TEXT,5300149
LIBRARY_RAW,LANDING,FED_EPA_SDWA_SDWA_PUB_WATER_SYSTEMS,COUNTRY_CODE,TEXT,434040
LIBRARY_RAW,LANDING,FED_EPA_TRI_FACILITY,MAIL_COUNTRY,TEXT,64990
LIBRARY_RAW,LANDING,FED_FAA_AIRCRAFT_REGISTRY,COUNTRY,TEXT,315447
LIBRARY_RAW,LANDING,FED_FAA_REGISTRY,COUNTRY,TEXT,314417
LIBRARY_RAW,LANDING,FED_FARA,FOREIGN_PRINCIPAL_COUNTRY,TEXT,30
LIBRARY_RAW,LANDING,FED_FARA_BULK,COUNTRY_LOCATION_REPRESENTED,TEXT,221900
LIBRARY_RAW,LANDING,FED_FARA_BULK,FOREIGN_PRINCIPAL_COUNTRY,TEXT,221900
LIBRARY_RAW,LANDING,FED_FATCA_FFI,COUNTRY_NAME,TEXT,516298
LIBRARY_RAW,LANDING,FED_FDA_FAERS_DEMO,OCCR_COUNTRY,TEXT,5811086
LIBRARY_RAW,LANDING,FED_FDA_FAERS_DEMO,REPORTER_COUNTRY,TEXT,5811086
LIBRARY_RAW,LANDING,FED_FDA_MAUDE_DEVICE_EVENTS,MANUFACTURER_CONTACT_COUNTRY,TEXT,1
LIBRARY_RAW,LANDING,FED_FDA_MAUDE_DEVICE_EVENTS,MANUFACTURER_COUNTRY,TEXT,1
LIBRARY_RAW,LANDING,FED_FDA_MAUDE_DEVICE_EVENTS,MANUFACTURER_G1_COUNTRY,TEXT,1
LIBRARY_RAW,LANDING,FED_FDA_MAUDE_DEVICE_EVENTS,REPORTER_COUNTRY_CODE,TEXT,1
LIBRARY_RAW,LANDING,FED_FOREIGNASSISTANCE,COUNTRY,TEXT,3967456
LIBRARY_RAW,LANDING,FED_GOOGLE_POLADS_ADVERTISER_GEO_SPEND,COUNTRY,TEXT,614078
LIBRARY_RAW,LANDING,FED_GOOGLE_POLADS_ADVERTISER_GEO_SPEND,COUNTRY_SUBDIVISION_PRIMARY,TEXT,614078
LIBRARY_RAW,LANDING,FED_GOOGLE_POLADS_GEO_SPEND,COUNTRY,TEXT,1289
LIBRARY_RAW,LANDING,FED_GOOGLE_POLADS_GEO_SPEND,COUNTRY_SUBDIVISION_PRIMARY,TEXT,1289
LIBRARY_RAW,LANDING,FED_GOOGLE_POLADS_GEO_SPEND,COUNTRY_SUBDIVISION_SECONDARY,TEXT,1289
LIBRARY_RAW,LANDING,FED_HHS_TAGGS,RECIPIENT_COUNTRY,TEXT,45
LIBRARY_RAW,LANDING,FED_ICE_DETAINERS,BIRTH_COUNTRY,TEXT,609769
LIBRARY_RAW,LANDING,FED_ICE_DETAINERS,CITIZENSHIP_COUNTRY,TEXT,609769
LIBRARY_RAW,LANDING,FED_ICE_DETAINERS,DEPARTURE_COUNTRY,TEXT,609769
LIBRARY_RAW,LANDING,FED_ICE_DETENTION_STINTS,BIRTH_COUNTRY,TEXT,2617844
LIBRARY_RAW,LANDING,FED_ICE_DETENTION_STINTS,CITIZENSHIP_COUNTRY,TEXT,2617844
LIBRARY_RAW,LANDING,FED_ICE_DETENTION_STINTS,DEPARTURE_COUNTRY,TEXT,2617844
LIBRARY_RAW,LANDING,FED_ICE_STATISTICS,COUNTRY_OF_CITIZENSHIP,TEXT,221
LIBRARY_RAW,LANDING,FED_ICIJ_OFFSHORELEAKS_ADDRESSES,COUNTRY_CODES,TEXT,402246
LIBRARY_RAW,LANDING,FED_ICIJ_OFFSHORELEAKS_ENTITIES,COUNTRY_CODES,TEXT,814344
LIBRARY_RAW,LANDING,FED_ICIJ_OFFSHORELEAKS_INTERMEDIARIES,COUNTRY_CODES,TEXT,26768
LIBRARY_RAW,LANDING,FED_ICIJ_OFFSHORELEAKS_OFFICERS,COUNTRY_CODES,TEXT,771315
LIBRARY_RAW,LANDING,FED_ICIJ_OFFSHORELEAKS_OTHERS,COUNTRY_CODES,TEXT,2989
LIBRARY_RAW,LANDING,FED_IRS_AUTO_REVOCATIONS,COUNTRY,TEXT,1207295
LIBRARY_RAW,LANDING,FED_IRS_PUB78_ELIGIBLE_DONEES,COUNTRY,TEXT,1435544
LIBRARY_RAW,LANDING,FED_IRS_REVOCATION,COUNTRY,TEXT,1206628
LIBRARY_RAW,LANDING,FED_NIH_REPORTER,ORG_COUNTRY,TEXT,2122611
LIBRARY_RAW,LANDING,FED_NSF_AWARDS,COUNTRY,TEXT,125
LIBRARY_RAW,LANDING,FED_NTSB_AVIATION_AIRCRAFT,DEST_COUNTRY,TEXT,31503
LIBRARY_RAW,LANDING,FED_NTSB_AVIATION_AIRCRAFT,DPRT_COUNTRY,TEXT,31503
LIBRARY_RAW,LANDING,FED_NTSB_AVIATION_AIRCRAFT,OPER_COUNTRY,TEXT,31503
LIBRARY_RAW,LANDING,FED_NTSB_AVIATION_AIRCRAFT,OWNER_COUNTRY,TEXT,31503
LIBRARY_RAW,LANDING,FED_NTSB_AVIATION_EVENTS,EV_COUNTRY,TEXT,30968
LIBRARY_RAW,LANDING,FED_PCAOB_FORM_AP_FILINGS,FIRM_COUNTRY,TEXT,155384
LIBRARY_RAW,LANDING,FED_PCAOB_FORM_AP_FILINGS,FIRM_ISSUING_COUNTRY,TEXT,155384
LIBRARY_RAW,LANDING,FED_RETRACTION_WATCH,COUNTRY,TEXT,71591
LIBRARY_RAW,LANDING,FED_SAM_EXCLUSIONS,COUNTRY,TEXT,9000
LIBRARY_RAW,LANDING,FED_SAM_EXCLUSIONS_FULL_R2,COUNTRY,TEXT,167928
LIBRARY_RAW,LANDING,FED_SENATE_LDA_FILINGS,CLIENT_COUNTRY,TEXT,174871
LIBRARY_RAW,LANDING,FED_SENATE_LDA_FILINGS,REGISTRANT_COUNTRY,TEXT,174871
LIBRARY_RAW,LANDING,FED_USASPENDING_ASSISTANCE_FULL,PRIMARY_PLACE_OF_PERFORMANCE_COUNTRY_CODE,TEXT,19902879
LIBRARY_RAW,LANDING,FED_USASPENDING_ASSISTANCE_FULL,PRIMARY_PLACE_OF_PERFORMANCE_COUNTRY_NAME,TEXT,19902879
LIBRARY_RAW,LANDING,FED_USASPENDING_ASSISTANCE_FULL,RECIPIENT_COUNTRY_CODE,TEXT,19902879
LIBRARY_RAW,LANDING,FED_USASPENDING_ASSISTANCE_FULL,RECIPIENT_COUNTRY_NAME,TEXT,19902879
LIBRARY_RAW,LANDING,FED_USASPENDING_BULK,COUNTRY_OF_PRODUCT_OR_SERVICE_ORIGIN,TEXT,50000
LIBRARY_RAW,LANDING,FED_USASPENDING_BULK,COUNTRY_OF_PRODUCT_OR_SERVICE_ORIGIN_CODE,TEXT,50000
LIBRARY_RAW,LANDING,FED_USASPENDING_BULK,PRIMARY_PLACE_OF_PERFORMANCE_COUNTRY_CODE,TEXT,50000
LIBRARY_RAW,LANDING,FED_USASPENDING_BULK,PRIMARY_PLACE_OF_PERFORMANCE_COUNTRY_NAME,TEXT,50000
LIBRARY_RAW,LANDING,FED_USASPENDING_BULK,RECIPIENT_COUNTRY_CODE,TEXT,50000
LIBRARY_RAW,LANDING,FED_USASPENDING_BULK,RECIPIENT_COUNTRY_NAME,TEXT,50000
LIBRARY_RAW,LANDING,FED_USASPENDING_CONTRACTS,RECIPIENT_COUNTRY_NAME,TEXT,6325622
LIBRARY_RAW,LANDING,FED_USASPENDING_CONTRACTS_FULL,COUNTRY_OF_PRODUCT_OR_SERVICE_ORIGIN,TEXT,20000000
LIBRARY_RAW,LANDING,FED_USASPENDING_CONTRACTS_FULL,COUNTRY_OF_PRODUCT_OR_SERVICE_ORIGIN_CODE,TEXT,20000000
LIBRARY_RAW,LANDING,FED_USASPENDING_CONTRACTS_FULL,PRIMARY_PLACE_OF_PERFORMANCE_COUNTRY_CODE,TEXT,20000000
LIBRARY_RAW,LANDING,FED_USASPENDING_CONTRACTS_FULL,PRIMARY_PLACE_OF_PERFORMANCE_COUNTRY_NAME,TEXT,20000000
LIBRARY_RAW,LANDING,FED_USASPENDING_CONTRACTS_FULL,RECIPIENT_COUNTRY_CODE,TEXT,20000000
LIBRARY_RAW,LANDING,FED_USASPENDING_CONTRACTS_FULL,RECIPIENT_COUNTRY_NAME,TEXT,20000000
LIBRARY_RAW,LANDING,FED_USCIS_DATA,COUNTRY,TEXT,3204
LIBRARY_RAW,LANDING,FED_USGS_MINERALS,COUNTRY,TEXT,304632
LIBRARY_RAW,LANDING,FED_USITC_DATAWEB,COUNTRY_CODE,TEXT,7
LIBRARY_RAW,LANDING,FED_USITC_DATAWEB,COUNTRY_NAME,TEXT,7
LIBRARY_RAW,LANDING,ICIJ_OFFSHORE_LEAKS_ADDRESSES,COUNTRY_CODES,TEXT,402246
LIBRARY_RAW,LANDING,ICIJ_OFFSHORE_LEAKS_ENTITIES,COUNTRY_CODES,TEXT,814344
LIBRARY_RAW,LANDING,ICIJ_OFFSHORE_LEAKS_INTERMEDIARIES,COUNTRY_CODES,TEXT,26768
LIBRARY_RAW,LANDING,ICIJ_OFFSHORE_LEAKS_OFFICERS,COUNTRY_CODES,TEXT,771315
LIBRARY_RAW,LANDING,INTL_ADB_DATA,COUNTRY,TEXT,41
LIBRARY_RAW,LANDING,INTL_CH_ZEFIX,COUNTRY,TEXT,18
LIBRARY_RAW,LANDING,INTL_EG_CAPMAS,COUNTRY,TEXT,150
LIBRARY_RAW,LANDING,INTL_EMBER_ELEC,COUNTRY_OR_REGION,TEXT,369264
LIBRARY_RAW,LANDING,INTL_ES_BORME,COUNTRY,TEXT,25
LIBRARY_RAW,LANDING,INTL_EURLEX_CELLAR,COUNTRY,TEXT,53
LIBRARY_RAW,LANDING,INTL_EU_SANCTIONS,ADDR_COUNTRY,TEXT,42347
LIBRARY_RAW,LANDING,INTL_EU_SANCTIONS,BIRT_COUNTRY,TEXT,42347
LIBRARY_RAW,LANDING,INTL_EU_SANCTIONS,CITI_COUNTRY,TEXT,42347
LIBRARY_RAW,LANDING,INTL_EU_SANCTIONS,IDEN_COUNTRY,TEXT,42347
LIBRARY_RAW,LANDING,INTL_FATF_RATINGS,COUNTRY,TEXT,200
LIBRARY_RAW,LANDING,INTL_FREEDOMHOUSE,COUNTRY_TERRITORY,TEXT,2723
LIBRARY_RAW,LANDING,INTL_GEM_HAZARD,COUNTRY,TEXT,12
LIBRARY_RAW,LANDING,INTL_GE_DATAGOV,COUNTRY,TEXT,1
LIBRARY_RAW,LANDING,INTL_GFI_TRADE,COUNTRY,TEXT,25
LIBRARY_RAW,LANDING,INTL_GLOBAL_WITNESS_DEFENDERS,COUNTRY,TEXT,232
LIBRARY_RAW,LANDING,INTL_HUDOC,COUNTRY,TEXT,2000
LIBRARY_RAW,LANDING,INTL_IPC_FOOD_INSECURITY_GLOBAL,COUNTRY,TEXT,735
LIBRARY_RAW,LANDING,INTL_IPC_FOOD_INSECURITY_GLOBAL,TOTAL_COUNTRY_POPULATION,TEXT,735
LIBRARY_RAW,LANDING,INTL_ISO_MIC_REGISTRY,ISO_COUNTRY_CODE_ISO_3166,TEXT,2864
LIBRARY_RAW,LANDING,INTL_UCDP_GED,COUNTRY,TEXT,385918
LIBRARY_RAW,LANDING,INTL_UCDP_GED,COUNTRY_ID,TEXT,385918
LIBRARY_RAW,LANDING,INTL_UK_SANCTIONS_LIST,ADDRESS_COUNTRY,TEXT,57883
LIBRARY_RAW,LANDING,INTL_UK_SANCTIONS_LIST,COUNTRY_OF_BIRTH,TEXT,57883
LIBRARY_RAW,LANDING,INTL_UN_SC_CONSOLIDATED_SANCTIONS,ENTITY_ADDRESS_COUNTRY,TEXT,1011
LIBRARY_RAW,LANDING,INTL_UN_SC_CONSOLIDATED_SANCTIONS,INDIVIDUAL_ADDRESS_COUNTRY,TEXT,1011
LIBRARY_RAW,LANDING,INTL_UN_SC_CONSOLIDATED_SANCTIONS,INDIVIDUAL_ALIAS_COUNTRY_OF_BIRTH,TEXT,1011
LIBRARY_RAW,LANDING,INTL_UN_SC_CONSOLIDATED_SANCTIONS,INDIVIDUAL_DOCUMENT_COUNTRY_OF_ISSUE,TEXT,1011
LIBRARY_RAW,LANDING,INTL_UN_SC_CONSOLIDATED_SANCTIONS,INDIVIDUAL_DOCUMENT_ISSUING_COUNTRY,TEXT,1011
LIBRARY_RAW,LANDING,INTL_UN_SC_CONSOLIDATED_SANCTIONS,INDIVIDUAL_PLACE_OF_BIRTH_COUNTRY,TEXT,1011
LIBRARY_RAW,LANDING,INTL_WB_IDS,COUNTRY_CODE,TEXT,62983
LIBRARY_RAW,LANDING,INTL_WB_IDS,COUNTRY_NAME,TEXT,62983
LIBRARY_RAW,LANDING,PORTAL_ARC_ATLANTA_DATAATLA_1A7F4ADC21,COUNTRY,TEXT,144
LIBRARY_RAW,LANDING,PORTAL_ARC_ATLANTA_DATAATLA_4AB9F9E31E,COUNTRY,TEXT,681
LIBRARY_RAW,LANDING,PORTAL_ARC_ATLANTA_DATAATLA_79E3C7BD36,COUNTRY,TEXT,209
LIBRARY_RAW,LANDING,PORTAL_ARC_ATLANTA_DATAATLA_A59DB2E766,COUNTRY,TEXT,322
LIBRARY_RAW,LANDING,PORTAL_ARC_HARRIS_COUNTY_OP_12691A85A0,COUNTRY,TEXT,38
LIBRARY_RAW,LANDING,PORTAL_ARC_HARRIS_COUNTY_OP_167EC31B95,COUNTRY,TEXT,96
LIBRARY_RAW,LANDING,PORTAL_ARC_HARRIS_COUNTY_OP_183E778C9D,COUNTRY,TEXT,292
LIBRARY_RAW,LANDING,PORTAL_ARC_HARRIS_COUNTY_OP_1966AC023B,COUNTRY,TEXT,55
LIBRARY_RAW,LANDING,PORTAL_ARC_HARRIS_COUNTY_OP_19FE875D1D,COUNTRY,TEXT,35
LIBRARY_RAW,LANDING,PORTAL_ARC_HARRIS_COUNTY_OP_1A53499962,COUNTRY,TEXT,372
LIBRARY_RAW,LANDING,PORTAL_ARC_HARRIS_COUNTY_OP_1F4D98F329,COUNTRY,TEXT,1143
LIBRARY_RAW,LANDING,PORTAL_ARC_HARRIS_COUNTY_OP_2718B3279A,COUNTRY,TEXT,77
LIBRARY_RAW,LANDING,PORTAL_ARC_HARRIS_COUNTY_OP_28CF881303,COUNTRY,TEXT,13
LIBRARY_RAW,LANDING,PORTAL_ARC_HARRIS_COUNTY_OP_2A7A02B1E2,COUNTRY,TEXT,14
LIBRARY_RAW,LANDING,PORTAL_ARC_HARRIS_COUNTY_OP_2A7A02B1E2,IN_COUNTRY,TEXT,14
LIBRARY_RAW,LANDING,PORTAL_ARC_HARRIS_COUNTY_OP_32D5FF05CA,COUNTRY,TEXT,100
LIBRARY_RAW,LANDING,PORTAL_ARC_HARRIS_COUNTY_OP_32D5FF05CA,IN_COUNTRY,TEXT,100
LIBRARY_RAW,LANDING,PORTAL_ARC_HARRIS_COUNTY_OP_3304C540B7,COUNTRY,TEXT,645
LIBRARY_RAW,LANDING,PORTAL_ARC_HARRIS_COUNTY_OP_33A3918C80,COUNTRY,TEXT,363
LIBRARY_RAW,LANDING,PORTAL_ARC_HARRIS_COUNTY_OP_360277F8CB,COUNTRY,TEXT,2
LIBRARY_RAW,LANDING,PORTAL_ARC_HARRIS_COUNTY_OP_374D2E791F,COUNTRY,TEXT,77
LIBRARY_RAW,LANDING,PORTAL_ARC_HARRIS_COUNTY_OP_3CFE4113ED,COUNTRY,TEXT,2
LIBRARY_RAW,LANDING,PORTAL_ARC_HARRIS_COUNTY_OP_3E1426DF10,COUNTRY,TEXT,372
LIBRARY_RAW,LANDING,PORTAL_ARC_HARRIS_COUNTY_OP_3E1A188E92,COUNTRY,TEXT,642
LIBRARY_RAW,LANDING,PORTAL_ARC_HARRIS_COUNTY_OP_3E3BFD2059,COUNTRY,TEXT,254
LIBRARY_RAW,LANDING,PORTAL_ARC_HARRIS_COUNTY_OP_3E3BFD2059,IN_COUNTRY,TEXT,254
LIBRARY_RAW,LANDING,PORTAL_ARC_HARRIS_COUNTY_OP_41FBA6BF22,COUNTRY,TEXT,15
LIBRARY_RAW,LANDING,PORTAL_ARC_HARRIS_COUNTY_OP_41FBA6BF22,IN_COUNTRY,TEXT,15
LIBRARY_RAW,LANDING,PORTAL_ARC_HARRIS_COUNTY_OP_4E0F396A33,COUNTRY,TEXT,755
LIBRARY_RAW,LANDING,PORTAL_ARC_HARRIS_COUNTY_OP_4F19F66C45,COUNTRY,TEXT,56
LIBRARY_RAW,LANDING,PORTAL_ARC_HARRIS_COUNTY_OP_52229E2E24,COUNTRY,TEXT,488
LIBRARY_RAW,LANDING,PORTAL_ARC_HARRIS_COUNTY_OP_52229E2E24,USER_COUNTRY,TEXT,488
LIBRARY_RAW,LANDING,PORTAL_ARC_HARRIS_COUNTY_OP_5AB72D4A23,COUNTRY,TEXT,526
LIBRARY_RAW,LANDING,PORTAL_ARC_HARRIS_COUNTY_OP_6133483DE0,COUNTRY,TEXT,67
LIBRARY_RAW,LANDING,PORTAL_ARC_HARRIS_COUNTY_OP_6133483DE0,USER_COUNTRY,TEXT,67
LIBRARY_RAW,LANDING,PORTAL_ARC_HARRIS_COUNTY_OP_619A8F0A78,COUNTRY,TEXT,642
LIBRARY_RAW,LANDING,PORTAL_ARC_HARRIS_COUNTY_OP_6CDCF96CA7,COUNTRY,TEXT,34
LIBRARY_RAW,LANDING,PORTAL_ARC_HARRIS_COUNTY_OP_78806A4CF7,COUNTRY,TEXT,35
LIBRARY_RAW,LANDING,PORTAL_ARC_HARRIS_COUNTY_OP_795533139C,COUNTRY,TEXT,100
LIBRARY_RAW,LANDING,PORTAL_ARC_HARRIS_COUNTY_OP_795533139C,IN_COUNTRY,TEXT,100
LIBRARY_RAW,LANDING,PORTAL_ARC_HARRIS_COUNTY_OP_7BD125DFB0,COUNTRY,TEXT,359
LIBRARY_RAW,LANDING,PORTAL_ARC_HARRIS_COUNTY_OP_8549EC1226,COUNTRY,TEXT,1464
LIBRARY_RAW,LANDING,PORTAL_ARC_HARRIS_COUNTY_OP_87F4853C1A,COUNTRY,TEXT,30
LIBRARY_RAW,LANDING,PORTAL_ARC_HARRIS_COUNTY_OP_8CE538DBE3,COUNTRY,TEXT,2000
LIBRARY_RAW,LANDING,PORTAL_ARC_HARRIS_COUNTY_OP_8CE538DBE3,IN_COUNTRY,TEXT,2000
LIBRARY_RAW,LANDING,PORTAL_ARC_HARRIS_COUNTY_OP_A2DAE85C30,COUNTRY,TEXT,38
LIBRARY_RAW,LANDING,PORTAL_ARC_HARRIS_COUNTY_OP_A35053AC76,COUNTRY,TEXT,38
LIBRARY_RAW,LANDING,PORTAL_ARC_HARRIS_COUNTY_OP_A35053AC76,IN_COUNTRY,TEXT,38
LIBRARY_RAW,LANDING,PORTAL_ARC_HARRIS_COUNTY_OP_A5E2395522,COUNTRY,TEXT,13
LIBRARY_RAW,LANDING,PORTAL_ARC_HARRIS_COUNTY_OP_BEF7C03176,COUNTRY,TEXT,755
LIBRARY_RAW,LANDING,PORTAL_ARC_HARRIS_COUNTY_OP_C23DC4BAF8,COUNTRY,TEXT,782
LIBRARY_RAW,LANDING,PORTAL_ARC_HARRIS_COUNTY_OP_C23DC4BAF8,IN_COUNTRY,TEXT,782
LIBRARY_RAW,LANDING,PORTAL_ARC_HARRIS_COUNTY_OP_CAF5C156E3,COUNTRY,TEXT,526
LIBRARY_RAW,LANDING,PORTAL_ARC_HARRIS_COUNTY_OP_CB850CC4B0,COUNTRY,TEXT,356
LIBRARY_RAW,LANDING,PORTAL_ARC_HARRIS_COUNTY_OP_CB850CC4B0,COUNTRY_1,TEXT,356
LIBRARY_RAW,LANDING,PORTAL_ARC_HARRIS_COUNTY_OP_CB850CC4B0,IN_COUNTRY,TEXT,356
LIBRARY_RAW,LANDING,PORTAL_ARC_HARRIS_COUNTY_OP_D044517CB3,COUNTRY,TEXT,712
LIBRARY_RAW,LANDING,PORTAL_ARC_HARRIS_COUNTY_OP_D048520A99,COUNTRY,TEXT,254
LIBRARY_RAW,LANDING,PORTAL_ARC_HARRIS_COUNTY_OP_D048520A99,IN_COUNTRY,TEXT,254
LIBRARY_RAW,LANDING,PORTAL_ARC_HARRIS_COUNTY_OP_D1EB790FBD,COUNTRY,TEXT,363
LIBRARY_RAW,LANDING,PORTAL_ARC_HARRIS_COUNTY_OP_D248A81CD8,COUNTRY,TEXT,2000
LIBRARY_RAW,LANDING,PORTAL_ARC_HARRIS_COUNTY_OP_D354D2D6E2,COUNTRY,TEXT,257
LIBRARY_RAW,LANDING,PORTAL_ARC_HARRIS_COUNTY_OP_D9A3089ED0,COUNTRY,TEXT,125
LIBRARY_RAW,LANDING,PORTAL_ARC_HARRIS_COUNTY_OP_E68ADDC07C,COUNTRY,TEXT,33
LIBRARY_RAW,LANDING,PORTAL_ARC_HARRIS_COUNTY_OP_E68ADDC07C,IN_COUNTRY,TEXT,33
LIBRARY_RAW,LANDING,PORTAL_ARC_HARRIS_COUNTY_OP_E87E81379A,COUNTRY,TEXT,34
LIBRARY_RAW,LANDING,PORTAL_ARC_HARRIS_COUNTY_OP_EA34BDDB5D,COUNTRY,TEXT,13
LIBRARY_RAW,LANDING,PORTAL_ARC_HARRIS_COUNTY_OP_EDE1E11F9D,COUNTRY,TEXT,386
LIBRARY_RAW,LANDING,PORTAL_ARC_HARRIS_COUNTY_OP_F22D53C24D,COUNTRY,TEXT,56
LIBRARY_RAW,LANDING,PORTAL_ARC_HARRIS_COUNTY_OP_F3D3A3AB57,COUNTRY,TEXT,125
LIBRARY_RAW,LANDING,PORTAL_ARC_HARRIS_COUNTY_OP_F9118D0DEE,COUNTRY,TEXT,1164
LIBRARY_RAW,LANDING,PORTAL_ARC_HARRIS_COUNTY_OP_F9118D0DEE,IN_COUNTRY,TEXT,1164
LIBRARY_RAW,LANDING,PORTAL_ARC_HARRIS_COUNTY_OP_FE2134F2C8,COUNTRY,TEXT,526
LIBRARY_RAW,LANDING,PORTAL_ARC_NEW_MEXICO_OPEN_1B6C7F7FBD,COUNTRY,TEXT,32
LIBRARY_RAW,LANDING,PORTAL_ARC_NEW_MEXICO_OPEN_7DE8F482F1,COUNTRY,TEXT,1062
LIBRARY_RAW,LANDING,PORTAL_ARC_OPEN_DATA_DC_582A28D212,ISO_COUNTRY_CODE,TEXT,46
LIBRARY_RAW,LANDING,PORTAL_ARC_OPEN_DATA_DC_5CB81ACBDD,ISO_COUNTRY_CODE,TEXT,8
LIBRARY_RAW,LANDING,PORTAL_ARC_OPEN_DATA_DC_ADF4F0E413,ISO_COUNTRY_CODE,TEXT,2000
LIBRARY_RAW,LANDING,PORTAL_ARC_OPEN_DATA_DC_E1DD5D3551,COUNTRY,TEXT,11
LIBRARY_RAW,LANDING,PORTAL_ARC_OPEN_DATA_DC_F37F5DDC3D,ISO_COUNTRY_CODE,TEXT,40
LIBRARY_RAW,LANDING,PORTAL_ARC_OPEN_DATA_MINNEA_5381AC03F1,COUNTRY,TEXT,2000
LIBRARY_RAW,LANDING,PORTAL_ARC_OPEN_DATA_MINNEA_5605A903BD,COUNTRY,TEXT,39
LIBRARY_RAW,LANDING,PORTAL_ARC_OPEN_DATA_MINNEA_F87FF14B56,COUNTRY,TEXT,1340
LIBRARY_RAW,LANDING,PORTAL_ARC_TUCSON_OPEN_DATA_057C5355E3,COUNTRY,TEXT,2000
LIBRARY_RAW,LANDING,PORTAL_ARC_TUCSON_OPEN_DATA_0697237A35,COUNTRY,TEXT,1958
LIBRARY_RAW,LANDING,PORTAL_ARC_TUCSON_OPEN_DATA_080C2334EE,COUNTRY,TEXT,17
LIBRARY_RAW,LANDING,PORTAL_ARC_TUCSON_OPEN_DATA_0F83B7C628,COUNTRY,TEXT,142
LIBRARY_RAW,LANDING,PORTAL_ARC_TUCSON_OPEN_DATA_1073539FE2,COUNTRY,TEXT,41
LIBRARY_RAW,LANDING,PORTAL_ARC_TUCSON_OPEN_DATA_11050C025B,COUNTRY,TEXT,8
LIBRARY_RAW,LANDING,PORTAL_ARC_TUCSON_OPEN_DATA_289E71C579,COUNTRY,TEXT,2000
LIBRARY_RAW,LANDING,PORTAL_ARC_TUCSON_OPEN_DATA_28F95EBB76,COUNTRY,TEXT,23
LIBRARY_RAW,LANDING,PORTAL_ARC_TUCSON_OPEN_DATA_328AF9F277,COUNTRY,TEXT,6
LIBRARY_RAW,LANDING,PORTAL_ARC_TUCSON_OPEN_DATA_3A7E0821D1,COUNTRY,TEXT,61
LIBRARY_RAW,LANDING,PORTAL_ARC_TUCSON_OPEN_DATA_3D7C82E432,COUNTRY,TEXT,2000
LIBRARY_RAW,LANDING,PORTAL_ARC_TUCSON_OPEN_DATA_44F7648869,COUNTRY,TEXT,2000
LIBRARY_RAW,LANDING,PORTAL_ARC_TUCSON_OPEN_DATA_4B31591F91,COUNTRY,TEXT,2000
LIBRARY_RAW,LANDING,PORTAL_ARC_TUCSON_OPEN_DATA_4FB5EA68FC,COUNTRY,TEXT,2000
LIBRARY_RAW,LANDING,PORTAL_ARC_TUCSON_OPEN_DATA_575B865A46,COUNTRY,TEXT,53
LIBRARY_RAW,LANDING,PORTAL_ARC_TUCSON_OPEN_DATA_57DF097E01,COUNTRY,TEXT,74
LIBRARY_RAW,LANDING,PORTAL_ARC_TUCSON_OPEN_DATA_5B985CBFB5,COUNTRY,TEXT,2000
LIBRARY_RAW,LANDING,PORTAL_ARC_TUCSON_OPEN_DATA_5D84AF2604,COUNTRY,TEXT,190
LIBRARY_RAW,LANDING,PORTAL_ARC_TUCSON_OPEN_DATA_63C0193FF1,COUNTRY,TEXT,18
LIBRARY_RAW,LANDING,PORTAL_ARC_TUCSON_OPEN_DATA_65984ADFBA,COUNTRY,TEXT,2000
LIBRARY_RAW,LANDING,PORTAL_ARC_TUCSON_OPEN_DATA_664D252729,COUNTRY,TEXT,2000
LIBRARY_RAW,LANDING,PORTAL_ARC_TUCSON_OPEN_DATA_69487E016F,COUNTRY,TEXT,1031
LIBRARY_RAW,LANDING,PORTAL_ARC_TUCSON_OPEN_DATA_6A79648A77,COUNTRY,TEXT,2000
LIBRARY_RAW,LANDING,PORTAL_ARC_TUCSON_OPEN_DATA_6E966EDC1B,COUNTRY,TEXT,176
LIBRARY_RAW,LANDING,PORTAL_ARC_TUCSON_OPEN_DATA_7044E0923D,COUNTRY,TEXT,13
LIBRARY_RAW,LANDING,PORTAL_ARC_TUCSON_OPEN_DATA_70CEDCB206,COUNTRY,TEXT,2000
LIBRARY_RAW,LANDING,PORTAL_ARC_TUCSON_OPEN_DATA_726A6C58E2,COUNTRY,TEXT,2000
LIBRARY_RAW,LANDING,PORTAL_ARC_TUCSON_OPEN_DATA_726A6C58E2,COUNTRY_1,TEXT,2000
LIBRARY_RAW,LANDING,PORTAL_ARC_TUCSON_OPEN_DATA_7468CF46DB,COUNTRY,TEXT,6
LIBRARY_RAW,LANDING,PORTAL_ARC_TUCSON_OPEN_DATA_7672DB717A,COUNTRY,TEXT,2000
LIBRARY_RAW,LANDING,PORTAL_ARC_TUCSON_OPEN_DATA_78A99CB261,COUNTRY,TEXT,2000
LIBRARY_RAW,LANDING,PORTAL_ARC_TUCSON_OPEN_DATA_7B6232F22D,COUNTRY,TEXT,2000
LIBRARY_RAW,LANDING,PORTAL_ARC_TUCSON_OPEN_DATA_7E21327FCB,COUNTRY,TEXT,294
LIBRARY_RAW,LANDING,PORTAL_ARC_TUCSON_OPEN_DATA_7F7E374C68,COUNTRY,TEXT,1844
LIBRARY_RAW,LANDING,PORTAL_ARC_TUCSON_OPEN_DATA_80B28FB6D7,COUNTRY,TEXT,21
LIBRARY_RAW,LANDING,PORTAL_ARC_TUCSON_OPEN_DATA_81514E21D3,COUNTRY,TEXT,2000
LIBRARY_RAW,LANDING,PORTAL_ARC_TUCSON_OPEN_DATA_82607FBFC9,COUNTRY,TEXT,2000
LIBRARY_RAW,LANDING,PORTAL_ARC_TUCSON_OPEN_DATA_86A898EF77,COUNTRY,TEXT,1532
LIBRARY_RAW,LANDING,PORTAL_ARC_TUCSON_OPEN_DATA_8896D12631,COUNTRY,TEXT,2000
LIBRARY_RAW,LANDING,PORTAL_ARC_TUCSON_OPEN_DATA_89DF24D316,COUNTRY,TEXT,2000
LIBRARY_RAW,LANDING,PORTAL_ARC_TUCSON_OPEN_DATA_8AAD75BF85,COUNTRY,TEXT,119
LIBRARY_RAW,LANDING,PORTAL_ARC_TUCSON_OPEN_DATA_8AB8EAF3DF,COUNTRY,TEXT,2000
LIBRARY_RAW,LANDING,PORTAL_ARC_TUCSON_OPEN_DATA_8E55E53D8D,COUNTRY,TEXT,2000
LIBRARY_RAW,LANDING,PORTAL_ARC_TUCSON_OPEN_DATA_90C091B01B,COUNTRY,TEXT,2000
LIBRARY_RAW,LANDING,PORTAL_ARC_TUCSON_OPEN_DATA_90CC86DC8C,COUNTRY,TEXT,2000
LIBRARY_RAW,LANDING,PORTAL_ARC_TUCSON_OPEN_DATA_95246841CB,COUNTRY,TEXT,189
LIBRARY_RAW,LANDING,PORTAL_ARC_TUCSON_OPEN_DATA_97B5E23500,COUNTRY,TEXT,2000
LIBRARY_RAW,LANDING,PORTAL_ARC_TUCSON_OPEN_DATA_9E24E86B9A,COUNTRY,TEXT,2
LIBRARY_RAW,LANDING,PORTAL_ARC_TUCSON_OPEN_DATA_A0293B412C,COUNTRY,TEXT,144
LIBRARY_RAW,LANDING,PORTAL_ARC_TUCSON_OPEN_DATA_A40FB2876B,COUNTRY,TEXT,2000
LIBRARY_RAW,LANDING,PORTAL_ARC_TUCSON_OPEN_DATA_A54A25CA53,COUNTRY,TEXT,2000
LIBRARY_RAW,LANDING,PORTAL_ARC_TUCSON_OPEN_DATA_A937D836B3,COUNTRY,TEXT,2000
LIBRARY_RAW,LANDING,PORTAL_ARC_TUCSON_OPEN_DATA_A94D7DFBCF,COUNTRY,TEXT,2000
LIBRARY_RAW,LANDING,PORTAL_ARC_TUCSON_OPEN_DATA_AD408FDF6D,COUNTRY,TEXT,2000
LIBRARY_RAW,LANDING,PORTAL_ARC_TUCSON_OPEN_DATA_B44EAD49D6,COUNTRY,TEXT,66
LIBRARY_RAW,LANDING,PORTAL_ARC_TUCSON_OPEN_DATA_B64E31A541,COUNTRY,TEXT,798
LIBRARY_RAW,LANDING,PORTAL_ARC_TUCSON_OPEN_DATA_B77E902275,COUNTRY,TEXT,2000
LIBRARY_RAW,LANDING,PORTAL_ARC_TUCSON_OPEN_DATA_B8BE43CF1C,COUNTRY,TEXT,2000
LIBRARY_RAW,LANDING,PORTAL_ARC_TUCSON_OPEN_DATA_BADE778B92,COUNTRY,TEXT,2000
LIBRARY_RAW,LANDING,PORTAL_ARC_TUCSON_OPEN_DATA_C92A89BB0D,COUNTRY,TEXT,2000
LIBRARY_RAW,LANDING,PORTAL_ARC_TUCSON_OPEN_DATA_CDD4037DF8,COUNTRY,TEXT,2000
LIBRARY_RAW,LANDING,PORTAL_ARC_TUCSON_OPEN_DATA_CDFFE1002A,COUNTRY,TEXT,43
LIBRARY_RAW,LANDING,PORTAL_ARC_TUCSON_OPEN_DATA_CF1942A6CE,COUNTRY,TEXT,2000
LIBRARY_RAW,LANDING,PORTAL_ARC_TUCSON_OPEN_DATA_D4FFB81E01,COUNTRY,TEXT,361
LIBRARY_RAW,LANDING,PORTAL_ARC_TUCSON_OPEN_DATA_DB600D27AE,COUNTRY,TEXT,2000
LIBRARY_RAW,LANDING,PORTAL_ARC_TUCSON_OPEN_DATA_E9360F6C40,COUNTRY,TEXT,833
LIBRARY_RAW,LANDING,PORTAL_ARC_TUCSON_OPEN_DATA_EAB8D87A4D,COUNTRY,TEXT,2000
LIBRARY_RAW,LANDING,PORTAL_ARC_TUCSON_OPEN_DATA_EC706EAD4C,COUNTRY,TEXT,437
LIBRARY_RAW,LANDING,PORTAL_ARC_TUCSON_OPEN_DATA_EE2E5DB309,COUNTRY,TEXT,2000
LIBRARY_RAW,LANDING,PORTAL_ARC_TUCSON_OPEN_DATA_F5DCF594AF,COUNTRY,TEXT,2000
LIBRARY_RAW,LANDING,PORTAL_ARC_TUCSON_OPEN_DATA_F919285F50,COUNTRY,TEXT,12
LIBRARY_RAW,LANDING,PORTAL_ARC_TUCSON_OPEN_DATA_F9376D5072,COUNTRY,TEXT,2000
LIBRARY_RAW,LANDING,PORTAL_ARC_TUCSON_OPEN_DATA_F970BAADB3,COUNTRY,TEXT,2000
LIBRARY_RAW,LANDING,PORTAL_ARC_TUCSON_OPEN_DATA_FA71372C44,COUNTRY,TEXT,2000
LIBRARY_RAW,LANDING,PORTAL_ARC_WAKE_COUNTY_OPEN_4B425FD089,COUNTRY,TEXT,2000
LIBRARY_RAW,LANDING,PORTAL_CKA_CALIFORNIA_OPEN_C19A7C8625,COUNTRY,TEXT,4858
LIBRARY_RAW,LANDING,PORTAL_CKA_ISRAEL_NATIONAL_511B70EB2B,PRODUCTION_COUNTRY,TEXT,10000
LIBRARY_RAW,LANDING,PORTAL_CKA_ISRAEL_NATIONAL_535B8902A2,COUNTRY,TEXT,454
LIBRARY_RAW,LANDING,PORTAL_CKA_ISRAEL_NATIONAL_B0A05D8626,COUNTRY,TEXT,145
LIBRARY_RAW,LANDING,PORTAL_CKA_OKLAHOMA_OPEN_DA_4DA0B9CF8C,COUNTRY,TEXT,189
LIBRARY_RAW,LANDING,PORTAL_CKA_OKLAHOMA_OPEN_DA_A90B591B09,COUNTRY,TEXT,1652
LIBRARY_RAW,LANDING,PORTAL_CKA_OKLAHOMA_OPEN_DA_C96BA4E090,COUNTRY,TEXT,1178
LIBRARY_RAW,LANDING,PORTAL_CKA_VIRGINIA_OPEN_DA_039AACD655,COUNTRY,TEXT,10000
LIBRARY_RAW,LANDING,PORTAL_CKA_WESTERN_PENNSYLV_F82E02E6B2,CTRY_CODE,TEXT,10000
LIBRARY_RAW,LANDING,PORTAL_CKA_WESTERN_PENNSYLV_F82E02E6B2,CTRY_NAME,TEXT,10000
LIBRARY_RAW,LANDING,PORTAL_CKA_WPRDC_ALLEGHENY_FA3191E7A1,CTRY_CODE,TEXT,10000
LIBRARY_RAW,LANDING,PORTAL_CKA_WPRDC_ALLEGHENY_FA3191E7A1,CTRY_NAME,TEXT,10000
LIBRARY_RAW,LANDING,PORTAL_SOC_CONNECTICUT_OPEN_88B075D7AF,BUSINESS_NAME_IN_STATE_COUNTRY,TEXT,2000
LIBRARY_RAW,LANDING,PORTAL_SOC_CONNECTICUT_OPEN_88B075D7AF,COUNTRY_FORMATION,TEXT,2000
LIBRARY_RAW,LANDING,PORTAL_SOC_NEW_YORK_STATE_O_49CD8C5B65,COUNTRY,TEXT,161
LIBRARY_RAW,LANDING,PORTAL_SOC_PA_OPEN_DATA_POR_5A9F04BB9C,CONTACT_COUNTRY,TEXT,1712
LIBRARY_RAW,LANDING,PORTAL_SOC_PA_OPEN_DATA_POR_5A9F04BB9C,COUNTRY,TEXT,1712
LIBRARY_RAW,LANDING,PORTAL_SOC_PA_OPEN_DATA_POR_5A9F04BB9C,LOCATION_COUNTRY,TEXT,1712
LIBRARY_RAW,LANDING,PORTAL_SOC_PA_OPEN_DATA_POR_5A9F04BB9C,MAIL_COUNTRY,TEXT,1712
LIBRARY_RAW,LANDING,PORTAL_SOC_TEXAS_OPEN_DATA_354E3ABF4F,SITE_COUNTRY_NAME,TEXT,2000
LIBRARY_RAW,LANDING,PORTAL_SOC_UTAH_OPEN_DATA_P_103F7D641F,RECIPIENT_COUNTRY_CODE,TEXT,2000
LIBRARY_RAW,LANDING,PORTAL_SOC_UTAH_OPEN_DATA_P_103F7D641F,RECIPIENT_COUNTRY_NAME,TEXT,2000
LIBRARY_RAW,LANDING,PORTAL_SOC_UTAH_OPEN_DATA_P_5EF68422FF,COUNTRY_OF_PRODUCT_OR_SERVICE,TEXT,2000
LIBRARY_RAW,LANDING,PORTAL_SOC_UTAH_OPEN_DATA_P_5EF68422FF,COUNTRY_OF_PRODUCT_OR_SERVICE_1,TEXT,2000
LIBRARY_RAW,LANDING,PORTAL_SOC_UTAH_OPEN_DATA_P_5EF68422FF,RECIPIENT_COUNTRY_CODE,TEXT,2000
LIBRARY_RAW,LANDING,PORTAL_SOC_UTAH_OPEN_DATA_P_5EF68422FF,RECIPIENT_COUNTRY_NAME,TEXT,2000
LIBRARY_RAW,LANDING,PORTAL_SOC_UTAH_OPEN_DATA_P_62BB6C079E,REFERRING_PROVIDER_COUNTRY,TEXT,2000
LIBRARY_RAW,LANDING,PORTAL_SOC_UTAH_OPEN_DATA_P_6862B465D5,SUBAWARDEE_COUNTRY_CODE,TEXT,1883
LIBRARY_RAW,LANDING,PORTAL_SOC_UTAH_OPEN_DATA_P_6862B465D5,SUBAWARDEE_COUNTRY_NAME,TEXT,1883
LIBRARY_RAW,LANDING,PORTAL_SOC_UTAH_OPEN_DATA_P_6DEEE0BF03,AGENT_ATTORNEY_COUNTRY,TEXT,2018
LIBRARY_RAW,LANDING,PORTAL_SOC_UTAH_OPEN_DATA_P_6DEEE0BF03,EMPLOYER_COUNTRY,TEXT,2018
LIBRARY_RAW,LANDING,PORTAL_SOC_UTAH_OPEN_DATA_P_6DEEE0BF03,EMPLOYER_POC_COUNTRY,TEXT,2018
LIBRARY_RAW,LANDING,PORTAL_SOC_UTAH_OPEN_DATA_P_81A81B1650,COUNTRY,TEXT,5000
LIBRARY_RAW,LANDING,PORTAL_SOC_UTAH_OPEN_DATA_P_8DE28DA9D9,COUNTRY,TEXT,1421
LIBRARY_RAW,LANDING,UK_COMPANIES_HOUSE_PSC,ADDRESS_COUNTRY,TEXT,7000000
LIBRARY_RAW,LANDING,UK_COMPANIES_HOUSE_PSC,COUNTRY_OF_RESIDENCE,TEXT,7000000
LIBRARY_RAW,LANDING,UK_COMPANIES_HOUSE_PSC,COUNTRY_REGISTERED,TEXT,7000000
LIBRARY_RAW,LANDING,XC_ICIJ_OFFSHORE_NODES_ADDRESSES,COUNTRY_CODES,TEXT,402246
LIBRARY_RAW,LANDING,XC_ICIJ_OFFSHORE_NODES_ENTITIES,COUNTRY_CODES,TEXT,814344
LIBRARY_RAW,LANDING,XC_ICIJ_OFFSHORE_NODES_INTERMEDIARIES,COUNTRY_CODES,TEXT,26768
LIBRARY_RAW,LANDING,XC_ICIJ_OFFSHORE_NODES_OFFICERS,COUNTRY_CODES,TEXT,771315
LIBRARY_RAW,LANDING,XC_OWID_REFUGEES,REFUGEES_BY_COUNTRY_OF_ORIGIN,TEXT,7442
LIBRARY_RAW,LANDING,XC_RANSOMWARELIVE_VICTIMS,COUNTRY,TEXT,29193
LIBRARY_RAW,LANDING,XC_RANSOMWARELIVE_VICTIMS_FULL_R2,COUNTRY,TEXT,30661
LIBRARY_RAW,LANDING,XC_RETRACTION_WATCH_DATABASE,COUNTRY,TEXT,71608
LIBRARY_RAW,LANDING,XC_ROR_RESEARCH_ORGANIZATIONS,LOCATIONS_GEONAMES_DETAILS_COUNTRY_CODE,TEXT,135710
LIBRARY_RAW,LANDING,XC_ROR_RESEARCH_ORGANIZATIONS,LOCATIONS_GEONAMES_DETAILS_COUNTRY_NAME,TEXT,135710
LIBRARY_RAW,LANDING,XC_ROR_RESEARCH_ORGANIZATIONS,LOCATIONS_GEONAMES_DETAILS_COUNTRY_SUBDIVISION_CODE,TEXT,135710
LIBRARY_RAW,LANDING,XC_ROR_RESEARCH_ORGANIZATIONS,LOCATIONS_GEONAMES_DETAILS_COUNTRY_SUBDIVISION_NAME,TEXT,135710
LIBRARY_RAW,LANDING,XC_UK_SANCTIONS_LIST,ADDRESS_COUNTRY,TEXT,57883
LIBRARY_RAW,LANDING,XC_UK_SANCTIONS_LIST,COUNTRY_OF_BIRTH,TEXT,57883
LIBRARY_RAW,PUBLIC,FOREIGN_AGENT_REGISTRATIONS,COUNTRY_LOCATION_REPRESENTED,TEXT,
LIBRARY_RAW,PUBLIC,FOREIGN_AGENT_REGISTRATIONS,FOREIGN_PRINCIPAL_COUNTRY,TEXT,
LIBRARY_RAW,PUBLIC,IRELAND_COMPANIES,COUNTRY,TEXT,
LIBRARY_RAW,RETIRED,FED_CMS_OPEN_PAYMENTS_GNRL,APPLICABLE_MANUFACTURER_OR_APPLICABLE_GPO_MAKING_PAYMENT_COUNTRY,TEXT,15397627
LIBRARY_RAW,RETIRED,FED_CMS_OPEN_PAYMENTS_GNRL,COUNTRY_OF_TRAVEL,TEXT,15397627
LIBRARY_RAW,RETIRED,FED_CMS_OPEN_PAYMENTS_GNRL,RECIPIENT_COUNTRY,TEXT,15397627
LIBRARY_STAGING,DBT_CROGERS,INT_FED_USASPENDING__AWARDS,RECIPIENT_COUNTRY_NAME,TEXT,
LIBRARY_STAGING,DBT_CROGERS,INT_OPEN_PAYMENTS_ALL_YEARS,APPLICABLE_MANUFACTURER_OR_APPLICABLE_GPO_MAKING_PAYMENT_COUNTRY,TEXT,
LIBRARY_STAGING,DBT_CROGERS,INT_OPEN_PAYMENTS_ALL_YEARS,COUNTRY_OF_TRAVEL,TEXT,
LIBRARY_STAGING,DBT_CROGERS,INT_OPEN_PAYMENTS_ALL_YEARS,RECIPIENT_COUNTRY,TEXT,
LIBRARY_STAGING,DBT_CROGERS,STG_FED_CMS_NPPES__NPI_PROVIDERS,PROVIDER_BUSINESS_MAILING_ADDRESS_COUNTRY_CODE_IF_OUTSIDE_U_S,TEXT,
LIBRARY_STAGING,DBT_CROGERS,STG_FED_CMS_NPPES__NPI_PROVIDERS,PROVIDER_BUSINESS_PRACTICE_LOCATION_ADDRESS_COUNTRY_CODE_IF_OUTSIDE_U_S,TEXT,
LIBRARY_STAGING,DBT_CROGERS,STG_FED_CMS_OPEN_PAYMENTS_PROFILE_SUPPLEMENT__RECIPIENT_PROFILES,COUNTRY_NAME,TEXT,
LIBRARY_STAGING,DBT_CROGERS,STG_FED_DHS_YEARBOOK__PLACES,COUNTRY_OF_BIRTH,TEXT,
LIBRARY_STAGING,DBT_CROGERS,STG_FED_DHS_YEARBOOK__PLACES,COUNTRY_OF_LAST_RESIDENCE,TEXT,
LIBRARY_STAGING,DBT_CROGERS,STG_FED_DHS_YEARBOOK__RECORDS,COUNTRY_OF_BIRTH,TEXT,
LIBRARY_STAGING,DBT_CROGERS,STG_FED_DHS_YEARBOOK__RECORDS,COUNTRY_OF_LAST_RESIDENCE,TEXT,
LIBRARY_STAGING,DBT_CROGERS,STG_FED_DOL_OFLC__RECORDS,AGENT_ATTORNEY_COUNTRY,TEXT,
LIBRARY_STAGING,DBT_CROGERS,STG_FED_DOL_OFLC__RECORDS,EMPLOYER_COUNTRY,TEXT,
LIBRARY_STAGING,DBT_CROGERS,STG_FED_EPA_TRI_FACILITY__FACILITIES,MAIL_COUNTRY,TEXT,
LIBRARY_STAGING,DBT_CROGERS,STG_FED_FAA_AIRCRAFT_REGISTRY__AIRCRAFT,COUNTRY_CODE,TEXT,
LIBRARY_STAGING,DBT_CROGERS,STG_FED_FAA_AIRCRAFT_REGISTRY__ALL,COUNTRY,TEXT,
LIBRARY_STAGING,DBT_CROGERS,STG_FED_FAA_REGISTRY__RECORDS,COUNTRY,TEXT,
LIBRARY_STAGING,DBT_CROGERS,STG_FED_FARA_BULK__FARA_REGISTRATIONS,COUNTRY_LOCATION_REPRESENTED,TEXT,
LIBRARY_STAGING,DBT_CROGERS,STG_FED_FARA_BULK__FARA_REGISTRATIONS,FOREIGN_PRINCIPAL_COUNTRY,TEXT,
LIBRARY_STAGING,DBT_CROGERS,STG_FED_FARA__RECORDS,FOREIGN_PRINCIPAL_COUNTRY,TEXT,
LIBRARY_STAGING,DBT_CROGERS,STG_FED_FATCA_FFI__INSTITUTIONS,COUNTRY_NAME,TEXT,
LIBRARY_STAGING,DBT_CROGERS,STG_FED_FDA_DEVICE_510K__ALL,COUNTRY_CODE,TEXT,
LIBRARY_STAGING,DBT_CROGERS,STG_FED_FDA_DEVICE_ENFORCEMENT__DEVICE_ENFORCEMENT_RECALLS,COUNTRY,TEXT,
LIBRARY_STAGING,DBT_CROGERS,STG_FED_FDA_DRUG_ENFORCEMENT__DRUG_ENFORCEMENT_RECALLS,COUNTRY,TEXT,
LIBRARY_STAGING,DBT_CROGERS,STG_FED_FDA_ESTABLISHMENT_REG__ALL,ISO_COUNTRY_CODE,TEXT,
LIBRARY_STAGING,DBT_CROGERS,STG_FED_FDA_MAUDE__ALL,MANUFACTURER_COUNTRY,TEXT,
LIBRARY_STAGING,DBT_CROGERS,STG_FED_FDIC_SOD_BRANCH_DEPOSITS__BRANCHES,BRANCH_COUNTRY,TEXT,
LIBRARY_STAGING,DBT_CROGERS,STG_FED_FDIC_SOD_BRANCH_DEPOSITS__BRANCHES,INSTITUTION_COUNTRY,TEXT,
LIBRARY_STAGING,DBT_CROGERS,STG_FED_FOREIGNASSISTANCE__RECORDS,COUNTRY,TEXT,
LIBRARY_STAGING,DBT_CROGERS,STG_FED_HHS_TAGGS__GRANT_AWARDS,RECIPIENT_COUNTRY,TEXT,
LIBRARY_STAGING,DBT_CROGERS,STG_FED_ICE_DETAINERS__ALL,BIRTH_COUNTRY,TEXT,
LIBRARY_STAGING,DBT_CROGERS,STG_FED_ICE_DETAINERS__ALL,CITIZENSHIP_COUNTRY,TEXT,
LIBRARY_STAGING,DBT_CROGERS,STG_FED_ICE_DETAINERS__ALL,DEPARTURE_COUNTRY,TEXT,
LIBRARY_STAGING,DBT_CROGERS,STG_FED_ICE_DETENTION_STINTS__ALL,BIRTH_COUNTRY,TEXT,
LIBRARY_STAGING,DBT_CROGERS,STG_FED_ICE_DETENTION_STINTS__ALL,CITIZENSHIP_COUNTRY,TEXT,
LIBRARY_STAGING,DBT_CROGERS,STG_FED_ICE_DETENTION_STINTS__ALL,DEPARTURE_COUNTRY,TEXT,
LIBRARY_STAGING,DBT_CROGERS,STG_FED_ICE_STATISTICS__RECORDS,COUNTRY_OF_CITIZENSHIP,TEXT,
LIBRARY_STAGING,DBT_CROGERS,STG_FED_ICIJ_OFFSHORELEAKS__ADDRESSES,COUNTRY_CODES,TEXT,
LIBRARY_STAGING,DBT_CROGERS,STG_FED_ICIJ_OFFSHORELEAKS__ENTITIES,COUNTRY_CODES,TEXT,
LIBRARY_STAGING,DBT_CROGERS,STG_FED_ICIJ_OFFSHORELEAKS__INTERMEDIARIES,COUNTRY_CODES,TEXT,
LIBRARY_STAGING,DBT_CROGERS,STG_FED_ICIJ_OFFSHORELEAKS__OFFICERS,COUNTRY_CODES,TEXT,
LIBRARY_STAGING,DBT_CROGERS,STG_FED_ICIJ_OFFSHORELEAKS__OTHERS,COUNTRY_CODES,TEXT,
LIBRARY_STAGING,DBT_CROGERS,STG_FED_IRS_REVOCATION__ORGANIZATIONS,COUNTRY,TEXT,
LIBRARY_STAGING,DBT_CROGERS,STG_FED_NIH_REPORTER__PROJECTS,ORG_COUNTRY,TEXT,
LIBRARY_STAGING,DBT_CROGERS,STG_FED_NIH_REPORTER__RECORDS,ORG_COUNTRY,TEXT,
LIBRARY_STAGING,DBT_CROGERS,STG_FED_NSF_AWARDS__RECORDS,COUNTRY,TEXT,
LIBRARY_STAGING,DBT_CROGERS,STG_FED_NTSB_AVIATION_AIRCRAFT__AIRCRAFT,DEST_COUNTRY,TEXT,
LIBRARY_STAGING,DBT_CROGERS,STG_FED_NTSB_AVIATION_AIRCRAFT__AIRCRAFT,DPRT_COUNTRY,TEXT,
LIBRARY_STAGING,DBT_CROGERS,STG_FED_NTSB_AVIATION_AIRCRAFT__AIRCRAFT,OPER_COUNTRY,TEXT,
LIBRARY_STAGING,DBT_CROGERS,STG_FED_NTSB_AVIATION_AIRCRAFT__AIRCRAFT,OWNER_COUNTRY,TEXT,
LIBRARY_STAGING,DBT_CROGERS,STG_FED_NTSB_AVIATION_EVENTS__EVENTS,EV_COUNTRY,TEXT,
LIBRARY_STAGING,DBT_CROGERS,STG_FED_PCAOB_FORM_AP_FILINGS__FILINGS,FIRM_COUNTRY,TEXT,
LIBRARY_STAGING,DBT_CROGERS,STG_FED_PCAOB_FORM_AP_FILINGS__FILINGS,FIRM_ISSUING_COUNTRY,TEXT,
LIBRARY_STAGING,DBT_CROGERS,STG_FED_SAM_EXCLUSIONS__RECORDS,COUNTRY,TEXT,
LIBRARY_STAGING,DBT_CROGERS,STG_FED_USASPENDING_BULK__ORGANIZATIONS,COUNTRY_OF_PRODUCT_OR_SERVICE_ORIGIN,TEXT,
LIBRARY_STAGING,DBT_CROGERS,STG_FED_USASPENDING_BULK__ORGANIZATIONS,COUNTRY_OF_PRODUCT_OR_SERVICE_ORIGIN_CODE,TEXT,
LIBRARY_STAGING,DBT_CROGERS,STG_FED_USASPENDING_BULK__ORGANIZATIONS,PRIMARY_PLACE_OF_PERFORMANCE_COUNTRY_CODE,TEXT,
LIBRARY_STAGING,DBT_CROGERS,STG_FED_USASPENDING_BULK__ORGANIZATIONS,PRIMARY_PLACE_OF_PERFORMANCE_COUNTRY_NAME,TEXT,
LIBRARY_STAGING,DBT_CROGERS,STG_FED_USASPENDING_BULK__ORGANIZATIONS,RECIPIENT_COUNTRY_CODE,TEXT,
LIBRARY_STAGING,DBT_CROGERS,STG_FED_USASPENDING_BULK__ORGANIZATIONS,RECIPIENT_COUNTRY_NAME,TEXT,
LIBRARY_STAGING,DBT_CROGERS,STG_FED_USASPENDING_BULK__RECORDS,COUNTRY_OF_PRODUCT_OR_SERVICE_ORIGIN,TEXT,
LIBRARY_STAGING,DBT_CROGERS,STG_FED_USASPENDING_BULK__RECORDS,COUNTRY_OF_PRODUCT_OR_SERVICE_ORIGIN_CODE,TEXT,
LIBRARY_STAGING,DBT_CROGERS,STG_FED_USASPENDING_BULK__RECORDS,PRIMARY_PLACE_OF_PERFORMANCE_COUNTRY_CODE,TEXT,
LIBRARY_STAGING,DBT_CROGERS,STG_FED_USASPENDING_BULK__RECORDS,PRIMARY_PLACE_OF_PERFORMANCE_COUNTRY_NAME,TEXT,
LIBRARY_STAGING,DBT_CROGERS,STG_FED_USASPENDING_BULK__RECORDS,RECIPIENT_COUNTRY_CODE,TEXT,
LIBRARY_STAGING,DBT_CROGERS,STG_FED_USASPENDING_BULK__RECORDS,RECIPIENT_COUNTRY_NAME,TEXT,
LIBRARY_STAGING,DBT_CROGERS,STG_FED_USCIS_DATA__RECORDS,COUNTRY,TEXT,
LIBRARY_STAGING,DBT_CROGERS,STG_FED_USGS_MINERALS__RECORDS,COUNTRY,TEXT,
LIBRARY_STAGING,DBT_CROGERS,STG_FED_USITC_DATAWEB__RECORDS,COUNTRY_CODE,TEXT,
LIBRARY_STAGING,DBT_CROGERS,STG_FED_USITC_DATAWEB__RECORDS,COUNTRY_NAME,TEXT,
LIBRARY_STAGING,DBT_CROGERS,STG_FED_WQP_MONITORING_STATIONS__STATIONS,COUNTRY_CODE,TEXT,
LIBRARY_STAGING,DBT_CROGERS,STG_INTL_ADB_DATA__RECORDS,COUNTRY,TEXT,
LIBRARY_STAGING,DBT_CROGERS,STG_INTL_CH_ZEFIX__COMPANIES,COUNTRY,TEXT,
LIBRARY_STAGING,DBT_CROGERS,STG_INTL_EG_CAPMAS__RECORDS,COUNTRY,TEXT,
LIBRARY_STAGING,DBT_CROGERS,STG_INTL_EMBER_ELEC__YEARLY_ELECTRICITY,COUNTRY,TEXT,
LIBRARY_STAGING,DBT_CROGERS,STG_INTL_ES_BORME__BORME_CORPORATE_ACTS,COUNTRY,TEXT,
LIBRARY_STAGING,DBT_CROGERS,STG_INTL_EURLEX_CELLAR__RECORDS,COUNTRY,TEXT,
LIBRARY_STAGING,DBT_CROGERS,STG_INTL_EU_SANCTIONS__PLACES,ADDR_COUNTRY,TEXT,
LIBRARY_STAGING,DBT_CROGERS,STG_INTL_EU_SANCTIONS__PLACES,BIRT_COUNTRY,TEXT,
LIBRARY_STAGING,DBT_CROGERS,STG_INTL_EU_SANCTIONS__PLACES,CITI_COUNTRY,TEXT,
LIBRARY_STAGING,DBT_CROGERS,STG_INTL_EU_SANCTIONS__PLACES,IDEN_COUNTRY,TEXT,
LIBRARY_STAGING,DBT_CROGERS,STG_INTL_EU_SANCTIONS__RECORDS,ADDR_COUNTRY,TEXT,
LIBRARY_STAGING,DBT_CROGERS,STG_INTL_EU_SANCTIONS__RECORDS,BIRT_COUNTRY,TEXT,
LIBRARY_STAGING,DBT_CROGERS,STG_INTL_EU_SANCTIONS__RECORDS,CITI_COUNTRY,TEXT,
LIBRARY_STAGING,DBT_CROGERS,STG_INTL_EU_SANCTIONS__RECORDS,IDEN_COUNTRY,TEXT,
LIBRARY_STAGING,DBT_CROGERS,STG_INTL_FATF_RATINGS__RECORDS,COUNTRY,TEXT,
LIBRARY_STAGING,DBT_CROGERS,STG_INTL_FREEDOMHOUSE__RECORDS,COUNTRY_TERRITORY,TEXT,
LIBRARY_STAGING,DBT_CROGERS,STG_INTL_GEM_HAZARD__RECORDS,COUNTRY,TEXT,
LIBRARY_STAGING,DBT_CROGERS,STG_INTL_GE_DATAGOV__PLACES,COUNTRY,TEXT,
LIBRARY_STAGING,DBT_CROGERS,STG_INTL_GFI_TRADE__RECORDS,COUNTRY,TEXT,
LIBRARY_STAGING,DBT_CROGERS,STG_INTL_GLEIF__ORGANIZATIONS,ENTITY_COUNTRY,TEXT,
LIBRARY_STAGING,DBT_CROGERS,STG_INTL_GLOBAL_WITNESS_DEFENDERS__RECORDS,COUNTRY,TEXT,
LIBRARY_STAGING,DBT_CROGERS,STG_INTL_HUDOC__ECHR_CASES,COUNTRY,TEXT,
LIBRARY_STAGING,DBT_CROGERS,STG_INTL_IE_CRO__CRO_COMPANIES,COUNTRY,TEXT,
LIBRARY_STAGING,DBT_CROGERS,STG_INTL_IPC_FOOD_INSECURITY_GLOBAL__RECORDS,COUNTRY,TEXT,
LIBRARY_STAGING,DBT_CROGERS,STG_INTL_IPC_FOOD_INSECURITY_GLOBAL__RECORDS,TOTAL_COUNTRY_POPULATION,TEXT,
LIBRARY_STAGING,DBT_CROGERS,STG_INTL_ISO_MIC_REGISTRY__MARKET_IDENTIFIER_CODES,ISO_COUNTRY_CODE_ISO_3166,TEXT,
LIBRARY_STAGING,DBT_CROGERS,STG_INTL_IT_ISTAT__ISTAT_SDMX_OBSERVATIONS,COUNTRY,TEXT,
LIBRARY_STAGING,DBT_CROGERS,STG_INTL_OWID_MILSPEND__MILITARY_SPENDING,COUNTRY,TEXT,
LIBRARY_STAGING,DBT_CROGERS,STG_INTL_UCDP_GED__RECORDS,COUNTRY,TEXT,
LIBRARY_STAGING,DBT_CROGERS,STG_INTL_UCDP_GED__RECORDS,COUNTRY_ID,TEXT,
LIBRARY_STAGING,DBT_CROGERS,STG_PORTAL_ARC_ATLANTA_DATAATLA_1A7F4ADC21__RECORDS,COUNTRY,TEXT,
LIBRARY_STAGING,DBT_CROGERS,STG_PORTAL_ARC_ATLANTA_DATAATLA_4AB9F9E31E__RECORDS,COUNTRY,TEXT,
LIBRARY_STAGING,DBT_CROGERS,STG_PORTAL_ARC_ATLANTA_DATAATLA_79E3C7BD36__RECORDS,COUNTRY,TEXT,
LIBRARY_STAGING,DBT_CROGERS,STG_PORTAL_ARC_ATLANTA_DATAATLA_A59DB2E766__RECORDS,COUNTRY,TEXT,
LIBRARY_STAGING,DBT_CROGERS,STG_PORTAL_ARC_HARRIS_COUNTY_OP_12691A85A0__RECORDS,COUNTRY,TEXT,
LIBRARY_STAGING,DBT_CROGERS,STG_PORTAL_ARC_HARRIS_COUNTY_OP_1966AC023B__PLACES,COUNTRY,TEXT,
LIBRARY_STAGING,DBT_CROGERS,STG_PORTAL_ARC_HARRIS_COUNTY_OP_1966AC023B__RECORDS,COUNTRY,TEXT,
LIBRARY_STAGING,DBT_CROGERS,STG_PORTAL_ARC_HARRIS_COUNTY_OP_1A53499962__RECORDS,COUNTRY,TEXT,
LIBRARY_STAGING,DBT_CROGERS,STG_PORTAL_ARC_HARRIS_COUNTY_OP_32D5FF05CA__PLACES,COUNTRY,TEXT,
LIBRARY_STAGING,DBT_CROGERS,STG_PORTAL_ARC_HARRIS_COUNTY_OP_32D5FF05CA__PLACES,IN_COUNTRY,TEXT,
LIBRARY_STAGING,DBT_CROGERS,STG_PORTAL_ARC_HARRIS_COUNTY_OP_360277F8CB__PLACES,COUNTRY,TEXT,
LIBRARY_STAGING,DBT_CROGERS,STG_PORTAL_ARC_HARRIS_COUNTY_OP_3CFE4113ED__RECORDS,COUNTRY,TEXT,
LIBRARY_STAGING,DBT_CROGERS,STG_PORTAL_ARC_HARRIS_COUNTY_OP_3E1426DF10__RECORDS,COUNTRY,TEXT,
LIBRARY_STAGING,DBT_CROGERS,STG_PORTAL_ARC_HARRIS_COUNTY_OP_6CDCF96CA7__PLACES,COUNTRY,TEXT,
LIBRARY_STAGING,DBT_CROGERS,STG_PORTAL_ARC_HARRIS_COUNTY_OP_6CDCF96CA7__RECORDS,COUNTRY,TEXT,
LIBRARY_STAGING,DBT_CROGERS,STG_PORTAL_ARC_HARRIS_COUNTY_OP_795533139C__PLACES,COUNTRY,TEXT,
LIBRARY_STAGING,DBT_CROGERS,STG_PORTAL_ARC_HARRIS_COUNTY_OP_795533139C__PLACES,IN_COUNTRY,TEXT,
LIBRARY_STAGING,DBT_CROGERS,STG_PORTAL_ARC_HARRIS_COUNTY_OP_8549EC1226__RECORDS,COUNTRY,TEXT,
LIBRARY_STAGING,DBT_CROGERS,STG_PORTAL_ARC_HARRIS_COUNTY_OP_87F4853C1A__RECORDS,COUNTRY,TEXT,
LIBRARY_STAGING,DBT_CROGERS,STG_PORTAL_ARC_HARRIS_COUNTY_OP_A2DAE85C30__RECORDS,COUNTRY,TEXT,
LIBRARY_STAGING,DBT_CROGERS,STG_PORTAL_ARC_HARRIS_COUNTY_OP_D354D2D6E2__RECORDS,COUNTRY,TEXT,
LIBRARY_STAGING,DBT_CROGERS,STG_PORTAL_ARC_HARRIS_COUNTY_OP_D9A3089ED0__RECORDS,COUNTRY,TEXT,
LIBRARY_STAGING,DBT_CROGERS,STG_PORTAL_ARC_HARRIS_COUNTY_OP_E87E81379A__PLACES,COUNTRY,TEXT,
LIBRARY_STAGING,DBT_CROGERS,STG_PORTAL_ARC_HARRIS_COUNTY_OP_E87E81379A__RECORDS,COUNTRY,TEXT,
LIBRARY_STAGING,DBT_CROGERS,STG_PORTAL_ARC_HARRIS_COUNTY_OP_EDE1E11F9D__RECORDS,COUNTRY,TEXT,
LIBRARY_STAGING,DBT_CROGERS,STG_PORTAL_ARC_HARRIS_COUNTY_OP_F3D3A3AB57__RECORDS,COUNTRY,TEXT,
LIBRARY_STAGING,DBT_CROGERS,STG_PORTAL_ARC_NEW_MEXICO_OPEN_1B6C7F7FBD__RECORDS,COUNTRY,TEXT,
LIBRARY_STAGING,DBT_CROGERS,STG_PORTAL_ARC_OPEN_DATA_DC_582A28D212__RECORDS,ISO_COUNTRY_CODE,TEXT,
LIBRARY_STAGING,DBT_CROGERS,STG_PORTAL_ARC_OPEN_DATA_DC_5CB81ACBDD__PLACES,ISO_COUNTRY_CODE,TEXT,
LIBRARY_STAGING,DBT_CROGERS,STG_PORTAL_ARC_OPEN_DATA_DC_ADF4F0E413__PLACES,ISO_COUNTRY_CODE,TEXT,
LIBRARY_STAGING,DBT_CROGERS,STG_PORTAL_ARC_OPEN_DATA_DC_E1DD5D3551__RECORDS,COUNTRY,TEXT,
LIBRARY_STAGING,DBT_CROGERS,STG_PORTAL_ARC_OPEN_DATA_DC_F37F5DDC3D__RECORDS,ISO_COUNTRY_CODE,TEXT,
LIBRARY_STAGING,DBT_CROGERS,STG_PORTAL_ARC_TUCSON_OPEN_DATA_11050C025B__CASES,COUNTRY,TEXT,
LIBRARY_STAGING,DBT_CROGERS,STG_PORTAL_ARC_TUCSON_OPEN_DATA_3A7E0821D1__CASES,COUNTRY,TEXT,
LIBRARY_STAGING,DBT_CROGERS,STG_PORTAL_ARC_TUCSON_OPEN_DATA_3A7E0821D1__RECORDS,COUNTRY,TEXT,
LIBRARY_STAGING,DBT_CROGERS,STG_PORTAL_ARC_TUCSON_OPEN_DATA_63C0193FF1__CASES,COUNTRY,TEXT,
LIBRARY_STAGING,DBT_CROGERS,STG_PORTAL_ARC_TUCSON_OPEN_DATA_63C0193FF1__RECORDS,COUNTRY,TEXT,
LIBRARY_STAGING,DBT_CROGERS,STG_PORTAL_ARC_TUCSON_OPEN_DATA_7468CF46DB__CASES,COUNTRY,TEXT,
LIBRARY_STAGING,DBT_CROGERS,STG_PORTAL_ARC_TUCSON_OPEN_DATA_7468CF46DB__RECORDS,COUNTRY,TEXT,
LIBRARY_STAGING,DBT_CROGERS,STG_PORTAL_ARC_TUCSON_OPEN_DATA_9E24E86B9A__CASES,COUNTRY,TEXT,
LIBRARY_STAGING,DBT_CROGERS,STG_PORTAL_ARC_TUCSON_OPEN_DATA_CDFFE1002A__CASES,COUNTRY,TEXT,
LIBRARY_STAGING,DBT_CROGERS,STG_PORTAL_ARC_TUCSON_OPEN_DATA_CDFFE1002A__RECORDS,COUNTRY,TEXT,
LIBRARY_STAGING,DBT_CROGERS,STG_PORTAL_ARC_TUCSON_OPEN_DATA_F919285F50__CASES,COUNTRY,TEXT,
LIBRARY_STAGING,DBT_CROGERS,STG_PORTAL_ARC_TUCSON_OPEN_DATA_F919285F50__RECORDS,COUNTRY,TEXT,
LIBRARY_STAGING,DBT_CROGERS,STG_PORTAL_ARC_WAKE_COUNTY_OPEN_4B425FD089__ORGANIZATIONS,COUNTRY,TEXT,
LIBRARY_STAGING,DBT_CROGERS,STG_PORTAL_CKA_CALIFORNIA_OPEN_C19A7C8625__PLACES,COUNTRY,TEXT,
LIBRARY_STAGING,DBT_CROGERS,STG_PORTAL_CKA_CALIFORNIA_OPEN_C19A7C8625__RECORDS,COUNTRY,TEXT,
LIBRARY_STAGING,DBT_CROGERS,STG_PORTAL_CKA_ISRAEL_NATIONAL_511B70EB2B__RECORDS,PRODUCTION_COUNTRY,TEXT,
LIBRARY_STAGING,DBT_CROGERS,STG_PORTAL_CKA_VIRGINIA_OPEN_DA_039AACD655__RECORDS,COUNTRY,TEXT,
LIBRARY_STAGING,DBT_CROGERS,STG_PORTAL_CKA_WESTERN_PENNSYLV_F82E02E6B2__PLACES,CTRY_CODE,TEXT,
LIBRARY_STAGING,DBT_CROGERS,STG_PORTAL_CKA_WESTERN_PENNSYLV_F82E02E6B2__PLACES,CTRY_NAME,TEXT,
LIBRARY_STAGING,DBT_CROGERS,STG_PORTAL_CKA_WESTERN_PENNSYLV_F82E02E6B2__RECORDS,CTRY_CODE,TEXT,
LIBRARY_STAGING,DBT_CROGERS,STG_PORTAL_CKA_WESTERN_PENNSYLV_F82E02E6B2__RECORDS,CTRY_NAME,TEXT,
LIBRARY_STAGING,DBT_CROGERS,STG_PORTAL_CKA_WPRDC_ALLEGHENY_FA3191E7A1__PLACES,CTRY_CODE,TEXT,
LIBRARY_STAGING,DBT_CROGERS,STG_PORTAL_CKA_WPRDC_ALLEGHENY_FA3191E7A1__PLACES,CTRY_NAME,TEXT,
LIBRARY_STAGING,DBT_CROGERS,STG_PORTAL_CKA_WPRDC_ALLEGHENY_FA3191E7A1__RECORDS,CTRY_CODE,TEXT,
LIBRARY_STAGING,DBT_CROGERS,STG_PORTAL_CKA_WPRDC_ALLEGHENY_FA3191E7A1__RECORDS,CTRY_NAME,TEXT,
LIBRARY_STAGING,DBT_CROGERS,STG_PORTAL_SOC_CONNECTICUT_OPEN_88B075D7AF__RECORDS,BUSINESS_NAME_IN_STATE_COUNTRY,TEXT,
LIBRARY_STAGING,DBT_CROGERS,STG_PORTAL_SOC_CONNECTICUT_OPEN_88B075D7AF__RECORDS,COUNTRY_FORMATION,TEXT,
LIBRARY_STAGING,DBT_CROGERS,STG_PORTAL_SOC_NEW_YORK_STATE_O_49CD8C5B65__ASSETS,COUNTRY,TEXT,
LIBRARY_STAGING,DBT_CROGERS,STG_PORTAL_SOC_TEXAS_OPEN_DATA_354E3ABF4F__PLACES,SITE_COUNTRY_NAME,TEXT,
LIBRARY_STAGING,DBT_CROGERS,STG_PORTAL_SOC_TEXAS_OPEN_DATA_354E3ABF4F__RECORDS,SITE_COUNTRY_NAME,TEXT,
LIBRARY_STAGING,DBT_CROGERS,STG_PORTAL_SOC_UTAH_OPEN_DATA_P_103F7D641F__ORGANIZATIONS,RECIPIENT_COUNTRY_CODE,TEXT,
LIBRARY_STAGING,DBT_CROGERS,STG_PORTAL_SOC_UTAH_OPEN_DATA_P_103F7D641F__ORGANIZATIONS,RECIPIENT_COUNTRY_NAME,TEXT,
LIBRARY_STAGING,DBT_CROGERS,STG_PORTAL_SOC_UTAH_OPEN_DATA_P_103F7D641F__RECORDS,RECIPIENT_COUNTRY_CODE,TEXT,
LIBRARY_STAGING,DBT_CROGERS,STG_PORTAL_SOC_UTAH_OPEN_DATA_P_103F7D641F__RECORDS,RECIPIENT_COUNTRY_NAME,TEXT,
LIBRARY_STAGING,DBT_CROGERS,STG_PORTAL_SOC_UTAH_OPEN_DATA_P_5EF68422FF__ORGANIZATIONS,COUNTRY_OF_PRODUCT_OR_SERVICE,TEXT,
LIBRARY_STAGING,DBT_CROGERS,STG_PORTAL_SOC_UTAH_OPEN_DATA_P_5EF68422FF__ORGANIZATIONS,COUNTRY_OF_PRODUCT_OR_SERVICE_1,TEXT,
LIBRARY_STAGING,DBT_CROGERS,STG_PORTAL_SOC_UTAH_OPEN_DATA_P_5EF68422FF__ORGANIZATIONS,RECIPIENT_COUNTRY_CODE,TEXT,
LIBRARY_STAGING,DBT_CROGERS,STG_PORTAL_SOC_UTAH_OPEN_DATA_P_5EF68422FF__ORGANIZATIONS,RECIPIENT_COUNTRY_NAME,TEXT,
LIBRARY_STAGING,DBT_CROGERS,STG_PORTAL_SOC_UTAH_OPEN_DATA_P_5EF68422FF__RECORDS,COUNTRY_OF_PRODUCT_OR_SERVICE,TEXT,
LIBRARY_STAGING,DBT_CROGERS,STG_PORTAL_SOC_UTAH_OPEN_DATA_P_5EF68422FF__RECORDS,COUNTRY_OF_PRODUCT_OR_SERVICE_1,TEXT,
LIBRARY_STAGING,DBT_CROGERS,STG_PORTAL_SOC_UTAH_OPEN_DATA_P_5EF68422FF__RECORDS,RECIPIENT_COUNTRY_CODE,TEXT,
LIBRARY_STAGING,DBT_CROGERS,STG_PORTAL_SOC_UTAH_OPEN_DATA_P_5EF68422FF__RECORDS,RECIPIENT_COUNTRY_NAME,TEXT,
LIBRARY_STAGING,DBT_CROGERS,STG_PORTAL_SOC_UTAH_OPEN_DATA_P_81A81B1650__RECORDS,COUNTRY,TEXT,
LIBRARY_STAGING,DBT_CROGERS,STG_PORTAL_SOC_UTAH_OPEN_DATA_P_8DE28DA9D9__RECORDS,COUNTRY,TEXT,
LIBRARY_STAGING,DBT_CROGERS,STG_UK_COMPANIES_HOUSE_PSC__PSC_RECORDS,ADDRESS_COUNTRY,TEXT,
LIBRARY_STAGING,DBT_CROGERS,STG_UK_COMPANIES_HOUSE_PSC__PSC_RECORDS,COUNTRY_OF_RESIDENCE,TEXT,
LIBRARY_STAGING,DBT_CROGERS,STG_UK_COMPANIES_HOUSE_PSC__PSC_RECORDS,COUNTRY_REGISTERED,TEXT,
LIBRARY_STAGING,DBT_CROGERS,STG_XC_OWID_REFUGEES__PLACES,REFUGEES_BY_COUNTRY_OF_ORIGIN,TEXT,
LIBRARY_STAGING,DBT_CROGERS,STG_XC_OWID_REFUGEES__RECORDS,REFUGEES_BY_COUNTRY_OF_ORIGIN,TEXT,
LIBRARY_STAGING,DBT_CROGERS,STG_XC_RANSOMWARELIVE_VICTIMS__RECORDS,COUNTRY,TEXT,
LIBRARY_STAGING,DBT_CROGERS,STG_XC_ROR_RESEARCH_ORGANIZATIONS__ORGANIZATIONS,COUNTRY_CODE,TEXT,
LIBRARY_STAGING,DBT_CROGERS,STG_XC_ROR_RESEARCH_ORGANIZATIONS__ORGANIZATIONS,COUNTRY_NAME,TEXT,
LIBRARY_STAGING,DBT_CROGERS,STG_XC_UK_SANCTIONS_LIST__DESIGNATED_PERSON,ADDRESS_COUNTRY,TEXT,
LIBRARY_STAGING,DBT_CROGERS,STG_XC_UK_SANCTIONS_LIST__DESIGNATED_PERSON,COUNTRY_OF_BIRTH,TEXT,
LIBRARY_STAGING,DBT_CROGERS,STG_XC_UK_SANCTIONS_LIST__DESIGNATIONS,ADDRESS_COUNTRY,TEXT,
LIBRARY_STAGING,DBT_CROGERS,STG_XC_UK_SANCTIONS_LIST__DESIGNATIONS,COUNTRY_OF_BIRTH,TEXT,
