model,folder,line,claimed_raw,claimed,actual,verdict
education__fed_cpsc_neiss_codes,consumer_safety,3,1250,1250,1250,OK
economics__fed_dol_form5500,economics,3,33484,33484,33484,OK
economics__fed_fac_single_audit,economics,3,411638,411638,411638,OK
economics__fed_irs_990_efile_index,economics,3,5544626,5544626,5544626,OK
economics__fed_irs_auto_revocations,economics,3,"1,207,295",1207295,1207295,OK
economics__fed_irs_eo_pr,economics,3,2587,2587,2587,OK
economics__fed_irs_pub78_eligible_donees,economics,3,"1,435,544",1435544,1435544,OK
economics__fed_irs_soi_charities,economics,3,2450,2450,2450,OK
economics__fed_pbgc_data,economics,3,140454,140454,140454,OK
economics__fed_treasury_dts_deposits,economics,3,"478,149",478149,478149,OK
economics__fed_treasury_mts_receipts,economics,3,7490,7490,7490,OK
economics__intl_fao_faostat_food_security,economics,3,279470,279470,279470,OK
economics__intl_gleif_relationships,economics,3,481900,481900,484142,OK
economics__intl_gleif_repex,economics,3,6259489,6259489,6259489,OK
economics__xc_owid_gini,economics,3,2389,2389,2389,OK
education__fed_ed_college_scorecard_institution,education,7,"6,273",6273,6273,OK
education__fed_ed_nces_cip_codes,education,6,"2,318",2318,2318,OK
energy__fed_eia861_advanced_meters,energy,5,"2,725",2725,2725,OK
energy__fed_eia861_utility_data,energy,5,"1,701",1701,1701,OK
environment__fed_epa_air_emissions_poll_rpt_combined_emissions,environment,3,"10,411,826",10411826,10411826,OK
environment__fed_epa_egrid_plant_2022,environment,3,11974,11974,11974,OK
environment__fed_epa_frs_frs_naics_codes,environment,3,"2,179,702",2179702,2179702,OK
environment__fed_epa_frs_frs_program_links,environment,3,"4,406,498",4406498,4406498,OK
environment__fed_epa_frs_frs_sic_codes,environment,3,"1,085,211",1085211,1085211,OK
environment__fed_epa_icis_air_icis_air_facilities,environment,3,279665,279665,279728,OK
environment__fed_epa_icis_air_icis_air_fces_pces,environment,3,"1,779,096",1779096,1779096,OK
environment__fed_epa_icis_air_icis_air_formal_actions,environment,3,105946,105946,106009,OK
environment__fed_epa_icis_air_icis_air_informal_actions,environment,3,175736,175736,175736,OK
environment__fed_epa_icis_air_icis_air_pollutants,environment,3,"948,342",948342,948342,OK
environment__fed_epa_icis_air_icis_air_program_subparts,environment,3,191005,191005,190980,OK
environment__fed_epa_icis_air_icis_air_programs,environment,3,457333,457333,457581,OK
environment__fed_epa_icis_air_icis_air_stack_tests,environment,3,"620,302",620302,620302,OK
environment__fed_epa_icis_air_icis_air_titlev_certs,environment,3,"499,113",499113,499113,OK
environment__fed_epa_icis_air_icis_air_violation_history,environment,3,101920,101920,102037,OK
environment__fed_epa_npdes_icis_facilities,environment,3,"1,213,737",1213737,1213737,OK
environment__fed_epa_npdes_npdes_cs_violations,environment,3,82044,82044,82187,OK
environment__fed_epa_npdes_npdes_formal_enforcement_actions,environment,3,112312,112312,112373,OK
environment__fed_epa_npdes_npdes_informal_enforcement_actions,environment,3,"478,855",478855,478855,OK
environment__fed_epa_npdes_npdes_inspections,environment,3,"1,900,067",1900067,1900067,OK
environment__fed_epa_npdes_npdes_naics,environment,3,326234,326234,326473,OK
environment__fed_epa_npdes_npdes_ps_violations,environment,3,396969,396969,397615,OK
environment__fed_epa_npdes_npdes_qncr_history,environment,3,"7,951,656",7951656,7951656,OK
environment__fed_epa_npdes_npdes_se_violations,environment,3,305092,305092,305478,OK
environment__fed_epa_npdes_npdes_sics,environment,3,"792,807",792807,792807,OK
environment__fed_epa_sdwa_sdwa_events_milestones,environment,3,394075,394075,394075,OK
environment__fed_epa_sdwa_sdwa_facilities,environment,3,"1,554,832",1554832,1554832,OK
environment__fed_epa_sdwa_sdwa_geographic_areas,environment,3,"578,198",578198,578198,OK
environment__fed_epa_sdwa_sdwa_lcr_samples,environment,3,"927,415",927415,927415,OK
environment__fed_epa_sdwa_sdwa_pn_violation_assoc,environment,3,387627,387627,387627,OK
environment__fed_epa_sdwa_sdwa_pub_water_systems,environment,3,434040,434040,434040,OK
environment__fed_epa_sdwa_sdwa_site_visits,environment,3,"2,495,249",2495249,2495249,OK
environment__fed_epa_sdwa_sdwa_violations_enforcement,environment,3,"15,432,737",15432737,15432737,OK
environment__fed_epa_tri_basic_2023,environment,3,78647,78647,78647,OK
environment__fed_fracfocus_water_source,environment,4,"23,747",23747,23747,OK
environment__fed_noaa_storm_events,environment,3,"1,780,730",1780730,1780730,OK
environment__fed_uscg_nrc_incident_reports,environment,4,"116,662",116662,116662,OK
environment__fed_usgs_minerals,environment,3,304632,304632,304632,OK
environment__fed_usgs_water,environment,3,6694816,6694816,6694816,OK
environment__fed_usgs_wbd_huc8,environment,5,"2,456",2456,2456,OK
environment__xc_epa_corporate_crosswalk,environment,3,5300149,5300149,5300149,OK
environment__xc_owid_co2,environment,3,29384,29384,29384,OK
environment__xc_owid_fossil_share,environment,3,6379,6379,6379,OK
finance__fed_epa_icis_fec_case_enforcement_conclusion_facilities,environment,3,150877,150877,150877,OK
finance__fed_epa_icis_fec_case_facilities,environment,3,204019,204019,204019,OK
finance__fed_epa_icis_fec_epa_informal_enforcement_actions,environment,3,21930,21930,21930,OK
finance__fed_epa_icis_fec_icis_fec_epa_inspections,environment,3,260556,260556,260556,OK
immigration__fed_epa_sdwa_sdwa_service_areas,environment,3,422464,422464,422464,OK
education__fed_cftc_cot_financial,finance,3,34683,34683,34683,OK
education__fed_cftc_cot_futures,finance,3,287053,287053,287053,OK
education__fed_frb_h15_selected_rates,finance,3,16848,16848,16848,OK
finance__fed_cfpb_complaints,finance,3,17179788,17179788,17179788,OK
finance__fed_fec_bulk,finance,3,20938,20938,20938,OK
finance__fed_fec_bulk_candidates,finance,3,17900,17900,17900,OK
finance__fed_fec_bulk_committees,finance,3,20007,20007,20007,OK
finance__fed_fec_bulk_linkages,finance,3,16327,16327,16327,OK
finance__fed_fec_bulk_summary,finance,3,7933,7933,7933,OK
finance__fed_fec_cand_cmte_linkage,finance,3,30536,30536,30536,OK
finance__fed_fec_candidates,finance,3,33506,33506,33506,OK
finance__fed_fec_committee_to_candidate,finance,3,866730,866730,866730,OK
finance__fed_fec_committees,finance,3,78039,78039,78039,OK
finance__fed_fec_pac_summary,finance,3,48395,48395,48395,OK
finance__fed_irs_soi,finance,3,179796,179796,179796,OK
finance__fed_sec_13f_filers,finance,3,344109,344109,344109,OK
finance__fed_sec_13f_holdings,finance,3,101261252,101261252,,NO_LIVE_TABLE
finance__fed_sec_13f_submission,finance,3,3822885,3822885,3822885,OK
finance__fed_sec_dera_sub_2024q1,finance,3,6028,6028,6028,OK
finance__fed_sec_dera_sub_2024q2,finance,3,7675,7675,7675,OK
finance__fed_sec_dera_sub_2024q3,finance,3,6699,6699,6699,OK
finance__fed_sec_dera_sub_2024q4,finance,3,6491,6491,6491,OK
finance__fed_sec_dera_sub_2025q1,finance,3,6231,6231,6231,OK
finance__fed_sec_dera_sub_2025q2,finance,3,7009,7009,7009,OK
finance__fed_sec_dera_sub_2025q3,finance,3,6541,6541,6541,OK
finance__fed_sec_dera_sub_2025q4,finance,3,6304,6304,6304,OK
finance__fed_sec_dera_sub_2026q1,finance,3,6169,6169,6169,OK
finance__fed_sec_edgar_financials,finance,3,"55,635",55635,55635,OK
finance__fed_sec_edgar_insiders,finance,3,69259,69259,69259,OK
finance__fed_sec_insider_deriv_trans,finance,3,1049121,1049121,1049121,OK
finance__fed_sec_money_market_fund_information,finance,3,1206,1206,1206,OK
finance__intl_wb_ids,finance,3,62983,62983,62983,OK
health__fed_cdc_anxiety_depression,health,3,16794,16794,16794,OK
health__fed_cdc_data_portal,health,3,"1,471",1471,1471,OK
health__fed_cdc_drug_poisoning_county,health,3,53387,53387,53387,OK
health__fed_cdc_health_insurance,health,3,16056,16056,16056,OK
health__fed_cdc_injury_violence_county,health,3,132000,132000,132000,OK
health__fed_cdc_nndss_weekly_2024,health,3,"1,932,840",1932840,1932840,OK
health__fed_cdc_overdose,health,3,83790,83790,83790,OK
health__fed_cdc_suicide_rates,health,3,6390,6390,6390,OK
health__fed_cms_ambulatory_specialty_model_participants,health,3,6637,6637,6637,OK
health__fed_cms_dialysis,health,3,7557,7557,7557,OK
health__fed_cms_facility_level_minimum_data_set_frequency,health,3,"31,403,215",31403215,31403215,OK
health__fed_cms_federally_qualified_health_center_enrollments,health,3,11063,11063,11063,OK
health__fed_cms_fiscal_intermediary_shared_system_attending_and_rendering,health,3,"2,047,828",2047828,2047828,OK
health__fed_cms_home_health,health,3,12392,12392,12392,OK
health__fed_cms_home_health_agency_enrollments,health,3,11508,11508,11508,OK
health__fed_cms_hospice,health,3,6852,6852,6852,OK
health__fed_cms_hospital_compare,health,3,5432,5432,5432,OK
health__fed_cms_hospital_enrollments,health,3,9175,9175,9175,OK
health__fed_cms_hospital_general,health,3,5432,5432,5432,OK
health__fed_cms_irf,health,3,1222,1222,1222,OK
health__fed_cms_medicare_diabetes_prevention_program,health,3,1037,1037,1037,OK
health__fed_cms_medicare_dialysis_facilities,health,3,"12,456,456",12456456,12456456,OK
health__fed_cms_medicare_durable_medical_equipment_devices_supplies_by_refer,health,3,381228,381228,381228,OK
health__fed_cms_medicare_durable_medical_equipment_devices_supplies_by_suppl,health,3,440670,440670,440670,OK
health__fed_cms_medicare_inpatient_hospitals_by_provider,health,3,3044,3044,3044,OK
health__fed_cms_medicare_inpatient_hospitals_by_provider_and_service,health,3,145879,145879,145879,OK
health__fed_cms_medicare_outpatient_hospitals_by_provider_and_service,health,3,116182,116182,116182,OK
health__fed_cms_medicare_physician_other_practitioners_by_provider,health,3,"1,296,739",1296739,1296739,OK
health__fed_cms_medicare_physician_other_practitioners_by_provider_and_servi,health,3,"9,781,673",9781673,9781673,OK
health__fed_cms_medicare_provider,health,3,1296739,1296739,1296739,OK
health__fed_cms_nursing_home_deficiencies,health,3,418479,418479,418479,OK
health__fed_cms_nursing_home_fire_deficiencies,health,3,200030,200030,200030,OK
health__fed_cms_nursing_home_penalties,health,3,16180,16180,16180,OK
health__fed_cms_opioid_treatment_program_providers,health,3,1558,1558,1558,OK
health__fed_cms_opt_out_affidavits,health,3,57209,57209,57209,OK
health__fed_cms_order_and_referring,health,3,"2,018,354",2018354,2018354,OK
health__fed_cms_partd_prescriber_drug,health,3,25869521,25869521,25869521,OK
health__fed_cms_partd_prescribers,health,9,"25,869,521",25869521,25869521,OK
health__fed_cms_partd_prescribers,health,15,"25,869,521",25869521,25869521,OK
health__fed_cms_pending_initial_logging_and_tracking_non_physicians,health,3,6880,6880,6880,OK
health__fed_cms_pending_initial_logging_and_tracking_physicians,health,3,7240,7240,7240,OK
health__fed_cms_pos_other,health,3,44429,44429,44429,OK
health__fed_cms_quality_payment_program_experience,health,3,500000,500000,503917,OK
health__fed_cms_rural_health_clinic_enrollments,health,3,5530,5530,5530,OK
health__fed_cms_skilled_nursing_facility_enrollments,health,3,14425,14425,14425,OK
health__fed_fda_faers_demo,health,3,5811086,5811086,5811086,OK
health__fed_fda_faers_drug,health,3,20914284,20914284,,NO_LIVE_TABLE
health__fed_fda_faers_indi,health,3,9833260,9833260,9833260,OK
health__fed_fda_faers_outc,health,3,1134815,1134815,1134815,OK
health__fed_fda_faers_reac,health,3,20621386,20621386,,NO_LIVE_TABLE
health__fed_hrsa_npdb,health,3,"1,911,185",1911185,1911185,OK
health__fed_hrsa_npdb,health,7,"1,911,185",1911185,1911185,OK
health__fed_hrsa_shortage_areas,health,3,165531,165531,165531,OK
health__fed_ihs_scb_facility,health,7,"8,733",8733,8733,OK
health__fed_nursinghome411,health,3,14713,14713,14713,OK
health__xc_guttmacher_monthly_abortion,health,3,2040,2040,2040,OK
health__xc_owid_life_expectancy,health,3,21565,21565,21565,OK
immigration__fed_cms_hospice_enrollments,health,3,6066,6066,6066,OK
immigration__fed_cms_medicare_fee_for_service_public_provider_enrollment,health,3,"2,978,925",2978925,2978925,OK
housing__fed_cfpb_hmda,housing,3,"28,301",28301,28301,OK
housing__fed_cfpb_hmda_dc_only,housing,3,28301,28301,28301,OK
housing__fed_fema_nfip_community_status_book,housing,7,"25,125",25125,25122,OK
housing__fed_fhfa_hpi,housing,3,184807,184807,184807,OK
housing__fed_fhfa_nmdb,housing,3,7204,7204,7204,OK
immigration__fed_dol_oflc,immigration,3,664616,664616,664616,OK
immigration__fed_eoir_case_data,immigration,3,12631225,12631225,12631225,OK
immigration__fed_uscis_data,immigration,3,3204,3204,3204,OK
immigration__xc_owid_refugees,immigration,3,7442,7442,7442,OK
justice__fed_atf_ffl,justice,3,"77,514",77514,77514,OK
justice__fed_atf_ffl,justice,9,"77,514",77514,77514,OK
justice__fed_cisa_kev,justice,3,1631,1631,1631,OK
justice__fed_courtlistener_dockets,justice,3,71677647,71677647,,NO_LIVE_TABLE
justice__fed_courtlistener_financial_disclosures,justice,3,66287,66287,66287,OK
justice__fed_courtlistener_investments,justice,3,"1,901,599",1901599,1901599,OK
justice__fed_courtlistener_judges,justice,3,16191,16191,16191,OK
justice__fed_courtlistener_positions,justice,3,51290,51290,51290,OK
justice__fed_fbi_nics_checks,justice,3,16445,16445,16445,OK
justice__fed_fjc_idb_civil,justice,5,"10,857,396",10857396,10857396,OK
justice__fed_ftc_datasets,justice,3,1200,1200,1200,OK
justice__intl_eu_sanctions,justice,3,42347,42347,42347,OK
justice__intl_opensanctions,justice,3,71011,71011,71011,OK
justice__intl_ucdp_ged,justice,3,385918,385918,385918,OK
justice__xc_mapping_police_violence,justice,3,15476,15476,15476,OK
justice__xc_owid_homicide,justice,3,4912,4912,4912,OK
justice__xc_owid_terrorism_deaths,justice,3,10481,10481,10481,OK
justice__xc_ransomwarelive_victims,justice,4,"30,661",30661,30661,OK
labor__fed_msha_violations,labor,4,"3,087,266",3087266,3087265,OK
labor__fed_osha_ita_300a_summary_2023,labor,3,394234,394234,394234,OK
labor__fed_osha_ita_300a_summary_2024,labor,3,398620,398620,398620,OK
labor__fed_osha_ita_300a_summary_2025,labor,3,383283,383283,383283,OK
labor__fed_osha_ita_case_detail_2023,labor,3,"890,934",890934,890934,OK
labor__fed_osha_ita_case_detail_2024,labor,3,"688,649",688649,688649,OK
labor__fed_osha_ita_case_detail_2025,labor,3,330447,330447,330447,OK
open_data__intl_ar_datosgob,open_data,3,3556,3556,3556,OK
open_data__intl_fr_data_gouv,open_data,3,"130,431",130431,130431,OK
politics__fed_congress_committee_membership,politics,3,3879,3879,3879,OK
politics__fed_congress_legislators,politics,3,12847,12847,12847,OK
politics__fed_eac_eavs,politics,3,6460,6460,6460,OK
politics__fed_fcc_licensing,politics,3,1689338,1689338,1689338,OK
politics__fed_fec_pac_summary,politics,5,"45,709",45709,45709,OK
politics__fed_fjc_judges,politics,3,4067,4067,4067,OK
politics__fed_fjc_service,politics,3,4766,4766,4766,OK
politics__fed_govinfo_bill_cosponsors,politics,3,367742,367742,367742,OK
politics__fed_govinfo_billstatus,politics,3,36465,36465,36465,OK
politics__fed_voteview_members,politics,3,51061,51061,51061,OK
politics__fed_voteview_rollcall_meta,politics,3,"113,512",113512,3364,DISAGREES
politics__fed_voteview_rollcall_meta,politics,4,"3,364",3364,3364,OK
politics__fed_voteview_rollcalls,politics,3,945523,945523,945523,OK
politics__intl_freedomhouse,politics,3,2723,2723,2723,OK
politics__intl_owid_milspend,politics,3,9112,9112,9112,OK
politics__intl_voeten_unga_votes,politics,3,1823352,1823352,1823352,OK
politics__st_cannabis_policy_bundles,politics,3,1500,1500,1500,OK
politics__xc_owid_cpi,politics,3,2312,2312,2312,OK
education__fed_google_polads_advertiser_geo_spend,politics_lobbying,3,"614,078",614078,614078,OK
education__fed_google_polads_advertiser_id_mapping,politics_lobbying,3,8044,8044,8044,OK
education__fed_google_polads_advertiser_stats,politics_lobbying,3,21113,21113,21211,OK
education__fed_google_polads_advertiser_weekly_spend,politics_lobbying,3,296452,296452,298884,OK
education__fed_google_polads_creative_id_mapping,politics_lobbying,3,"971,029",971029,971029,OK
education__fed_google_polads_creative_stats,politics_lobbying,3,"1,562,870",1562870,1562870,OK
education__fed_google_polads_geo_spend,politics_lobbying,3,1289,1289,1289,OK
education__fed_senate_lda_filings,politics_lobbying,3,174871,174871,174871,OK
politics__st_nyc_cfb_campaign_2001_contribution,politics_lobbying,4,"193,741",193741,193741,OK
politics__st_nyc_cfb_campaign_2009_contribution,politics_lobbying,4,"146,112",146112,146112,OK
politics__st_nyc_cfb_campaign_2013_contribution,politics_lobbying,4,"197,968",197968,197968,OK
politics__st_nyc_cfb_campaign_2021_contributions,politics_lobbying,4,"457,521",457521,457521,OK
politics__st_nyc_cfb_campaign_2025_contributions,politics_lobbying,4,"259,537",259537,259537,OK
procurement__fed_sam_exclusions,procurement,5,"167,928",167928,167928,OK
reference__fed_itis_comments,reference,5,"70,524",70524,70524,OK
reference__fed_itis_geographic_div,reference,5,"480,351",480351,480351,OK
reference__fed_itis_hierarchy,reference,5,"678,363",678363,678363,OK
reference__fed_itis_jurisdiction,reference,5,"161,922",161922,161922,OK
reference__fed_itis_longnames,reference,5,"993,346",993346,993346,OK
reference__fed_itis_nodc_ids,reference,5,"209,565",209565,209565,OK
reference__fed_itis_other_sources,reference,5,"1,071",1071,1071,OK
reference__fed_itis_publications,reference,5,"30,772",30772,30772,OK
reference__fed_itis_reference_links,reference,5,"1,970,107",1970107,1970107,OK
reference__fed_itis_strippedauthor,reference,5,"214,445",214445,214445,OK
reference__fed_itis_synonym_links,reference,5,"315,254",315254,315254,OK
reference__fed_itis_taxon_authors_lkp,reference,5,"214,445",214445,214445,OK
reference__fed_itis_taxonomic_units,reference,5,"993,346",993346,993346,OK
reference__fed_itis_tu_comments_links,reference,5,"192,851",192851,192851,OK
reference__fed_itis_vern_ref_links,reference,5,"93,078",93078,93078,OK
reference__fed_itis_vernaculars,reference,5,"166,778",166778,166778,OK
reference__intl_gdelt,reference,4,1015,1015,1015,OK
reference__xc_crossref_funder_registry,reference,5,"45,661",45661,45661,OK
reference__xc_owid_fertility,reference,3,19402,19402,19402,OK
reference__xc_ror_research_organizations,reference,6,"135,710",135710,135710,OK
science__fed_usgs_earthquakes,science,3,443274,443274,443274,OK
transport__fed_faa_registry,transport,3,314417,314417,314417,OK
transport__fed_fra_equipment_accidents,transport,6,"224,941",224941,224941,OK
uncategorized__fed_dea_arcos_full,uncategorized,3,178598026,178598026,178598026,OK
uncategorized__fed_epa_frs_full,uncategorized,3,5300149,5300149,5300149,OK
uncategorized__int_uk_companies_house,uncategorized,3,5734780,5734780,5734780,OK
