table,record_id,verdict,checked_fields,evidence_url,note
FINANCE.FINANCE__FED_FDIC_BANK_DATA,CERT 15756,MATCH,"NAME;CITY;STALP;ESTYMD;ENDEFYMD;ZIP;ADDRESS",https://api.fdic.gov/banks/institutions?filters=CERT:15756,"Bank of Canton / Canton OK / est 1902-11-26 / ended 1985-10-10 / 73724 / Main Street all agree with FDIC API"
POLITICS.POLITICS__FEC_CANDIDATE,H0AL01055,MATCH,"CAND_NAME;PARTY;OFFICE;OFFICE_STATE;OFFICE_DISTRICT",https://api.open.fec.gov/v1/candidate/H0AL01055/,"CARL JERRY LEE JR / Republican / House / AL / 01 all agree"
POLITICS.POLITICS__FED_FJC_JUDGES,NID 13761857 (Adam Ben Abelson),MATCH,"BIRTH_YEAR;BIRTH_CITY;COURT_NAME_1;APPOINTING_PRESIDENT_1;NOMINATION_DATE_1;CONFIRMATION_DATE_1;COMMISSION_DATE_1;SCHOOL_1;SCHOOL_2",https://www.fjc.gov/history/judges/abelson-adam-ben,"1982 Cleveland OH / D. Md. / Biden / 2024-05-14 / 2024-09-10 / 2024-09-12 / Princeton BA 2005 / NYU JD 2010 all agree with FJC bio"
TRANSPORT.TRANSPORT__FED_NTSB_AVIATION_EVENTS,NTSB_NO SEA08LA057,MATCH,"EV_DATE;EV_CITY;MID_AIR;VIS_SM;ALTIMETER;INJ_TOT_T",http://www.wanttaja.com/a2008.pdf,"Confirmed 2008-01-01 midair at Sonoma CA (Sonoma Valley Airport) involving N15EX Glastar; no injuries matches INJ_TOT_N; CAROL itself is JS-only so verified via NTSB-derived accident listings"
HEALTH.HEALTH__FED_CMS_NURSING_HOME,CCN 135094,MATCH,"PROVIDER_NAME;ADDRESS;ZIP_CODE;LEGAL_BUSINESS_NAME;OWNERSHIP_TYPE;NUMBER_OF_CERTIFIED_BEDS;PHONE_NUMBER",https://www.healthcare4ppl.com/nursing-home/idaho/nampa/wellspring-health-rehabilitation-of-cascadia-135094.html,"Wellspring Health & Rehab of Cascadia / 2105 12th Avenue Rd Nampa ID 83686 / Canyon County of Cascadia LLC / For profit LLC / 120 beds / (208) 467-5721 all agree; medicare.gov blocks direct fetch (403) so verified via CMS-derived registries incl ProPublica"
HEALTH.HEALTH__FED_FDA_DEVICE_510K,K781739,MATCH,"APPLICANT;DEVICE_NAME;PRODUCT_CODE;DECISION_CODE;DATE_RECEIVED;DECISION_DATE;CITY;STATE",https://api.fda.gov/device/510k.json?search=k_number:K781739,"Toshiba Medical Systems / CAMERA GCA-10A LOW ENERGY / IYX / SESE / 1978-10-17 / 1978-11-27 / McHenry IL all agree with openFDA"
JUSTICE.JUSTICE__INTL_OPENSANCTIONS,iq-aml-0d553b6e9ae2a20999e627e93d3888739305b6c4,MISMATCH,"NAME;DATASET;BIRTH_DATE",https://www.opensanctions.org/entities/iq-aml-0d553b6e9ae2a20999e627e93d3888739305b6c4/,"Name and dataset (Iraq Terrorist Fund Freezing Lists) agree but BIRTH_DATE: warehouse says 1970-01-01 vs publisher says 1986; all three sample rows carry 1970-01-01 = classic Unix-epoch sentinel corrupting the birth-date column"
JUSTICE.JUSTICE__FED_SCDB,CASE_ID 2002-061 (docket 02-8636),MATCH,"DOCKET;US_CITATION;DATE_DECISION;CASE_NAME;MAJ_VOTES/MIN_VOTES",https://supreme.justia.com/cases/federal/us/538/835/,"Bunkley v. Florida / 538 U.S. 835 / decided 2003-05-27 / 6-3 all agree with published case record"
CORPORATE_REGISTRY.CORPORATE_REGISTRY__INTL_UK_COMPANIES_HOUSE,15873701,MATCH,"COMPANY_NAME;COMPANY_STATUS;COMPANY_CATEGORY;INCORPORATION_DATE;ADDRESS/POST_CODE",https://find-and-update.company-information.service.gov.uk/company/15873701,"MINIATURE KINGDOMS LTD / Active / Private limited / inc 2024-08-03 / 27 Egremont Street Ely CB6 1AE all agree with Companies House register"
