schema,table,column,should_be,table_row_count
HEALTH,HEALTH__FED_CMS_FACILITY_LEVEL_MINIMUM_DATA_SET_FREQUENCY,TOTAL_RESIDENTS,number,31403215
ECONOMICS,ECONOMICS__FED_USASPENDING_ASSISTANCE_FULL,ACTION_DATE,date,19902879
ECONOMICS,ECONOMICS__FED_USASPENDING_ASSISTANCE_FULL,ACTION_DATE_FISCAL_YEAR,date,19902879
ECONOMICS,ECONOMICS__FED_USASPENDING_ASSISTANCE_FULL,FEDERAL_ACCOUNTS_FUNDING_THIS_AWARD,number,19902879
ECONOMICS,ECONOMICS__FED_USASPENDING_ASSISTANCE_FULL,FEDERAL_ACTION_OBLIGATION,number,19902879
ECONOMICS,ECONOMICS__FED_USASPENDING_ASSISTANCE_FULL,GENERATED_PRAGMATIC_OBLIGATIONS,number,19902879
ECONOMICS,ECONOMICS__FED_USASPENDING_ASSISTANCE_FULL,HIGHLY_COMPENSATED_OFFICER_1_AMOUNT,number,19902879
ECONOMICS,ECONOMICS__FED_USASPENDING_ASSISTANCE_FULL,HIGHLY_COMPENSATED_OFFICER_2_AMOUNT,number,19902879
ECONOMICS,ECONOMICS__FED_USASPENDING_ASSISTANCE_FULL,HIGHLY_COMPENSATED_OFFICER_3_AMOUNT,number,19902879
ECONOMICS,ECONOMICS__FED_USASPENDING_ASSISTANCE_FULL,HIGHLY_COMPENSATED_OFFICER_4_AMOUNT,number,19902879
ECONOMICS,ECONOMICS__FED_USASPENDING_ASSISTANCE_FULL,HIGHLY_COMPENSATED_OFFICER_5_AMOUNT,number,19902879
ECONOMICS,ECONOMICS__FED_USASPENDING_ASSISTANCE_FULL,INDIRECT_COST_FEDERAL_SHARE_AMOUNT,number,19902879
ECONOMICS,ECONOMICS__FED_USASPENDING_ASSISTANCE_FULL,INITIAL_REPORT_DATE,date,19902879
ECONOMICS,ECONOMICS__FED_USASPENDING_ASSISTANCE_FULL,LAST_MODIFIED_DATE,date,19902879
ECONOMICS,ECONOMICS__FED_USASPENDING_ASSISTANCE_FULL,NON_FEDERAL_FUNDING_AMOUNT,number,19902879
ECONOMICS,ECONOMICS__FED_USASPENDING_ASSISTANCE_FULL,OBLIGATED_AMOUNT_FROM_COVID_19_SUPPLEMENTALS_FOR_OVERALL_AWARD,number,19902879
ECONOMICS,ECONOMICS__FED_USASPENDING_ASSISTANCE_FULL,OBLIGATED_AMOUNT_FROM_IIJA_SUPPLEMENTAL_FOR_OVERALL_AWARD,number,19902879
ECONOMICS,ECONOMICS__FED_USASPENDING_ASSISTANCE_FULL,ORIGINAL_LOAN_SUBSIDY_COST,number,19902879
ECONOMICS,ECONOMICS__FED_USASPENDING_ASSISTANCE_FULL,OUTLAYED_AMOUNT_FROM_COVID_19_SUPPLEMENTALS_FOR_OVERALL_AWARD,number,19902879
ECONOMICS,ECONOMICS__FED_USASPENDING_ASSISTANCE_FULL,OUTLAYED_AMOUNT_FROM_IIJA_SUPPLEMENTAL_FOR_OVERALL_AWARD,number,19902879
ECONOMICS,ECONOMICS__FED_USASPENDING_ASSISTANCE_FULL,PERIOD_OF_PERFORMANCE_CURRENT_END_DATE,date,19902879
ECONOMICS,ECONOMICS__FED_USASPENDING_ASSISTANCE_FULL,PERIOD_OF_PERFORMANCE_START_DATE,date,19902879
ECONOMICS,ECONOMICS__FED_USASPENDING_ASSISTANCE_FULL,TOTAL_FACE_VALUE_OF_LOAN,number,19902879
ECONOMICS,ECONOMICS__FED_USASPENDING_ASSISTANCE_FULL,TOTAL_LOAN_SUBSIDY_COST,number,19902879
ECONOMICS,ECONOMICS__FED_USASPENDING_ASSISTANCE_FULL,TOTAL_NON_FEDERAL_FUNDING_AMOUNT,number,19902879
ECONOMICS,ECONOMICS__FED_USASPENDING_ASSISTANCE_FULL,TOTAL_OBLIGATED_AMOUNT,number,19902879
ECONOMICS,ECONOMICS__FED_USASPENDING_ASSISTANCE_FULL,TOTAL_OUTLAYED_AMOUNT_FOR_OVERALL_AWARD,number,19902879
ECONOMICS,ECONOMICS__FED_USASPENDING_ASSISTANCE_FULL,TREASURY_ACCOUNTS_FUNDING_THIS_AWARD,number,19902879
ECONOMICS,ECONOMICS__FED_USASPENDING_ASSISTANCE_FULL,USASPENDING_PERMALINK,number,19902879
HOUSING,HOUSING__FED_CFPB_HMDA_HISTORIC,APPLICATION_DATE_INDICATOR,date,19136434
HOUSING,HOUSING__FED_CFPB_HMDA_HISTORIC,AS_OF_YEAR,date,19136434
HEALTH,HEALTH__FED_CMS_OPEN_PAYMENTS,DATE_OF_PAYMENT,number,15385047
HEALTH,HEALTH__FED_CMS_OPEN_PAYMENTS,FORM_OF_PAYMENT_OR_TRANSFER_OF_VALUE,number,15385047
HEALTH,HEALTH__FED_CMS_OPEN_PAYMENTS,NATURE_OF_PAYMENT_OR_TRANSFER_OF_VALUE,number,15385047
HEALTH,HEALTH__FED_CMS_OPEN_PAYMENTS,PROGRAM_YEAR,date,15385047
HEALTH,HEALTH__FED_CMS_OPEN_PAYMENTS,TOTAL_AMOUNT_OF_PAYMENT_USDOLLARS,number,15385047
HEALTH,HEALTH__FED_CMS_OPEN_PAYMENTS_2023,DATE_OF_PAYMENT,number,14700786
HEALTH,HEALTH__FED_CMS_OPEN_PAYMENTS_2023,FORM_OF_PAYMENT_OR_TRANSFER_OF_VALUE,number,14700786
HEALTH,HEALTH__FED_CMS_OPEN_PAYMENTS_2023,NATURE_OF_PAYMENT_OR_TRANSFER_OF_VALUE,number,14700786
HEALTH,HEALTH__FED_CMS_OPEN_PAYMENTS_2023,PROGRAM_YEAR,date,14700786
HEALTH,HEALTH__FED_CMS_OPEN_PAYMENTS_2023,TOTAL_AMOUNT_OF_PAYMENT_USDOLLARS,number,14700786
HEALTH,HEALTH__FED_CMS_OPEN_PAYMENTS_2022,DATE_OF_PAYMENT,number,13250000
HEALTH,HEALTH__FED_CMS_OPEN_PAYMENTS_2022,FORM_OF_PAYMENT_OR_TRANSFER_OF_VALUE,number,13250000
HEALTH,HEALTH__FED_CMS_OPEN_PAYMENTS_2022,NATURE_OF_PAYMENT_OR_TRANSFER_OF_VALUE,number,13250000
HEALTH,HEALTH__FED_CMS_OPEN_PAYMENTS_2022,PROGRAM_YEAR,date,13250000
HEALTH,HEALTH__FED_CMS_OPEN_PAYMENTS_2022,TOTAL_AMOUNT_OF_PAYMENT_USDOLLARS,number,13250000
POLITICS,POLITICS__INTL_ELECTIONS_CANADA_CONTRIBUTIONS,PART_NUMBER_OF_RETURN,number,12646465
HEALTH,HEALTH__FED_CMS_MEDICARE_DIALYSIS_FACILITIES,MEASURE_SCORE,number,12456456
JUSTICE,JUSTICE__FED_FJC_IDB_CIVIL,ARBITRATION,number,10857396
JUSTICE,JUSTICE__FED_FJC_IDB_CIVIL,FILE_DATE_USE,date,10857396
JUSTICE,JUSTICE__FED_FJC_IDB_CIVIL,FILING_MAGISTRATE,number,10857396
JUSTICE,JUSTICE__FED_FJC_IDB_CIVIL,TAPE_YEAR,date,10857396
JUSTICE,JUSTICE__FED_FJC_IDB_CIVIL,TERM_ARBITRATION,number,10857396
JUSTICE,JUSTICE__FED_FJC_IDB_CIVIL,TERM_DATE_USE,date,10857396
JUSTICE,JUSTICE__FED_FJC_IDB_CIVIL,TERM_MAGISTRATE,number,10857396
ENVIRONMENT,ENVIRONMENT__FED_EPA_AIR_EMISSIONS_POLL_RPT_COMBINED_EMISSIONS,REPORTING_YEAR,date,10411826
CORPORATE_REGISTRY,CORPORATE_REGISTRY__UK_COMPANIES_HOUSE_PSC,REGISTRATION_NUMBER,number,7000000
JUSTICE,JUSTICE__FED_FJC_IDB_BANKRUPTCY,ASSET_CASE,number,6965441
JUSTICE,JUSTICE__FED_FJC_IDB_BANKRUPTCY,CHAPTER11_FUTURE_PAYMENTS,number,6965441
JUSTICE,JUSTICE__FED_FJC_IDB_BANKRUPTCY,CLOSING_CALENDAR_YEAR,date,6965441
JUSTICE,JUSTICE__FED_FJC_IDB_BANKRUPTCY,CLOSING_FISCAL_YEAR,date,6965441
JUSTICE,JUSTICE__FED_FJC_IDB_BANKRUPTCY,COUNT_MONTHLY_INCOME,number,6965441
JUSTICE,JUSTICE__FED_FJC_IDB_BANKRUPTCY,DEBTOR1_FINAL_DISPOSITION_CALENDAR_YEAR,date,6965441
JUSTICE,JUSTICE__FED_FJC_IDB_BANKRUPTCY,DEBTOR1_FINAL_DISPOSITION_FISCAL_YEAR,date,6965441
JUSTICE,JUSTICE__FED_FJC_IDB_BANKRUPTCY,DEBTOR2_FINAL_DISPOSITION_CALENDAR_YEAR,date,6965441
JUSTICE,JUSTICE__FED_FJC_IDB_BANKRUPTCY,DEBTOR2_FINAL_DISPOSITION_FISCAL_YEAR,date,6965441
JUSTICE,JUSTICE__FED_FJC_IDB_BANKRUPTCY,DOCKET_GENERATION,number,6965441
JUSTICE,JUSTICE__FED_FJC_IDB_BANKRUPTCY,ESTIMATED_ASSETS,number,6965441
JUSTICE,JUSTICE__FED_FJC_IDB_BANKRUPTCY,ESTIMATED_LIABILITIES,number,6965441
JUSTICE,JUSTICE__FED_FJC_IDB_BANKRUPTCY,FILING_CALENDAR_YEAR,date,6965441
JUSTICE,JUSTICE__FED_FJC_IDB_BANKRUPTCY,FILING_FISCAL_YEAR,date,6965441
JUSTICE,JUSTICE__FED_FJC_IDB_BANKRUPTCY,JOINT_ADMINISTRATION_LEAD,number,6965441
JUSTICE,JUSTICE__FED_FJC_IDB_BANKRUPTCY,ORIGINAL_ASSET_CASE,number,6965441
JUSTICE,JUSTICE__FED_FJC_IDB_BANKRUPTCY,ORIGINAL_ESTIMATED_ASSETS,number,6965441
JUSTICE,JUSTICE__FED_FJC_IDB_BANKRUPTCY,ORIGINAL_ESTIMATED_LIABILITIES,number,6965441
ENVIRONMENT,ENVIRONMENT__FED_USGS_WATER,DATETIME,date,6694816
ECONOMICS,ECONOMICS__FED_USASPENDING_CONTRACTS,ACTION_DATE,date,6325622
ECONOMICS,ECONOMICS__FED_USASPENDING_CONTRACTS,CURRENT_TOTAL_VALUE_OF_AWARD,number,6325622
ECONOMICS,ECONOMICS__FED_USASPENDING_CONTRACTS,FEDERAL_ACTION_OBLIGATION,number,6325622
ECONOMICS,ECONOMICS__FED_USASPENDING_CONTRACTS,HIGHLY_COMPENSATED_OFFICER_1_AMOUNT,number,6325622
ECONOMICS,ECONOMICS__FED_USASPENDING_CONTRACTS,HIGHLY_COMPENSATED_OFFICER_2_AMOUNT,number,6325622
ECONOMICS,ECONOMICS__FED_USASPENDING_CONTRACTS,LAST_MODIFIED_DATE,date,6325622
ECONOMICS,ECONOMICS__FED_USASPENDING_CONTRACTS,PERIOD_OF_PERFORMANCE_CURRENT_END_DATE,date,6325622
ECONOMICS,ECONOMICS__FED_USASPENDING_CONTRACTS,PERIOD_OF_PERFORMANCE_START_DATE,date,6325622
ECONOMICS,ECONOMICS__FED_USASPENDING_CONTRACTS,TOTAL_DOLLARS_OBLIGATED,number,6325622
ECONOMICS,ECONOMICS__FED_USASPENDING_CONTRACTS,USASPENDING_PERMALINK,number,6325622
JUSTICE,JUSTICE__FED_FJC_IDB_CRIMINAL,FISCAL_YEAR,date,6299908
JUSTICE,JUSTICE__FED_FJC_IDB_CRIMINAL,TAPE_YEAR,date,6299908
HEALTH,HEALTH__FED_FDA_FAERS_DEMO,DEATH_DT,date,5811086
HEALTH,HEALTH__FED_FDA_FAERS_DEMO,EVENT_DT,date,5811086
HEALTH,HEALTH__FED_FDA_FAERS_DEMO,FDA_DT,date,5811086
HEALTH,HEALTH__FED_FDA_FAERS_DEMO,INIT_FDA_DT,date,5811086
HEALTH,HEALTH__FED_FDA_FAERS_DEMO,MFR_DT,date,5811086
HEALTH,HEALTH__FED_FDA_FAERS_DEMO,MFR_NUM,number,5811086
HEALTH,HEALTH__FED_FDA_FAERS_DEMO,REPT_DT,date,5811086
CORPORATE_REGISTRY,CORPORATE_REGISTRY__INTL_UK_COMPANIES_HOUSE,ACCOUNT_CATEGORY,number,5734780
ECONOMICS,ECONOMICS__FED_IRS_990_EFILE_INDEX,SUB_DATE_RAW,date,5544626
ECONOMICS,ECONOMICS__INTL_GLEIF,ENTITY_ENTITYEXPIRATIONDATE,number,3382301
ECONOMICS,ECONOMICS__INTL_GLEIF,ENTITY_ENTITYEXPIRATIONREASON,number,3382301
ECONOMICS,ECONOMICS__INTL_GLEIF,ENTITY_REGISTRATIONAUTHORITY_OTHERREGISTRATIONAUTHORITYID,number,3382301
ECONOMICS,ECONOMICS__INTL_GLEIF,ENTITY_REGISTRATIONAUTHORITY_REGISTRATIONAUTHORITYENTITYID,number,3382301
ECONOMICS,ECONOMICS__INTL_GLEIF,ENTITY_REGISTRATIONAUTHORITY_REGISTRATIONAUTHORITYID,number,3382301
ECONOMICS,ECONOMICS__INTL_GLEIF,REGISTRATION_INITIALREGISTRATIONDATE,number,3382301
ECONOMICS,ECONOMICS__INTL_GLEIF,REGISTRATION_LASTUPDATEDATE,number,3382301
ECONOMICS,ECONOMICS__INTL_GLEIF,REGISTRATION_MANAGINGLOU,number,3382301
ECONOMICS,ECONOMICS__INTL_GLEIF,REGISTRATION_NEXTRENEWALDATE,number,3382301
ECONOMICS,ECONOMICS__INTL_GLEIF,REGISTRATION_OTHERVALIDATIONAUTHORITIES_OTHERVALIDATIONAUTHORITY_1_OTHERVALIDATIONAUTHORITYID,number,3382301
ECONOMICS,ECONOMICS__INTL_GLEIF,REGISTRATION_OTHERVALIDATIONAUTHORITIES_OTHERVALIDATIONAUTHORITY_1_VALIDATIONAUTHORITYENTITYID,number,3382301
ECONOMICS,ECONOMICS__INTL_GLEIF,REGISTRATION_OTHERVALIDATIONAUTHORITIES_OTHERVALIDATIONAUTHORITY_1_VALIDATIONAUTHORITYID,number,3382301
ECONOMICS,ECONOMICS__INTL_GLEIF,REGISTRATION_OTHERVALIDATIONAUTHORITIES_OTHERVALIDATIONAUTHORITY_2_OTHERVALIDATIONAUTHORITYID,number,3382301
ECONOMICS,ECONOMICS__INTL_GLEIF,REGISTRATION_OTHERVALIDATIONAUTHORITIES_OTHERVALIDATIONAUTHORITY_2_VALIDATIONAUTHORITYENTITYID,number,3382301
ECONOMICS,ECONOMICS__INTL_GLEIF,REGISTRATION_OTHERVALIDATIONAUTHORITIES_OTHERVALIDATIONAUTHORITY_2_VALIDATIONAUTHORITYID,number,3382301
ECONOMICS,ECONOMICS__INTL_GLEIF,REGISTRATION_OTHERVALIDATIONAUTHORITIES_OTHERVALIDATIONAUTHORITY_3_OTHERVALIDATIONAUTHORITYID,number,3382301
ECONOMICS,ECONOMICS__INTL_GLEIF,REGISTRATION_OTHERVALIDATIONAUTHORITIES_OTHERVALIDATIONAUTHORITY_3_VALIDATIONAUTHORITYENTITYID,number,3382301
ECONOMICS,ECONOMICS__INTL_GLEIF,REGISTRATION_OTHERVALIDATIONAUTHORITIES_OTHERVALIDATIONAUTHORITY_3_VALIDATIONAUTHORITYID,number,3382301
ECONOMICS,ECONOMICS__INTL_GLEIF,REGISTRATION_OTHERVALIDATIONAUTHORITIES_OTHERVALIDATIONAUTHORITY_4_OTHERVALIDATIONAUTHORITYID,number,3382301
ECONOMICS,ECONOMICS__INTL_GLEIF,REGISTRATION_OTHERVALIDATIONAUTHORITIES_OTHERVALIDATIONAUTHORITY_4_VALIDATIONAUTHORITYENTITYID,number,3382301
ECONOMICS,ECONOMICS__INTL_GLEIF,REGISTRATION_OTHERVALIDATIONAUTHORITIES_OTHERVALIDATIONAUTHORITY_4_VALIDATIONAUTHORITYID,number,3382301
ECONOMICS,ECONOMICS__INTL_GLEIF,REGISTRATION_OTHERVALIDATIONAUTHORITIES_OTHERVALIDATIONAUTHORITY_5_OTHERVALIDATIONAUTHORITYID,number,3382301
ECONOMICS,ECONOMICS__INTL_GLEIF,REGISTRATION_OTHERVALIDATIONAUTHORITIES_OTHERVALIDATIONAUTHORITY_5_VALIDATIONAUTHORITYENTITYID,number,3382301
ECONOMICS,ECONOMICS__INTL_GLEIF,REGISTRATION_OTHERVALIDATIONAUTHORITIES_OTHERVALIDATIONAUTHORITY_5_VALIDATIONAUTHORITYID,number,3382301
ECONOMICS,ECONOMICS__INTL_GLEIF,REGISTRATION_VALIDATIONAUTHORITY_OTHERVALIDATIONAUTHORITYID,number,3382301
ECONOMICS,ECONOMICS__INTL_GLEIF,REGISTRATION_VALIDATIONAUTHORITY_VALIDATIONAUTHORITYENTITYID,number,3382301
ECONOMICS,ECONOMICS__INTL_GLEIF,REGISTRATION_VALIDATIONAUTHORITY_VALIDATIONAUTHORITYID,number,3382301
HOUSING,HOUSING__FED_FEMA_IA_HOUSING_REGISTRATIONS,APPLICANT_AGE,number,3080000
HOUSING,HOUSING__FED_FEMA_IA_HOUSING_REGISTRATIONS,CENSUS_YEAR,date,3080000
HOUSING,HOUSING__FED_FEMA_IA_HOUSING_REGISTRATIONS,REGISTRATION_METHOD,number,3080000
IMMIGRATION,IMMIGRATION__FED_ICE_DETENTION_STINTS,FINAL_CHARGE,number,2571975
IMMIGRATION,IMMIGRATION__FED_ICE_DETENTION_STINTS,MSC_CHARGE,number,2571975
CONSUMER_SAFETY,CONSUMER_SAFETY__FED_NHTSA_COMPLAINTS,MODEL_YEAR,date,2227941
ECONOMICS,ECONOMICS__FED_SBA_LOANS,BUSINESS_AGE,number,2174502
SCIENCE_RESEARCH,SCIENCE_RESEARCH__FED_NIH_REPORTER,CORE_PROJECT_NUM,number,2122611
SCIENCE_RESEARCH,SCIENCE_RESEARCH__FED_NIH_REPORTER,PROJECT_NUM,number,2122611
SCIENCE_RESEARCH,SCIENCE_RESEARCH__FED_NIH_REPORTER,SPENDING_CATEGORIES,number,2122611
CORPORATE_REGISTRY,CORPORATE_REGISTRY__FED_IRS_EO_BMF,ACCOUNTING_PERIOD_MONTH,number,1983563
CORPORATE_REGISTRY,CORPORATE_REGISTRY__FED_IRS_EO_BMF,GROUP_EXEMPTION_NUM,number,1983563
ECONOMICS,ECONOMICS__FED_IRS_BMF,RULING_DATE,date,1974830
HEALTH,HEALTH__FED_CDC_NNDSS_WEEKLY_2024,CUMULATIVE_YTD_CURRENT_MMWR_YEAR,date,1932840
HEALTH,HEALTH__FED_CDC_NNDSS_WEEKLY_2024,CUMULATIVE_YTD_PREVIOUS_MMWR_YEAR,date,1932840
HEALTH,HEALTH__FED_CDC_NNDSS_WEEKLY_2024,CURRENT_MMWR_YEAR,date,1932840
HEALTH,HEALTH__FED_CDC_NNDSS_WEEKLY_2024,REPORTING_AREA,number,1932840
HEALTH,HEALTH__FED_HRSA_NPDB,PAYMENT_NUMBER,number,1911185
JUSTICE,JUSTICE__FED_COURTLISTENER_INVESTMENTS,TRANSACTION_DATE_RAW,date,1901599
ENVIRONMENT,ENVIRONMENT__FED_NOAA_STORM_EVENTS,TOR_LENGTH,number,1780730
ENVIRONMENT,ENVIRONMENT__FED_NOAA_STORM_EVENTS,TOR_WIDTH,number,1780730
POLITICS,POLITICS__FED_FCC_LICENSING,ELIGIBILITY_RULE_NUM,number,1689338
EDUCATION,EDUCATION__FED_GOOGLE_POLADS_CREATIVE_STATS,FIRST_SERVED_TIMESTAMP,date,1562870
EDUCATION,EDUCATION__FED_GOOGLE_POLADS_CREATIVE_STATS,LAST_SERVED_TIMESTAMP,date,1562870
EDUCATION,EDUCATION__FED_GOOGLE_POLADS_CREATIVE_STATS,SPEND_RANGE_MAX_ARS,number,1562870
EDUCATION,EDUCATION__FED_GOOGLE_POLADS_CREATIVE_STATS,SPEND_RANGE_MAX_AUD,number,1562870
EDUCATION,EDUCATION__FED_GOOGLE_POLADS_CREATIVE_STATS,SPEND_RANGE_MAX_BGN,number,1562870
EDUCATION,EDUCATION__FED_GOOGLE_POLADS_CREATIVE_STATS,SPEND_RANGE_MAX_BRL,number,1562870
EDUCATION,EDUCATION__FED_GOOGLE_POLADS_CREATIVE_STATS,SPEND_RANGE_MAX_CLP,number,1562870
EDUCATION,EDUCATION__FED_GOOGLE_POLADS_CREATIVE_STATS,SPEND_RANGE_MAX_CZK,number,1562870
EDUCATION,EDUCATION__FED_GOOGLE_POLADS_CREATIVE_STATS,SPEND_RANGE_MAX_DKK,number,1562870
EDUCATION,EDUCATION__FED_GOOGLE_POLADS_CREATIVE_STATS,SPEND_RANGE_MAX_EUR,number,1562870
EDUCATION,EDUCATION__FED_GOOGLE_POLADS_CREATIVE_STATS,SPEND_RANGE_MAX_GBP,number,1562870
EDUCATION,EDUCATION__FED_GOOGLE_POLADS_CREATIVE_STATS,SPEND_RANGE_MAX_HUF,number,1562870
EDUCATION,EDUCATION__FED_GOOGLE_POLADS_CREATIVE_STATS,SPEND_RANGE_MAX_ILS,number,1562870
EDUCATION,EDUCATION__FED_GOOGLE_POLADS_CREATIVE_STATS,SPEND_RANGE_MAX_INR,number,1562870
EDUCATION,EDUCATION__FED_GOOGLE_POLADS_CREATIVE_STATS,SPEND_RANGE_MAX_MXN,number,1562870
EDUCATION,EDUCATION__FED_GOOGLE_POLADS_CREATIVE_STATS,SPEND_RANGE_MAX_NZD,number,1562870
EDUCATION,EDUCATION__FED_GOOGLE_POLADS_CREATIVE_STATS,SPEND_RANGE_MAX_PLN,number,1562870
EDUCATION,EDUCATION__FED_GOOGLE_POLADS_CREATIVE_STATS,SPEND_RANGE_MAX_RON,number,1562870
EDUCATION,EDUCATION__FED_GOOGLE_POLADS_CREATIVE_STATS,SPEND_RANGE_MAX_SEK,number,1562870
EDUCATION,EDUCATION__FED_GOOGLE_POLADS_CREATIVE_STATS,SPEND_RANGE_MAX_TWD,number,1562870
EDUCATION,EDUCATION__FED_GOOGLE_POLADS_CREATIVE_STATS,SPEND_RANGE_MAX_USD,number,1562870
EDUCATION,EDUCATION__FED_GOOGLE_POLADS_CREATIVE_STATS,SPEND_RANGE_MAX_ZAR,number,1562870
EDUCATION,EDUCATION__FED_GOOGLE_POLADS_CREATIVE_STATS,SPEND_RANGE_MIN_ARS,number,1562870
EDUCATION,EDUCATION__FED_GOOGLE_POLADS_CREATIVE_STATS,SPEND_RANGE_MIN_AUD,number,1562870
EDUCATION,EDUCATION__FED_GOOGLE_POLADS_CREATIVE_STATS,SPEND_RANGE_MIN_BGN,number,1562870
EDUCATION,EDUCATION__FED_GOOGLE_POLADS_CREATIVE_STATS,SPEND_RANGE_MIN_BRL,number,1562870
EDUCATION,EDUCATION__FED_GOOGLE_POLADS_CREATIVE_STATS,SPEND_RANGE_MIN_CLP,number,1562870
EDUCATION,EDUCATION__FED_GOOGLE_POLADS_CREATIVE_STATS,SPEND_RANGE_MIN_CZK,number,1562870
EDUCATION,EDUCATION__FED_GOOGLE_POLADS_CREATIVE_STATS,SPEND_RANGE_MIN_DKK,number,1562870
EDUCATION,EDUCATION__FED_GOOGLE_POLADS_CREATIVE_STATS,SPEND_RANGE_MIN_EUR,number,1562870
EDUCATION,EDUCATION__FED_GOOGLE_POLADS_CREATIVE_STATS,SPEND_RANGE_MIN_GBP,number,1562870
EDUCATION,EDUCATION__FED_GOOGLE_POLADS_CREATIVE_STATS,SPEND_RANGE_MIN_HUF,number,1562870
EDUCATION,EDUCATION__FED_GOOGLE_POLADS_CREATIVE_STATS,SPEND_RANGE_MIN_ILS,number,1562870
EDUCATION,EDUCATION__FED_GOOGLE_POLADS_CREATIVE_STATS,SPEND_RANGE_MIN_INR,number,1562870
EDUCATION,EDUCATION__FED_GOOGLE_POLADS_CREATIVE_STATS,SPEND_RANGE_MIN_MXN,number,1562870
EDUCATION,EDUCATION__FED_GOOGLE_POLADS_CREATIVE_STATS,SPEND_RANGE_MIN_NZD,number,1562870
EDUCATION,EDUCATION__FED_GOOGLE_POLADS_CREATIVE_STATS,SPEND_RANGE_MIN_PLN,number,1562870
EDUCATION,EDUCATION__FED_GOOGLE_POLADS_CREATIVE_STATS,SPEND_RANGE_MIN_RON,number,1562870
EDUCATION,EDUCATION__FED_GOOGLE_POLADS_CREATIVE_STATS,SPEND_RANGE_MIN_SEK,number,1562870
EDUCATION,EDUCATION__FED_GOOGLE_POLADS_CREATIVE_STATS,SPEND_RANGE_MIN_TWD,number,1562870
EDUCATION,EDUCATION__FED_GOOGLE_POLADS_CREATIVE_STATS,SPEND_RANGE_MIN_USD,number,1562870
EDUCATION,EDUCATION__FED_GOOGLE_POLADS_CREATIVE_STATS,SPEND_RANGE_MIN_ZAR,number,1562870
OPEN_DATA,OPEN_DATA__XC_WAYBACK_DOJ_EPSTEIN,CAPTURE_TIMESTAMP_RAW,date,1537352
HEALTH,HEALTH__FED_CMS_PART_D_PRESCRIBERS,BENE_AVG_AGE,number,1416883
HEALTH,HEALTH__FED_CMS_PART_D_PRESCRIBERS,BENE_AVG_RISK_SCRE,number,1416883
HEALTH,HEALTH__FED_CMS_PART_D_PRESCRIBERS,OPIOID_LA_PRSCRBR_RATE,number,1416883
HEALTH,HEALTH__FED_CMS_PART_D_PRESCRIBERS,OPIOID_PRSCRBR_RATE,number,1416883
HEALTH,HEALTH__FED_CMS_MEDICARE_PHYSICIAN_OTHER_PRACTITIONERS_BY_PROVIDER,BENE_AVG_AGE,number,1296739
HEALTH,HEALTH__FED_CMS_MEDICARE_PHYSICIAN_OTHER_PRACTITIONERS_BY_PROVIDER,BENE_AVG_RISK_SCRE,number,1296739
HEALTH,HEALTH__FED_CMS_MEDICARE_PROVIDER,BENE_AVG_AGE,number,1296739
HEALTH,HEALTH__FED_CMS_MEDICARE_PROVIDER,BENE_AVG_RISK_SCRE,number,1296739
JUSTICE,JUSTICE__INTL_OPENSANCTIONS_DEFAULT,BIRTH_DATE,date,1281846
JUSTICE,JUSTICE__INTL_OPENSANCTIONS_DEFAULT,COUNTRIES,number,1281846
ECONOMICS,ECONOMICS__FED_IRS_REVOCATION,REVOCATION_DATE,date,1187367
ECONOMICS,ECONOMICS__FED_IRS_REVOCATION,REVOCATION_POSTING_DATE,date,1187367
TRANSPORT,TRANSPORT__FED_FRA_CASUALTIES,INCIDENT_MONTH,date,1150788
ENVIRONMENT,ENVIRONMENT__FED_USCG_NRC_INCIDENTS,SRC_YEAR,date,1029020
JUSTICE,JUSTICE__FED_FJC_IDB_APPELLATE,TAPE_YEAR,date,988183
JUSTICE,JUSTICE__FED_FJC_IDB_APPELLATE,TERMINATION_OR_PROCEDURAL_SUBMISSION,date,988183
ECONOMICS,ECONOMICS__FED_SBA_PPP,BUSINESS_AGE,number,968524
LABOR,LABOR__FED_OSHA_ITA_CASE_DETAIL_2023,ANNUAL_AVERAGE_EMPLOYEES,number,890934
LABOR,LABOR__FED_OSHA_ITA_CASE_DETAIL_2023,NAICS_YEAR,date,890934
LABOR,LABOR__FED_OSHA_ITA_CASE_DETAIL_2023,TOTAL_HOURS_WORKED,number,890934
FINANCE,FINANCE__FED_FEC_COMMITTEE_TO_CANDIDATE,FILE_NUM,number,866730
FINANCE,FINANCE__FED_FEC_COMMITTEE_TO_CANDIDATE,IMAGE_NUM,number,866730
FINANCE,FINANCE__FED_FEC_COMMITTEE_TO_CANDIDATE,TRANSACTION_DT,date,866730
CORPORATE_REGISTRY,CORPORATE_REGISTRY__FED_ICIJ_OFFSHORELEAKS_ENTITIES,COUNTRIES,number,814344
CORPORATE_REGISTRY,CORPORATE_REGISTRY__FED_ICIJ_OFFSHORELEAKS_OFFICERS,COUNTRIES,number,771315
LABOR,LABOR__FED_OSHA_ITA_CASE_DETAIL_2024,ANNUAL_AVERAGE_EMPLOYEES,number,688649
LABOR,LABOR__FED_OSHA_ITA_CASE_DETAIL_2024,NAICS_YEAR,date,688649
LABOR,LABOR__FED_OSHA_ITA_CASE_DETAIL_2024,TOTAL_HOURS_WORKED,number,688649
IMMIGRATION,IMMIGRATION__FED_DOL_OFLC,CHANGE_PREVIOUS_EMPLOYMENT,number,664616
IMMIGRATION,IMMIGRATION__FED_DOL_OFLC,CONTINUED_EMPLOYMENT,number,664616
IMMIGRATION,IMMIGRATION__FED_DOL_OFLC,NEW_CONCURRENT_EMPLOYMENT,number,664616
IMMIGRATION,IMMIGRATION__FED_DOL_OFLC,NEW_EMPLOYMENT,number,664616
LABOR,LABOR__FED_DOL_OLMS,ASSETS_PLEDGED,number,617710
LABOR,LABOR__FED_DOL_OLMS,CONTINGENT_LIABILITIES,number,617710
LABOR,LABOR__FED_DOL_OLMS,HAS_LIQUIDATED_LIABILITIES,number,617710
EDUCATION,EDUCATION__FED_GOOGLE_POLADS_ADVERTISER_GEO_SPEND,SPEND_ARS,number,614078
EDUCATION,EDUCATION__FED_GOOGLE_POLADS_ADVERTISER_GEO_SPEND,SPEND_AUD,number,614078
EDUCATION,EDUCATION__FED_GOOGLE_POLADS_ADVERTISER_GEO_SPEND,SPEND_BGN,number,614078
EDUCATION,EDUCATION__FED_GOOGLE_POLADS_ADVERTISER_GEO_SPEND,SPEND_BRL,number,614078
EDUCATION,EDUCATION__FED_GOOGLE_POLADS_ADVERTISER_GEO_SPEND,SPEND_CLP,number,614078
EDUCATION,EDUCATION__FED_GOOGLE_POLADS_ADVERTISER_GEO_SPEND,SPEND_CZK,number,614078
EDUCATION,EDUCATION__FED_GOOGLE_POLADS_ADVERTISER_GEO_SPEND,SPEND_DKK,number,614078
EDUCATION,EDUCATION__FED_GOOGLE_POLADS_ADVERTISER_GEO_SPEND,SPEND_EUR,number,614078
EDUCATION,EDUCATION__FED_GOOGLE_POLADS_ADVERTISER_GEO_SPEND,SPEND_GBP,number,614078
EDUCATION,EDUCATION__FED_GOOGLE_POLADS_ADVERTISER_GEO_SPEND,SPEND_HUF,number,614078
EDUCATION,EDUCATION__FED_GOOGLE_POLADS_ADVERTISER_GEO_SPEND,SPEND_ILS,number,614078
EDUCATION,EDUCATION__FED_GOOGLE_POLADS_ADVERTISER_GEO_SPEND,SPEND_INR,number,614078
EDUCATION,EDUCATION__FED_GOOGLE_POLADS_ADVERTISER_GEO_SPEND,SPEND_MXN,number,614078
EDUCATION,EDUCATION__FED_GOOGLE_POLADS_ADVERTISER_GEO_SPEND,SPEND_NZD,number,614078
EDUCATION,EDUCATION__FED_GOOGLE_POLADS_ADVERTISER_GEO_SPEND,SPEND_PLN,number,614078
EDUCATION,EDUCATION__FED_GOOGLE_POLADS_ADVERTISER_GEO_SPEND,SPEND_RON,number,614078
EDUCATION,EDUCATION__FED_GOOGLE_POLADS_ADVERTISER_GEO_SPEND,SPEND_SEK,number,614078
EDUCATION,EDUCATION__FED_GOOGLE_POLADS_ADVERTISER_GEO_SPEND,SPEND_TWD,number,614078
EDUCATION,EDUCATION__FED_GOOGLE_POLADS_ADVERTISER_GEO_SPEND,SPEND_USD,number,614078
EDUCATION,EDUCATION__FED_GOOGLE_POLADS_ADVERTISER_GEO_SPEND,SPEND_ZAR,number,614078
IMMIGRATION,IMMIGRATION__FED_ICE_DETAINERS,IMMIGRATION_FRAUD_YES_NO,number,609769
IMMIGRATION,IMMIGRATION__FED_ICE_DETAINERS,MOST_SERIOUS_CONVICTION_CHARGE,number,609769
POLITICS,POLITICS__CA_LOBBY_COVER,REPORT_NUM,number,524828
HEALTH,HEALTH__FED_CMS_QUALITY_PAYMENT_PROGRAM_EXPERIENCE,ALLOWED_CHARGES,number,503917
HEALTH,HEALTH__FED_CMS_QUALITY_PAYMENT_PROGRAM_EXPERIENCE,COST_MEASURE_ID_10,number,503917
HEALTH,HEALTH__FED_CMS_QUALITY_PAYMENT_PROGRAM_EXPERIENCE,COST_MEASURE_ID_21,number,503917
HEALTH,HEALTH__FED_CMS_QUALITY_PAYMENT_PROGRAM_EXPERIENCE,COST_MEASURE_ID_22,number,503917
HEALTH,HEALTH__FED_CMS_QUALITY_PAYMENT_PROGRAM_EXPERIENCE,COST_MEASURE_ID_24,number,503917
HEALTH,HEALTH__FED_CMS_QUALITY_PAYMENT_PROGRAM_EXPERIENCE,COST_MEASURE_ID_4,number,503917
HEALTH,HEALTH__FED_CMS_QUALITY_PAYMENT_PROGRAM_EXPERIENCE,COST_MEASURE_ID_5,number,503917
HEALTH,HEALTH__FED_CMS_QUALITY_PAYMENT_PROGRAM_EXPERIENCE,FINAL_SCORE,number,503917
HEALTH,HEALTH__FED_CMS_QUALITY_PAYMENT_PROGRAM_EXPERIENCE,IA_MEASURE_SCORE_1,number,503917
HEALTH,HEALTH__FED_CMS_QUALITY_PAYMENT_PROGRAM_EXPERIENCE,IA_MEASURE_SCORE_2,number,503917
HEALTH,HEALTH__FED_CMS_QUALITY_PAYMENT_PROGRAM_EXPERIENCE,IA_MEASURE_SCORE_3,number,503917
HEALTH,HEALTH__FED_CMS_QUALITY_PAYMENT_PROGRAM_EXPERIENCE,IA_MEASURE_SCORE_4,number,503917
HEALTH,HEALTH__FED_CMS_QUALITY_PAYMENT_PROGRAM_EXPERIENCE,IMPROVEMENT_ACTIVITIES_IA_CATEGORY_SCORE,number,503917
HEALTH,HEALTH__FED_CMS_QUALITY_PAYMENT_PROGRAM_EXPERIENCE,IMPROVEMENT_ACTIVITIES_IA_CATEGORY_WEIGHT,number,503917
HEALTH,HEALTH__FED_CMS_QUALITY_PAYMENT_PROGRAM_EXPERIENCE,PI_MEASURE_SCORE_1,number,503917
HEALTH,HEALTH__FED_CMS_QUALITY_PAYMENT_PROGRAM_EXPERIENCE,PI_MEASURE_SCORE_10,number,503917
HEALTH,HEALTH__FED_CMS_QUALITY_PAYMENT_PROGRAM_EXPERIENCE,PI_MEASURE_SCORE_11,number,503917
HEALTH,HEALTH__FED_CMS_QUALITY_PAYMENT_PROGRAM_EXPERIENCE,PI_MEASURE_SCORE_12,number,503917
HEALTH,HEALTH__FED_CMS_QUALITY_PAYMENT_PROGRAM_EXPERIENCE,PI_MEASURE_SCORE_13,number,503917
HEALTH,HEALTH__FED_CMS_QUALITY_PAYMENT_PROGRAM_EXPERIENCE,PI_MEASURE_SCORE_14,number,503917
HEALTH,HEALTH__FED_CMS_QUALITY_PAYMENT_PROGRAM_EXPERIENCE,PI_MEASURE_SCORE_15,number,503917
HEALTH,HEALTH__FED_CMS_QUALITY_PAYMENT_PROGRAM_EXPERIENCE,PI_MEASURE_SCORE_16,number,503917
HEALTH,HEALTH__FED_CMS_QUALITY_PAYMENT_PROGRAM_EXPERIENCE,PI_MEASURE_SCORE_17,number,503917
HEALTH,HEALTH__FED_CMS_QUALITY_PAYMENT_PROGRAM_EXPERIENCE,PI_MEASURE_SCORE_18,number,503917
HEALTH,HEALTH__FED_CMS_QUALITY_PAYMENT_PROGRAM_EXPERIENCE,PI_MEASURE_SCORE_19,number,503917
HEALTH,HEALTH__FED_CMS_QUALITY_PAYMENT_PROGRAM_EXPERIENCE,PI_MEASURE_SCORE_2,number,503917
HEALTH,HEALTH__FED_CMS_QUALITY_PAYMENT_PROGRAM_EXPERIENCE,PI_MEASURE_SCORE_20,number,503917
HEALTH,HEALTH__FED_CMS_QUALITY_PAYMENT_PROGRAM_EXPERIENCE,PI_MEASURE_SCORE_3,number,503917
HEALTH,HEALTH__FED_CMS_QUALITY_PAYMENT_PROGRAM_EXPERIENCE,PI_MEASURE_SCORE_4,number,503917
HEALTH,HEALTH__FED_CMS_QUALITY_PAYMENT_PROGRAM_EXPERIENCE,PI_MEASURE_SCORE_5,number,503917
HEALTH,HEALTH__FED_CMS_QUALITY_PAYMENT_PROGRAM_EXPERIENCE,PI_MEASURE_SCORE_6,number,503917
HEALTH,HEALTH__FED_CMS_QUALITY_PAYMENT_PROGRAM_EXPERIENCE,PI_MEASURE_SCORE_7,number,503917
HEALTH,HEALTH__FED_CMS_QUALITY_PAYMENT_PROGRAM_EXPERIENCE,PI_MEASURE_SCORE_8,number,503917
HEALTH,HEALTH__FED_CMS_QUALITY_PAYMENT_PROGRAM_EXPERIENCE,PI_MEASURE_SCORE_9,number,503917
HEALTH,HEALTH__FED_CMS_QUALITY_PAYMENT_PROGRAM_EXPERIENCE,PROMOTING_INTEROPERABILITY_PI_CATEGORY_SCORE,number,503917
HEALTH,HEALTH__FED_CMS_QUALITY_PAYMENT_PROGRAM_EXPERIENCE,PROMOTING_INTEROPERABILITY_PI_CATEGORY_WEIGHT,number,503917
HEALTH,HEALTH__FED_CMS_QUALITY_PAYMENT_PROGRAM_EXPERIENCE,QUALITY_CATEGORY_SCORE,number,503917
HEALTH,HEALTH__FED_CMS_QUALITY_PAYMENT_PROGRAM_EXPERIENCE,QUALITY_CATEGORY_WEIGHT,number,503917
HEALTH,HEALTH__FED_CMS_QUALITY_PAYMENT_PROGRAM_EXPERIENCE,QUALITY_IMPROVEMENT_SCORE,number,503917
HEALTH,HEALTH__FED_CMS_QUALITY_PAYMENT_PROGRAM_EXPERIENCE,QUALITY_MEASURE_SCORE_1,number,503917
HEALTH,HEALTH__FED_CMS_QUALITY_PAYMENT_PROGRAM_EXPERIENCE,QUALITY_MEASURE_SCORE_10,number,503917
HEALTH,HEALTH__FED_CMS_QUALITY_PAYMENT_PROGRAM_EXPERIENCE,QUALITY_MEASURE_SCORE_11,number,503917
HEALTH,HEALTH__FED_CMS_QUALITY_PAYMENT_PROGRAM_EXPERIENCE,QUALITY_MEASURE_SCORE_2,number,503917
HEALTH,HEALTH__FED_CMS_QUALITY_PAYMENT_PROGRAM_EXPERIENCE,QUALITY_MEASURE_SCORE_3,number,503917
HEALTH,HEALTH__FED_CMS_QUALITY_PAYMENT_PROGRAM_EXPERIENCE,QUALITY_MEASURE_SCORE_4,number,503917
HEALTH,HEALTH__FED_CMS_QUALITY_PAYMENT_PROGRAM_EXPERIENCE,QUALITY_MEASURE_SCORE_5,number,503917
HEALTH,HEALTH__FED_CMS_QUALITY_PAYMENT_PROGRAM_EXPERIENCE,QUALITY_MEASURE_SCORE_6,number,503917
HEALTH,HEALTH__FED_CMS_QUALITY_PAYMENT_PROGRAM_EXPERIENCE,QUALITY_MEASURE_SCORE_7,number,503917
HEALTH,HEALTH__FED_CMS_QUALITY_PAYMENT_PROGRAM_EXPERIENCE,QUALITY_MEASURE_SCORE_8,number,503917
HEALTH,HEALTH__FED_CMS_QUALITY_PAYMENT_PROGRAM_EXPERIENCE,QUALITY_MEASURE_SCORE_9,number,503917
HEALTH,HEALTH__FED_CMS_QUALITY_PAYMENT_PROGRAM_EXPERIENCE,RECEIVED_FACILITY_SCORE,number,503917
ECONOMICS,ECONOMICS__INTL_GLEIF_RELATIONSHIPS,REGISTRATION_MANAGINGLOU,number,484142
ECONOMICS,ECONOMICS__INTL_GLEIF_RELATIONSHIPS,REGISTRATION_VALIDATIONDOCUMENTS,number,484142
ECONOMICS,ECONOMICS__INTL_GLEIF_RELATIONSHIPS,REGISTRATION_VALIDATIONREFERENCE,number,484142
ECONOMICS,ECONOMICS__FED_TREASURY_DTS_DEPOSITS,RECORD_CALENDAR_MONTH,date,478149
ECONOMICS,ECONOMICS__FED_TREASURY_DTS_DEPOSITS,RECORD_CALENDAR_YEAR,date,478149
ECONOMICS,ECONOMICS__FED_TREASURY_DTS_DEPOSITS,RECORD_FISCAL_YEAR,date,478149
POLITICS,POLITICS__ST_NYC_CFB_CAMPAIGN_2021_CONTRIBUTIONS,PAYMENT_METHOD,number,457521
ECONOMICS,ECONOMICS__FED_FAC_SINGLE_AUDIT,AUDIT_YEAR,date,411638
CORPORATE_REGISTRY,CORPORATE_REGISTRY__FED_ICIJ_OFFSHORELEAKS_ADDRESSES,COUNTRIES,number,402246
LABOR,LABOR__FED_OSHA_ITA_300A_SUMMARY_2024,ANNUAL_AVERAGE_EMPLOYEES,number,398620
LABOR,LABOR__FED_OSHA_ITA_300A_SUMMARY_2024,NAICS_YEAR,date,398620
LABOR,LABOR__FED_OSHA_ITA_300A_SUMMARY_2024,TOTAL_DAFW_CASES,number,398620
LABOR,LABOR__FED_OSHA_ITA_300A_SUMMARY_2024,TOTAL_DAFW_DAYS,number,398620
LABOR,LABOR__FED_OSHA_ITA_300A_SUMMARY_2024,TOTAL_DJTR_CASES,number,398620
LABOR,LABOR__FED_OSHA_ITA_300A_SUMMARY_2024,TOTAL_DJTR_DAYS,number,398620
LABOR,LABOR__FED_OSHA_ITA_300A_SUMMARY_2024,TOTAL_HEARING_LOSS,number,398620
LABOR,LABOR__FED_OSHA_ITA_300A_SUMMARY_2024,TOTAL_HOURS_WORKED,number,398620
LABOR,LABOR__FED_OSHA_ITA_300A_SUMMARY_2024,TOTAL_INJURIES,number,398620
LABOR,LABOR__FED_OSHA_ITA_300A_SUMMARY_2024,TOTAL_OTHER_CASES,number,398620
LABOR,LABOR__FED_OSHA_ITA_300A_SUMMARY_2024,TOTAL_OTHER_ILLNESSES,number,398620
LABOR,LABOR__FED_OSHA_ITA_300A_SUMMARY_2024,TOTAL_POISONINGS,number,398620
LABOR,LABOR__FED_OSHA_ITA_300A_SUMMARY_2024,TOTAL_RESPIRATORY_CONDITIONS,number,398620
LABOR,LABOR__FED_OSHA_ITA_300A_SUMMARY_2024,TOTAL_SKIN_DISORDERS,number,398620
LABOR,LABOR__FED_OSHA_ITA_300A_SUMMARY_2023,ANNUAL_AVERAGE_EMPLOYEES,number,394234
LABOR,LABOR__FED_OSHA_ITA_300A_SUMMARY_2023,NAICS_YEAR,date,394234
LABOR,LABOR__FED_OSHA_ITA_300A_SUMMARY_2023,TOTAL_DAFW_CASES,number,394234
LABOR,LABOR__FED_OSHA_ITA_300A_SUMMARY_2023,TOTAL_DAFW_DAYS,number,394234
LABOR,LABOR__FED_OSHA_ITA_300A_SUMMARY_2023,TOTAL_DJTR_CASES,number,394234
LABOR,LABOR__FED_OSHA_ITA_300A_SUMMARY_2023,TOTAL_DJTR_DAYS,number,394234
LABOR,LABOR__FED_OSHA_ITA_300A_SUMMARY_2023,TOTAL_HEARING_LOSS,number,394234
LABOR,LABOR__FED_OSHA_ITA_300A_SUMMARY_2023,TOTAL_HOURS_WORKED,number,394234
LABOR,LABOR__FED_OSHA_ITA_300A_SUMMARY_2023,TOTAL_INJURIES,number,394234
LABOR,LABOR__FED_OSHA_ITA_300A_SUMMARY_2023,TOTAL_OTHER_CASES,number,394234
LABOR,LABOR__FED_OSHA_ITA_300A_SUMMARY_2023,TOTAL_OTHER_ILLNESSES,number,394234
LABOR,LABOR__FED_OSHA_ITA_300A_SUMMARY_2023,TOTAL_POISONINGS,number,394234
LABOR,LABOR__FED_OSHA_ITA_300A_SUMMARY_2023,TOTAL_RESPIRATORY_CONDITIONS,number,394234
LABOR,LABOR__FED_OSHA_ITA_300A_SUMMARY_2023,TOTAL_SKIN_DISORDERS,number,394234
JUSTICE,JUSTICE__INTL_UCDP_GED,ACTIVE_YEAR,date,385918
LABOR,LABOR__FED_OSHA_ITA_300A_SUMMARY_2025,ANNUAL_AVERAGE_EMPLOYEES,number,383283
LABOR,LABOR__FED_OSHA_ITA_300A_SUMMARY_2025,NAICS_YEAR,date,383283
LABOR,LABOR__FED_OSHA_ITA_300A_SUMMARY_2025,TOTAL_DAFW_CASES,number,383283
LABOR,LABOR__FED_OSHA_ITA_300A_SUMMARY_2025,TOTAL_DAFW_DAYS,number,383283
LABOR,LABOR__FED_OSHA_ITA_300A_SUMMARY_2025,TOTAL_DJTR_CASES,number,383283
LABOR,LABOR__FED_OSHA_ITA_300A_SUMMARY_2025,TOTAL_DJTR_DAYS,number,383283
LABOR,LABOR__FED_OSHA_ITA_300A_SUMMARY_2025,TOTAL_HEARING_LOSS,number,383283
LABOR,LABOR__FED_OSHA_ITA_300A_SUMMARY_2025,TOTAL_HOURS_WORKED,number,383283
LABOR,LABOR__FED_OSHA_ITA_300A_SUMMARY_2025,TOTAL_INJURIES,number,383283
LABOR,LABOR__FED_OSHA_ITA_300A_SUMMARY_2025,TOTAL_OTHER_CASES,number,383283
LABOR,LABOR__FED_OSHA_ITA_300A_SUMMARY_2025,TOTAL_OTHER_ILLNESSES,number,383283
LABOR,LABOR__FED_OSHA_ITA_300A_SUMMARY_2025,TOTAL_POISONINGS,number,383283
LABOR,LABOR__FED_OSHA_ITA_300A_SUMMARY_2025,TOTAL_RESPIRATORY_CONDITIONS,number,383283
LABOR,LABOR__FED_OSHA_ITA_300A_SUMMARY_2025,TOTAL_SKIN_DISORDERS,number,383283
HEALTH,HEALTH__FED_CMS_MEDICARE_DURABLE_MEDICAL_EQUIPMENT_DEVICES_SUPPLIES_BY_REFER,BENE_AVG_AGE,number,381228
HEALTH,HEALTH__FED_CMS_MEDICARE_DURABLE_MEDICAL_EQUIPMENT_DEVICES_SUPPLIES_BY_REFER,BENE_AVG_RISK_SCRE,number,381228
FINANCE,FINANCE__FED_SEC_13F_SUBMISSIONS,FILING_DATE,date,336124
LABOR,LABOR__FED_OSHA_ITA_CASE_DETAIL_2025,ANNUAL_AVERAGE_EMPLOYEES,number,330447
LABOR,LABOR__FED_OSHA_ITA_CASE_DETAIL_2025,NAICS_YEAR,date,330447
LABOR,LABOR__FED_OSHA_ITA_CASE_DETAIL_2025,TOTAL_HOURS_WORKED,number,330447
EDUCATION,EDUCATION__FED_GOOGLE_POLADS_ADVERTISER_WEEKLY_SPEND,SPEND_ARS,number,298884
EDUCATION,EDUCATION__FED_GOOGLE_POLADS_ADVERTISER_WEEKLY_SPEND,SPEND_AUD,number,298884
EDUCATION,EDUCATION__FED_GOOGLE_POLADS_ADVERTISER_WEEKLY_SPEND,SPEND_BGN,number,298884
EDUCATION,EDUCATION__FED_GOOGLE_POLADS_ADVERTISER_WEEKLY_SPEND,SPEND_BRL,number,298884
EDUCATION,EDUCATION__FED_GOOGLE_POLADS_ADVERTISER_WEEKLY_SPEND,SPEND_CLP,number,298884
EDUCATION,EDUCATION__FED_GOOGLE_POLADS_ADVERTISER_WEEKLY_SPEND,SPEND_CZK,number,298884
EDUCATION,EDUCATION__FED_GOOGLE_POLADS_ADVERTISER_WEEKLY_SPEND,SPEND_DKK,number,298884
EDUCATION,EDUCATION__FED_GOOGLE_POLADS_ADVERTISER_WEEKLY_SPEND,SPEND_EUR,number,298884
EDUCATION,EDUCATION__FED_GOOGLE_POLADS_ADVERTISER_WEEKLY_SPEND,SPEND_GBP,number,298884
EDUCATION,EDUCATION__FED_GOOGLE_POLADS_ADVERTISER_WEEKLY_SPEND,SPEND_HUF,number,298884
EDUCATION,EDUCATION__FED_GOOGLE_POLADS_ADVERTISER_WEEKLY_SPEND,SPEND_ILS,number,298884
EDUCATION,EDUCATION__FED_GOOGLE_POLADS_ADVERTISER_WEEKLY_SPEND,SPEND_INR,number,298884
EDUCATION,EDUCATION__FED_GOOGLE_POLADS_ADVERTISER_WEEKLY_SPEND,SPEND_MXN,number,298884
EDUCATION,EDUCATION__FED_GOOGLE_POLADS_ADVERTISER_WEEKLY_SPEND,SPEND_NZD,number,298884
EDUCATION,EDUCATION__FED_GOOGLE_POLADS_ADVERTISER_WEEKLY_SPEND,SPEND_PLN,number,298884
EDUCATION,EDUCATION__FED_GOOGLE_POLADS_ADVERTISER_WEEKLY_SPEND,SPEND_RON,number,298884
EDUCATION,EDUCATION__FED_GOOGLE_POLADS_ADVERTISER_WEEKLY_SPEND,SPEND_SEK,number,298884
EDUCATION,EDUCATION__FED_GOOGLE_POLADS_ADVERTISER_WEEKLY_SPEND,SPEND_TWD,number,298884
EDUCATION,EDUCATION__FED_GOOGLE_POLADS_ADVERTISER_WEEKLY_SPEND,SPEND_USD,number,298884
EDUCATION,EDUCATION__FED_GOOGLE_POLADS_ADVERTISER_WEEKLY_SPEND,SPEND_ZAR,number,298884
EDUCATION,EDUCATION__FED_CFTC_COT_FUTURES,CHANGE_IN_TOTAL_REPORTABLE_LONG_ALL,number,287053
EDUCATION,EDUCATION__FED_CFTC_COT_FUTURES,CHANGE_IN_TOTAL_REPORTABLE_SHORT_ALL,number,287053
EDUCATION,EDUCATION__FED_CFTC_COT_FUTURES,OF_OI_TOTAL_REPORTABLE_LONG_ALL,number,287053
EDUCATION,EDUCATION__FED_CFTC_COT_FUTURES,OF_OI_TOTAL_REPORTABLE_LONG_OLD,number,287053
EDUCATION,EDUCATION__FED_CFTC_COT_FUTURES,OF_OI_TOTAL_REPORTABLE_LONG_OTHER,number,287053
EDUCATION,EDUCATION__FED_CFTC_COT_FUTURES,OF_OI_TOTAL_REPORTABLE_SHORT_ALL,number,287053
EDUCATION,EDUCATION__FED_CFTC_COT_FUTURES,OF_OI_TOTAL_REPORTABLE_SHORT_OLD,number,287053
EDUCATION,EDUCATION__FED_CFTC_COT_FUTURES,OF_OI_TOTAL_REPORTABLE_SHORT_OTHER,number,287053
EDUCATION,EDUCATION__FED_CFTC_COT_FUTURES,TOTAL_REPORTABLE_POSITIONS_LONG_ALL,number,287053
EDUCATION,EDUCATION__FED_CFTC_COT_FUTURES,TOTAL_REPORTABLE_POSITIONS_LONG_OLD,number,287053
EDUCATION,EDUCATION__FED_CFTC_COT_FUTURES,TOTAL_REPORTABLE_POSITIONS_LONG_OTHER,number,287053
EDUCATION,EDUCATION__FED_CFTC_COT_FUTURES,TOTAL_REPORTABLE_POSITIONS_SHORT_ALL,number,287053
EDUCATION,EDUCATION__FED_CFTC_COT_FUTURES,TOTAL_REPORTABLE_POSITIONS_SHORT_OLD,number,287053
EDUCATION,EDUCATION__FED_CFTC_COT_FUTURES,TOTAL_REPORTABLE_POSITIONS_SHORT_OTHER,number,287053
EDUCATION,EDUCATION__FED_CFTC_COT_FUTURES,TRADERS_TOTAL_ALL,number,287053
EDUCATION,EDUCATION__FED_CFTC_COT_FUTURES,TRADERS_TOTAL_OLD,number,287053
EDUCATION,EDUCATION__FED_CFTC_COT_FUTURES,TRADERS_TOTAL_OTHER,number,287053
EDUCATION,EDUCATION__FED_CFTC_COT_FUTURES,TRADERS_TOTAL_REPORTABLE_LONG_ALL,number,287053
EDUCATION,EDUCATION__FED_CFTC_COT_FUTURES,TRADERS_TOTAL_REPORTABLE_LONG_OLD,number,287053
EDUCATION,EDUCATION__FED_CFTC_COT_FUTURES,TRADERS_TOTAL_REPORTABLE_LONG_OTHER,number,287053
EDUCATION,EDUCATION__FED_CFTC_COT_FUTURES,TRADERS_TOTAL_REPORTABLE_SHORT_ALL,number,287053
EDUCATION,EDUCATION__FED_CFTC_COT_FUTURES,TRADERS_TOTAL_REPORTABLE_SHORT_OLD,number,287053
EDUCATION,EDUCATION__FED_CFTC_COT_FUTURES,TRADERS_TOTAL_REPORTABLE_SHORT_OTHER,number,287053
POLITICS,POLITICS__TX_LOBBY_COVER,APPLICABLE_YEAR,date,283803
POLITICS,POLITICS__TX_LOBBY_COVER,TOTAL_EXPEND_AWARD,number,283803
POLITICS,POLITICS__TX_LOBBY_COVER,TOTAL_EXPEND_ENTERTAINMENT,number,283803
POLITICS,POLITICS__TX_LOBBY_COVER,TOTAL_EXPEND_EVENT,number,283803
POLITICS,POLITICS__TX_LOBBY_COVER,TOTAL_EXPEND_FOOD,number,283803
POLITICS,POLITICS__TX_LOBBY_COVER,TOTAL_EXPEND_GIFT,number,283803
POLITICS,POLITICS__TX_LOBBY_COVER,TOTAL_EXPEND_MEDIA,number,283803
POLITICS,POLITICS__TX_LOBBY_COVER,TOTAL_EXPEND_TRANSPORTATION,number,283803
HEALTH,HEALTH__FED_FDA_ESTABLISHMENT_REG,REGISTRATION_NUMBER,number,263374
HEALTH,HEALTH__FED_FDA_ESTABLISHMENT_REG,REG_EXPIRY_DATE_YEAR,date,263374
FINANCE,FINANCE__FED_FEC_INDEPENDENT_EXPENDITURES,DISSEM_DT,date,261033
FINANCE,FINANCE__FED_FEC_INDEPENDENT_EXPENDITURES,EXP_DATE,date,261033
FINANCE,FINANCE__FED_FEC_INDEPENDENT_EXPENDITURES,FILE_NUM,number,261033
FINANCE,FINANCE__FED_FEC_INDEPENDENT_EXPENDITURES,IMAGE_NUM,number,261033
FINANCE,FINANCE__FED_FEC_INDEPENDENT_EXPENDITURES,PREV_FILE_NUM,number,261033
POLITICS,POLITICS__ST_NYC_CFB_CAMPAIGN_2025_CONTRIBUTIONS,PAYMENT_METHOD,number,259537
TRANSPORT,TRANSPORT__FED_FRA_CROSSING_INCIDENTS,HAZMAT_RELEASED_QUANTITY,number,251149
TRANSPORT,TRANSPORT__FED_FRA_CROSSING_INCIDENTS,INCIDENT_MONTH,date,251149
TRANSPORT,TRANSPORT__FED_FRA_CROSSING_INCIDENTS,INCIDENT_YEAR,date,251149
TRANSPORT,TRANSPORT__FED_FRA_CROSSING_INCIDENTS,MAINTENANCE_INCIDENT_MONTH,date,251149
TRANSPORT,TRANSPORT__FED_FRA_CROSSING_INCIDENTS,MAINTENANCE_INCIDENT_YEAR,date,251149
TRANSPORT,TRANSPORT__FED_FRA_CROSSING_INCIDENTS,NUMBER_OF_CARS,number,251149
TRANSPORT,TRANSPORT__FED_FRA_CROSSING_INCIDENTS,NUMBER_OF_LOCOMOTIVE_UNITS,number,251149
TRANSPORT,TRANSPORT__FED_FRA_CROSSING_INCIDENTS,OTHER_INCIDENT_MONTH,date,251149
TRANSPORT,TRANSPORT__FED_FRA_CROSSING_INCIDENTS,OTHER_INCIDENT_YEAR,date,251149
TRANSPORT,TRANSPORT__FED_FRA_CROSSING_INCIDENTS,REPORT_YEAR,date,251149
CONSUMER_SAFETY,CONSUMER_SAFETY__FED_NHTSA_RECALLS,MODEL_YEAR,date,242993
TRANSPORT,TRANSPORT__FED_FRA_EQUIPMENT_ACCIDENTS,ACCIDENT_MONTH,date,224941
TRANSPORT,TRANSPORT__FED_FRA_EQUIPMENT_ACCIDENTS,ACCIDENT_YEAR,date,224941
TRANSPORT,TRANSPORT__FED_FRA_EQUIPMENT_ACCIDENTS,MAINTENANCE_ACCIDENT_MONTH,date,224941
TRANSPORT,TRANSPORT__FED_FRA_EQUIPMENT_ACCIDENTS,MAINTENANCE_ACCIDENT_YEAR,date,224941
TRANSPORT,TRANSPORT__FED_FRA_EQUIPMENT_ACCIDENTS,METHOD_OF_OPERATION,number,224941
TRANSPORT,TRANSPORT__FED_FRA_EQUIPMENT_ACCIDENTS,OTHER_ACCIDENT_MONTH,date,224941
TRANSPORT,TRANSPORT__FED_FRA_EQUIPMENT_ACCIDENTS,OTHER_ACCIDENT_YEAR,date,224941
TRANSPORT,TRANSPORT__FED_FRA_EQUIPMENT_ACCIDENTS,TOTAL_INJURED_FORM_54,number,224941
TRANSPORT,TRANSPORT__FED_FRA_EQUIPMENT_ACCIDENTS,TOTAL_KILLED_FORM_54,number,224941
TRANSPORT,TRANSPORT__FED_FRA_EQUIPMENT_ACCIDENTS,YEAR,date,224941
POLITICS,POLITICS__ST_NYC_CFB_CAMPAIGN_2013_CONTRIBUTION,PAYMENT_METHOD,number,197968
POLITICS,POLITICS__ST_NYC_CFB_CAMPAIGN_2001_CONTRIBUTION,PAYMENT_METHOD,number,193741
FINANCE,FINANCE__FED_IRS_SOI,TAX_YEAR,date,179796
EDUCATION,EDUCATION__FED_SENATE_LDA_FILINGS,FILING_YEAR,date,174871
PROCUREMENT,PROCUREMENT__FED_SAM_EXCLUSIONS,TERMINATION_DATE_RAW,date,167928
FINANCE,FINANCE__FED_PCAOB_FORM_AP_FILINGS,AUDIT_DUAL_DATE,date,155384
FINANCE,FINANCE__FED_PCAOB_FORM_AP_FILINGS,AUDIT_NOT_DIVIDED_PERCENT_INFORMATION,number,155384
FINANCE,FINANCE__FED_PCAOB_FORM_AP_FILINGS,PARTICIPANT_PERCENTAGE,number,155384
CONSUMER_SAFETY,CONSUMER_SAFETY__FED_NHTSA_INVESTIGATIONS,MODEL_YEAR,date,154209
POLITICS,POLITICS__ST_NYC_CFB_CAMPAIGN_2009_CONTRIBUTION,PAYMENT_METHOD,number,146112
ECONOMICS,ECONOMICS__FED_PBGC_DATA,DATA_YEAR,date,134534
JUSTICE,JUSTICE__XC_VERA_INCARCERATION_TRENDS,AAPI_FEMALE_PRISON_ADMITS_RATE,number,128507
JUSTICE,JUSTICE__XC_VERA_INCARCERATION_TRENDS,AAPI_FEMALE_PRISON_POP_RATE,number,128507
JUSTICE,JUSTICE__XC_VERA_INCARCERATION_TRENDS,AAPI_JAIL_POP_RATE,number,128507
JUSTICE,JUSTICE__XC_VERA_INCARCERATION_TRENDS,AAPI_MALE_PRISON_ADMITS_RATE,number,128507
JUSTICE,JUSTICE__XC_VERA_INCARCERATION_TRENDS,AAPI_MALE_PRISON_POP_RATE,number,128507
JUSTICE,JUSTICE__XC_VERA_INCARCERATION_TRENDS,AAPI_PRISON_ADMITS_RATE,number,128507
JUSTICE,JUSTICE__XC_VERA_INCARCERATION_TRENDS,AAPI_PRISON_POP_RATE,number,128507
JUSTICE,JUSTICE__XC_VERA_INCARCERATION_TRENDS,BLACK_FEMALE_PRISON_ADMITS_RATE,number,128507
JUSTICE,JUSTICE__XC_VERA_INCARCERATION_TRENDS,BLACK_FEMALE_PRISON_POP_RATE,number,128507
JUSTICE,JUSTICE__XC_VERA_INCARCERATION_TRENDS,BLACK_JAIL_POP_RATE,number,128507
JUSTICE,JUSTICE__XC_VERA_INCARCERATION_TRENDS,BLACK_MALE_PRISON_ADMITS_RATE,number,128507
JUSTICE,JUSTICE__XC_VERA_INCARCERATION_TRENDS,BLACK_MALE_PRISON_POP_RATE,number,128507
JUSTICE,JUSTICE__XC_VERA_INCARCERATION_TRENDS,BLACK_PRISON_ADMITS_RATE,number,128507
JUSTICE,JUSTICE__XC_VERA_INCARCERATION_TRENDS,BLACK_PRISON_POP_RATE,number,128507
JUSTICE,JUSTICE__XC_VERA_INCARCERATION_TRENDS,FEMALE_JAIL_ADMITS_RATE,number,128507
JUSTICE,JUSTICE__XC_VERA_INCARCERATION_TRENDS,FEMALE_JAIL_DISCHARGES,number,128507
JUSTICE,JUSTICE__XC_VERA_INCARCERATION_TRENDS,FEMALE_JAIL_DISCHARGES_RATE,number,128507
JUSTICE,JUSTICE__XC_VERA_INCARCERATION_TRENDS,FEMALE_JAIL_POP_RATE,number,128507
JUSTICE,JUSTICE__XC_VERA_INCARCERATION_TRENDS,FEMALE_PRISON_ADMITS_RATE,number,128507
JUSTICE,JUSTICE__XC_VERA_INCARCERATION_TRENDS,FEMALE_PRISON_POP_RATE,number,128507
JUSTICE,JUSTICE__XC_VERA_INCARCERATION_TRENDS,LAND_AREA,number,128507
JUSTICE,JUSTICE__XC_VERA_INCARCERATION_TRENDS,LATINX_FEMALE_PRISON_ADMITS_RATE,number,128507
JUSTICE,JUSTICE__XC_VERA_INCARCERATION_TRENDS,LATINX_FEMALE_PRISON_POP_RATE,number,128507
JUSTICE,JUSTICE__XC_VERA_INCARCERATION_TRENDS,LATINX_JAIL_POP_RATE,number,128507
JUSTICE,JUSTICE__XC_VERA_INCARCERATION_TRENDS,LATINX_MALE_PRISON_ADMITS_RATE,number,128507
JUSTICE,JUSTICE__XC_VERA_INCARCERATION_TRENDS,LATINX_MALE_PRISON_POP_RATE,number,128507
JUSTICE,JUSTICE__XC_VERA_INCARCERATION_TRENDS,LATINX_PRISON_ADMITS_RATE,number,128507
JUSTICE,JUSTICE__XC_VERA_INCARCERATION_TRENDS,LATINX_PRISON_POP_RATE,number,128507
JUSTICE,JUSTICE__XC_VERA_INCARCERATION_TRENDS,MALE_JAIL_ADMITS_RATE,number,128507
JUSTICE,JUSTICE__XC_VERA_INCARCERATION_TRENDS,MALE_JAIL_DISCHARGES,number,128507
JUSTICE,JUSTICE__XC_VERA_INCARCERATION_TRENDS,MALE_JAIL_DISCHARGES_RATE,number,128507
JUSTICE,JUSTICE__XC_VERA_INCARCERATION_TRENDS,MALE_JAIL_POP_RATE,number,128507
JUSTICE,JUSTICE__XC_VERA_INCARCERATION_TRENDS,MALE_PRISON_ADMITS_RATE,number,128507
JUSTICE,JUSTICE__XC_VERA_INCARCERATION_TRENDS,MALE_PRISON_POP_RATE,number,128507
JUSTICE,JUSTICE__XC_VERA_INCARCERATION_TRENDS,METRO_AREA,number,128507
JUSTICE,JUSTICE__XC_VERA_INCARCERATION_TRENDS,NATIVE_FEMALE_PRISON_ADMITS_RATE,number,128507
JUSTICE,JUSTICE__XC_VERA_INCARCERATION_TRENDS,NATIVE_FEMALE_PRISON_POP_RATE,number,128507
JUSTICE,JUSTICE__XC_VERA_INCARCERATION_TRENDS,NATIVE_JAIL_POP_RATE,number,128507
JUSTICE,JUSTICE__XC_VERA_INCARCERATION_TRENDS,NATIVE_MALE_PRISON_ADMITS_RATE,number,128507
JUSTICE,JUSTICE__XC_VERA_INCARCERATION_TRENDS,NATIVE_MALE_PRISON_POP_RATE,number,128507
JUSTICE,JUSTICE__XC_VERA_INCARCERATION_TRENDS,NATIVE_PRISON_ADMITS_RATE,number,128507
JUSTICE,JUSTICE__XC_VERA_INCARCERATION_TRENDS,NATIVE_PRISON_POP_RATE,number,128507
JUSTICE,JUSTICE__XC_VERA_INCARCERATION_TRENDS,TOTAL_CONTRACTED_IN,number,128507
JUSTICE,JUSTICE__XC_VERA_INCARCERATION_TRENDS,TOTAL_CONTRACTED_OUT,number,128507
JUSTICE,JUSTICE__XC_VERA_INCARCERATION_TRENDS,TOTAL_INCARCERATION,number,128507
JUSTICE,JUSTICE__XC_VERA_INCARCERATION_TRENDS,TOTAL_INCARCERATION_RATE,number,128507
JUSTICE,JUSTICE__XC_VERA_INCARCERATION_TRENDS,TOTAL_JAIL_ADMITS,number,128507
JUSTICE,JUSTICE__XC_VERA_INCARCERATION_TRENDS,TOTAL_JAIL_ADMITS_RATE,number,128507
JUSTICE,JUSTICE__XC_VERA_INCARCERATION_TRENDS,TOTAL_JAIL_DISCHARGES,number,128507
JUSTICE,JUSTICE__XC_VERA_INCARCERATION_TRENDS,TOTAL_JAIL_DISCHARGES_RATE,number,128507
JUSTICE,JUSTICE__XC_VERA_INCARCERATION_TRENDS,TOTAL_JAIL_FROM_BIA,number,128507
JUSTICE,JUSTICE__XC_VERA_INCARCERATION_TRENDS,TOTAL_JAIL_FROM_BOP,number,128507
JUSTICE,JUSTICE__XC_VERA_INCARCERATION_TRENDS,TOTAL_JAIL_FROM_FED,number,128507
JUSTICE,JUSTICE__XC_VERA_INCARCERATION_TRENDS,TOTAL_JAIL_FROM_ICE,number,128507
JUSTICE,JUSTICE__XC_VERA_INCARCERATION_TRENDS,TOTAL_JAIL_FROM_MARSHALS,number,128507
JUSTICE,JUSTICE__XC_VERA_INCARCERATION_TRENDS,TOTAL_JAIL_FROM_OTHER_FED,number,128507
JUSTICE,JUSTICE__XC_VERA_INCARCERATION_TRENDS,TOTAL_JAIL_FROM_OTHER_JAIL,number,128507
JUSTICE,JUSTICE__XC_VERA_INCARCERATION_TRENDS,TOTAL_JAIL_FROM_PRISON,number,128507
JUSTICE,JUSTICE__XC_VERA_INCARCERATION_TRENDS,TOTAL_JAIL_POP,number,128507
JUSTICE,JUSTICE__XC_VERA_INCARCERATION_TRENDS,TOTAL_JAIL_POP_RATE,number,128507
JUSTICE,JUSTICE__XC_VERA_INCARCERATION_TRENDS,TOTAL_POP_15TO64,number,128507
JUSTICE,JUSTICE__XC_VERA_INCARCERATION_TRENDS,TOTAL_PRETRIAL_CUSTODY,number,128507
JUSTICE,JUSTICE__XC_VERA_INCARCERATION_TRENDS,TOTAL_PRETRIAL_CUSTODY_RATE,number,128507
JUSTICE,JUSTICE__XC_VERA_INCARCERATION_TRENDS,TOTAL_PRETRIAL_JURIS,number,128507
JUSTICE,JUSTICE__XC_VERA_INCARCERATION_TRENDS,TOTAL_PRISON_ADMITS,number,128507
JUSTICE,JUSTICE__XC_VERA_INCARCERATION_TRENDS,TOTAL_PRISON_ADMITS_RATE,number,128507
JUSTICE,JUSTICE__XC_VERA_INCARCERATION_TRENDS,TOTAL_PRISON_POP,number,128507
JUSTICE,JUSTICE__XC_VERA_INCARCERATION_TRENDS,TOTAL_PRISON_POP_RATE,number,128507
JUSTICE,JUSTICE__XC_VERA_INCARCERATION_TRENDS,TOTAL_SENTENCED_CUSTODY,number,128507
JUSTICE,JUSTICE__XC_VERA_INCARCERATION_TRENDS,TOTAL_SENTENCED_CUSTODY_RATE,number,128507
JUSTICE,JUSTICE__XC_VERA_INCARCERATION_TRENDS,WHITE_FEMALE_PRISON_ADMITS_RATE,number,128507
JUSTICE,JUSTICE__XC_VERA_INCARCERATION_TRENDS,WHITE_FEMALE_PRISON_POP_RATE,number,128507
JUSTICE,JUSTICE__XC_VERA_INCARCERATION_TRENDS,WHITE_JAIL_POP_RATE,number,128507
JUSTICE,JUSTICE__XC_VERA_INCARCERATION_TRENDS,WHITE_MALE_PRISON_ADMITS_RATE,number,128507
JUSTICE,JUSTICE__XC_VERA_INCARCERATION_TRENDS,WHITE_MALE_PRISON_POP_RATE,number,128507
JUSTICE,JUSTICE__XC_VERA_INCARCERATION_TRENDS,WHITE_PRISON_ADMITS_RATE,number,128507
JUSTICE,JUSTICE__XC_VERA_INCARCERATION_TRENDS,WHITE_PRISON_POP_RATE,number,128507
JUSTICE,JUSTICE__XC_VERA_INCARCERATION_TRENDS,YEAR,date,128507
POLITICS,POLITICS__FED_VOTEVIEW_ROLLCALL_META,DATE,date,113512
ENVIRONMENT,ENVIRONMENT__FED_EPA_ICIS_AIR_ICIS_AIR_VIOLATION_HISTORY,COMP_DETERMINATION_UID,date,102037
ECONOMICS,ECONOMICS__FED_FOREIGNASSISTANCE,DISBURSEMENT_AMOUNT,number,95658
ECONOMICS,ECONOMICS__FED_FOREIGNASSISTANCE,FISCAL_YEAR,date,95658
ECONOMICS,ECONOMICS__FED_FOREIGNASSISTANCE,OBLIGATION_AMOUNT,number,95658
ENVIRONMENT,ENVIRONMENT__FED_NID_DAMS,NID_HEIGHT_CATEGORY,number,92766
HEALTH,HEALTH__FED_HHS_OIG_LEIE,EXCLUSION_DATE,date,83369
HEALTH,HEALTH__FED_HRSA_HPSA_PRIMARY_CARE,FORMAL_RATIO,number,79158
HEALTH,HEALTH__FED_HRSA_HPSA_PRIMARY_CARE,PROVIDER_RATIO_GOAL,number,79158
HEALTH,HEALTH__FED_HRSA_HPSA_PRIMARY_CARE,WITHDRAWN_DATE_STRING,date,79158
ENVIRONMENT,ENVIRONMENT__FED_EPA_TRI_BASIC_2023,C_104_OFF_SITE_TREATED_TOTAL,number,78647
ENVIRONMENT,ENVIRONMENT__FED_EPA_TRI_BASIC_2023,C_106_6_2_TOTAL_TRANSFER,number,78647
ENVIRONMENT,ENVIRONMENT__FED_EPA_TRI_BASIC_2023,C_107_TOTAL_RELEASES,number,78647
ENVIRONMENT,ENVIRONMENT__FED_EPA_TRI_BASIC_2023,C_16_PARENT_CO_DB_NUM,number,78647
ENVIRONMENT,ENVIRONMENT__FED_EPA_TRI_BASIC_2023,C_19_FOREIGN_PARENT_CO_DB_NUM,number,78647
ENVIRONMENT,ENVIRONMENT__FED_EPA_TRI_BASIC_2023,C_1_YEAR,date,78647
ENVIRONMENT,ENVIRONMENT__FED_EPA_TRI_BASIC_2023,C_36_DOC_CTRL_NUM,number,78647
ENVIRONMENT,ENVIRONMENT__FED_EPA_TRI_BASIC_2023,C_65_ON_SITE_RELEASE_TOTAL,number,78647
ENVIRONMENT,ENVIRONMENT__FED_EPA_TRI_BASIC_2023,C_68_POTW_TOTAL_TRANSFERS,number,78647
ENVIRONMENT,ENVIRONMENT__FED_EPA_TRI_BASIC_2023,C_88_OFF_SITE_RELEASE_TOTAL,number,78647
ENVIRONMENT,ENVIRONMENT__FED_EPA_TRI_BASIC_2023,C_94_OFF_SITE_RECYCLED_TOTAL,number,78647
SCIENCE_RESEARCH,SCIENCE_RESEARCH__FED_RETRACTION_WATCH,COUNTRIES,number,71591
SCIENCE_RESEARCH,SCIENCE_RESEARCH__XC_RETRACTION_WATCH_DATABASE,COUNTRIES,number,71388
JUSTICE,JUSTICE__INTL_OPENSANCTIONS,BIRTH_DATE_RAW,date,71011
JUSTICE,JUSTICE__INTL_OPENSANCTIONS,COUNTRIES,number,71011
ENVIRONMENT,ENVIRONMENT__FED_EPA_TRI_FACILITY,FOREIGN_PARENT_CO_DB_NUM,number,64990
ENVIRONMENT,ENVIRONMENT__FED_EPA_TRI_FACILITY,PARENT_CO_DB_NUM,number,64990
POLITICS,POLITICS__IRS527_8872_REPORTS,MONTHLY_RPT_MONTH,date,55579
JUSTICE,JUSTICE__FED_COURTLISTENER_POSITIONS,TERMINATION_REASON,date,51290
POLITICS,POLITICS__FED_VOTEVIEW_MEMBERS,LAST_MEANS,number,51061
POLITICS,POLITICS__FED_VOTEVIEW_MEMBERS,NOMINATE_GEO_MEAN_PROBABILITY,number,51061
IMMIGRATION,IMMIGRATION__FED_DHS_OHSS,CALENDAR_YEAR,date,50740
IMMIGRATION,IMMIGRATION__FED_DHS_OHSS,ENCOUNTERS,number,50740
IMMIGRATION,IMMIGRATION__FED_DHS_OHSS,EVENT_COUNT,number,50740
IMMIGRATION,IMMIGRATION__FED_DHS_OHSS,FISCAL_YEAR,date,50740
IMMIGRATION,IMMIGRATION__FED_DHS_OHSS,REPORT_MONTH,date,50740
PROCUREMENT,PROCUREMENT__FED_USASPENDING_BULK,ACTION_DATE,date,49613
PROCUREMENT,PROCUREMENT__FED_USASPENDING_BULK,ACTION_DATE_FISCAL_YEAR,date,49613
PROCUREMENT,PROCUREMENT__FED_USASPENDING_BULK,ALASKAN_NATIVE_CORPORATION_OWNED_FIRM,number,49613
PROCUREMENT,PROCUREMENT__FED_USASPENDING_BULK,COMMUNITY_DEVELOPED_CORPORATION_OWNED_FIRM,number,49613
PROCUREMENT,PROCUREMENT__FED_USASPENDING_BULK,COMMUNITY_DEVELOPMENT_CORPORATION,number,49613
PROCUREMENT,PROCUREMENT__FED_USASPENDING_BULK,CONSTRUCTION_WAGE_RATE_REQUIREMENTS,number,49613
PROCUREMENT,PROCUREMENT__FED_USASPENDING_BULK,CONTINGENCY_HUMANITARIAN_OR_PEACEKEEPING_OPERATION,number,49613
PROCUREMENT,PROCUREMENT__FED_USASPENDING_BULK,CONTRACTING_OFFICERS_DETERMINATION_OF_BUSINESS_SIZE,date,49613
PROCUREMENT,PROCUREMENT__FED_USASPENDING_BULK,COST_ACCOUNTING_STANDARDS_CLAUSE,number,49613
PROCUREMENT,PROCUREMENT__FED_USASPENDING_BULK,COST_OR_PRICING_DATA,number,49613
PROCUREMENT,PROCUREMENT__FED_USASPENDING_BULK,CURRENT_TOTAL_VALUE_OF_AWARD,number,49613
PROCUREMENT,PROCUREMENT__FED_USASPENDING_BULK,FEDERAL_ACCOUNTS_FUNDING_THIS_AWARD,number,49613
PROCUREMENT,PROCUREMENT__FED_USASPENDING_BULK,FEDERAL_ACTION_OBLIGATION,number,49613
PROCUREMENT,PROCUREMENT__FED_USASPENDING_BULK,HIGHLY_COMPENSATED_OFFICER_1_AMOUNT,number,49613
PROCUREMENT,PROCUREMENT__FED_USASPENDING_BULK,HIGHLY_COMPENSATED_OFFICER_2_AMOUNT,number,49613
PROCUREMENT,PROCUREMENT__FED_USASPENDING_BULK,HIGHLY_COMPENSATED_OFFICER_3_AMOUNT,number,49613
PROCUREMENT,PROCUREMENT__FED_USASPENDING_BULK,HIGHLY_COMPENSATED_OFFICER_4_AMOUNT,number,49613
PROCUREMENT,PROCUREMENT__FED_USASPENDING_BULK,HIGHLY_COMPENSATED_OFFICER_5_AMOUNT,number,49613
PROCUREMENT,PROCUREMENT__FED_USASPENDING_BULK,INITIAL_REPORT_DATE,date,49613
PROCUREMENT,PROCUREMENT__FED_USASPENDING_BULK,LAST_MODIFIED_DATE,date,49613
PROCUREMENT,PROCUREMENT__FED_USASPENDING_BULK,LIMITED_LIABILITY_CORPORATION,number,49613
PROCUREMENT,PROCUREMENT__FED_USASPENDING_BULK,NUMBER_OF_ACTIONS,number,49613
PROCUREMENT,PROCUREMENT__FED_USASPENDING_BULK,NUMBER_OF_OFFERS_RECEIVED,number,49613
PROCUREMENT,PROCUREMENT__FED_USASPENDING_BULK,OBLIGATED_AMOUNT_FROM_COVID_19_SUPPLEMENTALS_FOR_OVERALL_AWARD,number,49613
PROCUREMENT,PROCUREMENT__FED_USASPENDING_BULK,OBLIGATED_AMOUNT_FROM_IIJA_SUPPLEMENTAL_FOR_OVERALL_AWARD,number,49613
PROCUREMENT,PROCUREMENT__FED_USASPENDING_BULK,ORDERING_PERIOD_END_DATE,date,49613
PROCUREMENT,PROCUREMENT__FED_USASPENDING_BULK,OUTLAYED_AMOUNT_FROM_COVID_19_SUPPLEMENTALS_FOR_OVERALL_AWARD,number,49613
PROCUREMENT,PROCUREMENT__FED_USASPENDING_BULK,OUTLAYED_AMOUNT_FROM_IIJA_SUPPLEMENTAL_FOR_OVERALL_AWARD,number,49613
PROCUREMENT,PROCUREMENT__FED_USASPENDING_BULK,PARTNERSHIP_OR_LIMITED_LIABILITY_PARTNERSHIP,number,49613
PROCUREMENT,PROCUREMENT__FED_USASPENDING_BULK,PERIOD_OF_PERFORMANCE_CURRENT_END_DATE,date,49613
PROCUREMENT,PROCUREMENT__FED_USASPENDING_BULK,PERIOD_OF_PERFORMANCE_POTENTIAL_END_DATE,date,49613
PROCUREMENT,PROCUREMENT__FED_USASPENDING_BULK,PERIOD_OF_PERFORMANCE_START_DATE,date,49613
PROCUREMENT,PROCUREMENT__FED_USASPENDING_BULK,POTENTIAL_TOTAL_VALUE_OF_AWARD,number,49613
PROCUREMENT,PROCUREMENT__FED_USASPENDING_BULK,PRICE_EVALUATION_ADJUSTMENT_PREFERENCE_PERCENT_DIFFERENCE,number,49613
PROCUREMENT,PROCUREMENT__FED_USASPENDING_BULK,PURCHASE_CARD_AS_PAYMENT_METHOD,number,49613
PROCUREMENT,PROCUREMENT__FED_USASPENDING_BULK,SMALL_BUSINESS_COMPETITIVENESS_DEMONSTRATION_PROGRAM,number,49613
PROCUREMENT,PROCUREMENT__FED_USASPENDING_BULK,SOLICITATION_DATE,date,49613
PROCUREMENT,PROCUREMENT__FED_USASPENDING_BULK,SUBCHAPTER_SCORPORATION,number,49613
PROCUREMENT,PROCUREMENT__FED_USASPENDING_BULK,TOTAL_DOLLARS_OBLIGATED,number,49613
PROCUREMENT,PROCUREMENT__FED_USASPENDING_BULK,TOTAL_OUTLAYED_AMOUNT_FOR_OVERALL_AWARD,number,49613
PROCUREMENT,PROCUREMENT__FED_USASPENDING_BULK,TREASURY_ACCOUNTS_FUNDING_THIS_AWARD,number,49613
PROCUREMENT,PROCUREMENT__FED_USASPENDING_BULK,USASPENDING_PERMALINK,number,49613
FOREIGN_INFLUENCE,FOREIGN_INFLUENCE__FED_FARA_BULK,REGISTRATION_NUMBER,number,48104
HEALTH,HEALTH__FED_CMS_POS_OTHER,ACRDTN_EFCTV_DT,date,44429
HEALTH,HEALTH__FED_CMS_POS_OTHER,ACRDTN_EXPRTN_DT,date,44429
HEALTH,HEALTH__FED_CMS_POS_OTHER,ASC_BGN_SRVC_DT,date,44429
HEALTH,HEALTH__FED_CMS_POS_OTHER,CHOW_DT,date,44429
HEALTH,HEALTH__FED_CMS_POS_OTHER,CHOW_PRIOR_DT,date,44429
HEALTH,HEALTH__FED_CMS_POS_OTHER,CRTFCTN_DT,date,44429
HEALTH,HEALTH__FED_CMS_POS_OTHER,ESRD_NTWRK_NUM,number,44429
HEALTH,HEALTH__FED_CMS_POS_OTHER,FAX_PHNE_NUM,number,44429
HEALTH,HEALTH__FED_CMS_POS_OTHER,FQHC_APPROVED_RHC_PROVIDER_NUM,number,44429
HEALTH,HEALTH__FED_CMS_POS_OTHER,MDCD_VNDR_NUM,number,44429
HEALTH,HEALTH__FED_CMS_POS_OTHER,MEDICARE_HOSPICE_PROVIDER_NUM,number,44429
HEALTH,HEALTH__FED_CMS_POS_OTHER,NCRY_PRVDR_DSGNTD_DT,date,44429
HEALTH,HEALTH__FED_CMS_POS_OTHER,NCRY_PRVDR_LOST_DT,date,44429
HEALTH,HEALTH__FED_CMS_POS_OTHER,ORGNL_PRTCPTN_DT,date,44429
HEALTH,HEALTH__FED_CMS_POS_OTHER,PHNE_NUM,number,44429
HEALTH,HEALTH__FED_CMS_POS_OTHER,PSYCH_UNIT_EFCTV_DT,date,44429
HEALTH,HEALTH__FED_CMS_POS_OTHER,PSYCH_UNIT_TRMNTN_DT,date,44429
HEALTH,HEALTH__FED_CMS_POS_OTHER,REHAB_UNIT_EFCTV_DT,date,44429
HEALTH,HEALTH__FED_CMS_POS_OTHER,REHAB_UNIT_TRMNTN_DT,date,44429
HEALTH,HEALTH__FED_CMS_POS_OTHER,TCHNCL_STF_NUM,number,44429
HEALTH,HEALTH__FED_CMS_POS_OTHER,TRMNTN_EXPRTN_DT,date,44429
JUSTICE,JUSTICE__INTL_EU_SANCTIONS,EU_REF_NUM,number,42347
LABOR,LABOR__FED_DOL_EBSA_FORM5500_SCHEDULE_SB,SB_ACTRY_ENRLMT_NUM,number,41802
HEALTH,HEALTH__FED_FDA_DEVICE_ENFORCEMENT,PRODUCT_QUANTITY,number,39635
HEALTH,HEALTH__FED_FDA_DEVICE_ENFORCEMENT,REGISTRATION_NUMBER_LIST,number,39635
POLITICS,POLITICS__BILLS,LATEST_ACTION_DATE,date,36465
HOUSING,HOUSING__FED_HUD_ASSISTED_HOUSING_PROJECTS,PCT_0CHLDRN,number,35601
HOUSING,HOUSING__FED_HUD_ASSISTED_HOUSING_PROJECTS,PCT_10K_LT15K,number,35601
HOUSING,HOUSING__FED_HUD_ASSISTED_HOUSING_PROJECTS,PCT_15K_LT20K,number,35601
HOUSING,HOUSING__FED_HUD_ASSISTED_HOUSING_PROJECTS,PCT_1ADULT,number,35601
HOUSING,HOUSING__FED_HUD_ASSISTED_HOUSING_PROJECTS,PCT_20K_LT25K,number,35601
HOUSING,HOUSING__FED_HUD_ASSISTED_HOUSING_PROJECTS,PCT_25K_LT30K,number,35601
HOUSING,HOUSING__FED_HUD_ASSISTED_HOUSING_PROJECTS,PCT_2ADULTS,number,35601
HOUSING,HOUSING__FED_HUD_ASSISTED_HOUSING_PROJECTS,PCT_30K_LT40K,number,35601
HOUSING,HOUSING__FED_HUD_ASSISTED_HOUSING_PROJECTS,PCT_5K_LT10K,number,35601
HOUSING,HOUSING__FED_HUD_ASSISTED_HOUSING_PROJECTS,PCT_AGE25_50,number,35601
HOUSING,HOUSING__FED_HUD_ASSISTED_HOUSING_PROJECTS,PCT_AGE51_61,number,35601
HOUSING,HOUSING__FED_HUD_ASSISTED_HOUSING_PROJECTS,PCT_AGE62PLUS,number,35601
HOUSING,HOUSING__FED_HUD_ASSISTED_HOUSING_PROJECTS,PCT_AGE85PLUS,number,35601
HOUSING,HOUSING__FED_HUD_ASSISTED_HOUSING_PROJECTS,PCT_ASIAN_PACIFIC_NONHSP,number,35601
HOUSING,HOUSING__FED_HUD_ASSISTED_HOUSING_PROJECTS,PCT_BED1,number,35601
HOUSING,HOUSING__FED_HUD_ASSISTED_HOUSING_PROJECTS,PCT_BED2,number,35601
HOUSING,HOUSING__FED_HUD_ASSISTED_HOUSING_PROJECTS,PCT_BED3,number,35601
HOUSING,HOUSING__FED_HUD_ASSISTED_HOUSING_PROJECTS,PCT_BLACK_HSP,number,35601
HOUSING,HOUSING__FED_HUD_ASSISTED_HOUSING_PROJECTS,PCT_BLACK_NONHSP,number,35601
HOUSING,HOUSING__FED_HUD_ASSISTED_HOUSING_PROJECTS,PCT_CHLDRN0_5,number,35601
HOUSING,HOUSING__FED_HUD_ASSISTED_HOUSING_PROJECTS,PCT_CHLDRN13_17,number,35601
HOUSING,HOUSING__FED_HUD_ASSISTED_HOUSING_PROJECTS,PCT_CHLDRN6_12,number,35601
HOUSING,HOUSING__FED_HUD_ASSISTED_HOUSING_PROJECTS,PCT_DISABLED_ALL,number,35601
HOUSING,HOUSING__FED_HUD_ASSISTED_HOUSING_PROJECTS,PCT_DISABLED_GE62,number,35601
HOUSING,HOUSING__FED_HUD_ASSISTED_HOUSING_PROJECTS,PCT_DISABLED_HEAD,number,35601
HOUSING,HOUSING__FED_HUD_ASSISTED_HOUSING_PROJECTS,PCT_DISABLED_LT62,number,35601
HOUSING,HOUSING__FED_HUD_ASSISTED_HOUSING_PROJECTS,PCT_DISABLED_MBR,number,35601
HOUSING,HOUSING__FED_HUD_ASSISTED_HOUSING_PROJECTS,PCT_FEMALE_HEAD,number,35601
HOUSING,HOUSING__FED_HUD_ASSISTED_HOUSING_PROJECTS,PCT_FEMALE_HEAD_CHILD,number,35601
HOUSING,HOUSING__FED_HUD_ASSISTED_HOUSING_PROJECTS,PCT_FEMALE_HEAD_CHILD0_5,number,35601
HOUSING,HOUSING__FED_HUD_ASSISTED_HOUSING_PROJECTS,PCT_GE40K,number,35601
HOUSING,HOUSING__FED_HUD_ASSISTED_HOUSING_PROJECTS,PCT_HISPANIC,number,35601
HOUSING,HOUSING__FED_HUD_ASSISTED_HOUSING_PROJECTS,PCT_LT24_HEAD,number,35601
HOUSING,HOUSING__FED_HUD_ASSISTED_HOUSING_PROJECTS,PCT_LT30_MEDIAN,number,35601
HOUSING,HOUSING__FED_HUD_ASSISTED_HOUSING_PROJECTS,PCT_LT50_MEDIAN,number,35601
HOUSING,HOUSING__FED_HUD_ASSISTED_HOUSING_PROJECTS,PCT_LT5K,number,35601
HOUSING,HOUSING__FED_HUD_ASSISTED_HOUSING_PROJECTS,PCT_LT62_HEAD,number,35601
HOUSING,HOUSING__FED_HUD_ASSISTED_HOUSING_PROJECTS,PCT_LT80_MEDIAN,number,35601
HOUSING,HOUSING__FED_HUD_ASSISTED_HOUSING_PROJECTS,PCT_MEDIAN,number,35601
HOUSING,HOUSING__FED_HUD_ASSISTED_HOUSING_PROJECTS,PCT_MINORITY,number,35601
HOUSING,HOUSING__FED_HUD_ASSISTED_HOUSING_PROJECTS,PCT_MOVEIN,number,35601
HOUSING,HOUSING__FED_HUD_ASSISTED_HOUSING_PROJECTS,PCT_MULTI,number,35601
HOUSING,HOUSING__FED_HUD_ASSISTED_HOUSING_PROJECTS,PCT_NATIVE_AMERICAN_NONHSP,number,35601
HOUSING,HOUSING__FED_HUD_ASSISTED_HOUSING_PROJECTS,PCT_NOINCOME,number,35601
HOUSING,HOUSING__FED_HUD_ASSISTED_HOUSING_PROJECTS,PCT_OTHER_MAJOR,number,35601
HOUSING,HOUSING__FED_HUD_ASSISTED_HOUSING_PROJECTS,PCT_OTH_HSP,number,35601
HOUSING,HOUSING__FED_HUD_ASSISTED_HOUSING_PROJECTS,PCT_OVERHOUSED,number,35601
HOUSING,HOUSING__FED_HUD_ASSISTED_HOUSING_PROJECTS,PCT_UTILITY_ALLOW,number,35601
HOUSING,HOUSING__FED_HUD_ASSISTED_HOUSING_PROJECTS,PCT_WAGE_MAJOR,number,35601
HOUSING,HOUSING__FED_HUD_ASSISTED_HOUSING_PROJECTS,PCT_WELFARE_MAJOR,number,35601
HOUSING,HOUSING__FED_HUD_ASSISTED_HOUSING_PROJECTS,PCT_WHITE_NOTHSP,number,35601
HOUSING,HOUSING__FED_HUD_ASSISTED_HOUSING_PROJECTS,PCT_WHT_HSP,number,35601
HOUSING,HOUSING__FED_HUD_ASSISTED_HOUSING_PROJECTS,PHA_TOTAL_UNITS,number,35601
HOUSING,HOUSING__FED_HUD_ASSISTED_HOUSING_PROJECTS,TPCT_OWNSFD,number,35601
PUBLIC,HEALTH_MEDICINE__OPEN_PAYMENTS_BY_SPECIALTY_STATE_AGG,PROGRAM_YEAR,date,34993
EDUCATION,EDUCATION__FED_CFTC_COT_FINANCIAL,ASSET_MGR_POSITIONS_LONG_ALL,number,34683
EDUCATION,EDUCATION__FED_CFTC_COT_FINANCIAL,ASSET_MGR_POSITIONS_SHORT_ALL,number,34683
EDUCATION,EDUCATION__FED_CFTC_COT_FINANCIAL,ASSET_MGR_POSITIONS_SPREAD_ALL,number,34683
EDUCATION,EDUCATION__FED_CFTC_COT_FINANCIAL,CHANGE_IN_ASSET_MGR_LONG_ALL,number,34683
EDUCATION,EDUCATION__FED_CFTC_COT_FINANCIAL,CHANGE_IN_ASSET_MGR_SHORT_ALL,number,34683
EDUCATION,EDUCATION__FED_CFTC_COT_FINANCIAL,CHANGE_IN_ASSET_MGR_SPREAD_ALL,number,34683
EDUCATION,EDUCATION__FED_CFTC_COT_FINANCIAL,PCT_OF_OI_ASSET_MGR_LONG_ALL,number,34683
EDUCATION,EDUCATION__FED_CFTC_COT_FINANCIAL,PCT_OF_OI_ASSET_MGR_SHORT_ALL,number,34683
EDUCATION,EDUCATION__FED_CFTC_COT_FINANCIAL,PCT_OF_OI_ASSET_MGR_SPREAD_ALL,number,34683
EDUCATION,EDUCATION__FED_CFTC_COT_FINANCIAL,PCT_OF_OI_DEALER_LONG_ALL,number,34683
EDUCATION,EDUCATION__FED_CFTC_COT_FINANCIAL,PCT_OF_OI_DEALER_SHORT_ALL,number,34683
EDUCATION,EDUCATION__FED_CFTC_COT_FINANCIAL,PCT_OF_OI_DEALER_SPREAD_ALL,number,34683
EDUCATION,EDUCATION__FED_CFTC_COT_FINANCIAL,PCT_OF_OI_LEV_MONEY_LONG_ALL,number,34683
EDUCATION,EDUCATION__FED_CFTC_COT_FINANCIAL,PCT_OF_OI_LEV_MONEY_SHORT_ALL,number,34683
EDUCATION,EDUCATION__FED_CFTC_COT_FINANCIAL,PCT_OF_OI_LEV_MONEY_SPREAD_ALL,number,34683
EDUCATION,EDUCATION__FED_CFTC_COT_FINANCIAL,PCT_OF_OI_NONREPT_LONG_ALL,number,34683
EDUCATION,EDUCATION__FED_CFTC_COT_FINANCIAL,PCT_OF_OI_NONREPT_SHORT_ALL,number,34683
EDUCATION,EDUCATION__FED_CFTC_COT_FINANCIAL,PCT_OF_OI_OTHER_REPT_LONG_ALL,number,34683
EDUCATION,EDUCATION__FED_CFTC_COT_FINANCIAL,PCT_OF_OI_OTHER_REPT_SHORT_ALL,number,34683
EDUCATION,EDUCATION__FED_CFTC_COT_FINANCIAL,PCT_OF_OI_OTHER_REPT_SPREAD_ALL,number,34683
EDUCATION,EDUCATION__FED_CFTC_COT_FINANCIAL,PCT_OF_OI_TOT_REPT_LONG_ALL,number,34683
EDUCATION,EDUCATION__FED_CFTC_COT_FINANCIAL,PCT_OF_OI_TOT_REPT_SHORT_ALL,number,34683
EDUCATION,EDUCATION__FED_CFTC_COT_FINANCIAL,PCT_OF_OPEN_INTEREST_ALL,number,34683
EDUCATION,EDUCATION__FED_CFTC_COT_FINANCIAL,TRADERS_ASSET_MGR_LONG_ALL,number,34683
EDUCATION,EDUCATION__FED_CFTC_COT_FINANCIAL,TRADERS_ASSET_MGR_SHORT_ALL,number,34683
EDUCATION,EDUCATION__FED_CFTC_COT_FINANCIAL,TRADERS_ASSET_MGR_SPREAD_ALL,number,34683
JUSTICE,JUSTICE__XC_UK_SANCTIONS_LIST,BUSINESS_REGISTRATION_NUMBERS,number,33828
JUSTICE,JUSTICE__XC_UK_SANCTIONS_LIST,DATE_OF_BIRTH_RAW,date,33828
ECONOMICS,ECONOMICS__FED_DOL_FORM5500,FORM_YEAR,date,33484
ECONOMICS,ECONOMICS__FED_DOL_FORM5500,LAST_RPT_PLAN_NUM,number,33484
ECONOMICS,ECONOMICS__FED_DOL_FORM5500,PLAN_NUM,number,33484
TRANSPORT,TRANSPORT__FED_NTSB_AVIATION_AIRCRAFT,ACFT_YEAR,date,31503
TRANSPORT,TRANSPORT__FED_NTSB_AVIATION_AIRCRAFT,OPER_CERT_NUM,number,31503
TRANSPORT,TRANSPORT__FED_NTSB_AVIATION_AIRCRAFT,RWY_NUM,number,31503
TRANSPORT,TRANSPORT__FED_NTSB_AVIATION_AIRCRAFT,RWY_WIDTH,number,31503
TRANSPORT,TRANSPORT__FED_NTSB_AVIATION_AIRCRAFT,TOTAL_SEATS,number,31503
CORE,DIM_DATE,YEAR_MONTH,date,31411
TRANSPORT,TRANSPORT__FED_NTSB_AVIATION_EVENTS,EV_MONTH,date,30968
TRANSPORT,TRANSPORT__FED_NTSB_AVIATION_EVENTS,EV_YEAR,date,30968
TRANSPORT,TRANSPORT__FED_NTSB_AVIATION_EVENTS,LATITUDE,number,30968
TRANSPORT,TRANSPORT__FED_NTSB_AVIATION_EVENTS,LONGITUDE,number,30968
HOUSING,HOUSING__FED_CFPB_HMDA,ACTIVITY_YEAR,date,28301
HOUSING,HOUSING__FED_CFPB_HMDA,APPLICANT_AGE,number,28301
HOUSING,HOUSING__FED_CFPB_HMDA,BALLOON_PAYMENT,number,28301
HOUSING,HOUSING__FED_CFPB_HMDA,CO_APPLICANT_AGE,number,28301
HOUSING,HOUSING__FED_CFPB_HMDA,DEBT_TO_INCOME_RATIO,number,28301
HOUSING,HOUSING__FED_CFPB_HMDA,DISCOUNT_POINTS,number,28301
HOUSING,HOUSING__FED_CFPB_HMDA,INTEREST_ONLY_PAYMENT,number,28301
HOUSING,HOUSING__FED_CFPB_HMDA,INTEREST_RATE,number,28301
HOUSING,HOUSING__FED_CFPB_HMDA,INTRO_RATE_PERIOD,number,28301
HOUSING,HOUSING__FED_CFPB_HMDA,LOAN_TO_VALUE_RATIO,number,28301
HOUSING,HOUSING__FED_CFPB_HMDA,ORIGINATION_CHARGES,number,28301
HOUSING,HOUSING__FED_CFPB_HMDA,PREPAYMENT_PENALTY_TERM,number,28301
HOUSING,HOUSING__FED_CFPB_HMDA,TOTAL_LOAN_COSTS,number,28301
HOUSING,HOUSING__FED_CFPB_HMDA,TOTAL_POINTS_AND_FEES,number,28301
HOUSING,HOUSING__FED_CFPB_HMDA,TOTAL_UNITS,number,28301
HOUSING,HOUSING__FED_CFPB_HMDA_DC_ONLY,ACTIVITY_YEAR,date,28301
HOUSING,HOUSING__FED_CFPB_HMDA_DC_ONLY,APPLICANT_AGE,number,28301
HOUSING,HOUSING__FED_CFPB_HMDA_DC_ONLY,BALLOON_PAYMENT,number,28301
HOUSING,HOUSING__FED_CFPB_HMDA_DC_ONLY,CO_APPLICANT_AGE,number,28301
HOUSING,HOUSING__FED_CFPB_HMDA_DC_ONLY,FFIEC_MSA_MD_MEDIAN_FAMILY_INCOME,number,28301
HOUSING,HOUSING__FED_CFPB_HMDA_DC_ONLY,INTEREST_ONLY_PAYMENT,number,28301
HOUSING,HOUSING__FED_CFPB_HMDA_DC_ONLY,ORIGINATION_CHARGES,number,28301
HOUSING,HOUSING__FED_CFPB_HMDA_DC_ONLY,PREPAYMENT_PENALTY_TERM,number,28301
HOUSING,HOUSING__FED_CFPB_HMDA_DC_ONLY,TRACT_MEDIAN_AGE_OF_HOUSING_UNITS,number,28301
ENERGY,ENERGY__FED_EIA860_3_1_GENERATOR,UPRATE_OR_DERATE_COMPLETED_DURING_YEAR,date,26855
CORPORATE_REGISTRY,CORPORATE_REGISTRY__FED_ICIJ_OFFSHORELEAKS_INTERMEDIARIES,COUNTRIES,number,26768
HOUSING,HOUSING__FED_FEMA_NFIP_COMMUNITY_STATUS_BOOK,CURRENTLY_EFFECTIVE_MAP_DATE_RAW,date,25122
INVESTIGATIONS,INVESTIGATIONS__XC_WAYBACK_REPLAY_DOJ_LISTING,CAPTURE_TIMESTAMP_RAW,date,24897
HOUSING,HOUSING__FED_HUD_MF_SECTION8_CONTRACTS,TRACS_OVERALL_EXPIRE_QUARTER,date,24309
EDUCATION,EDUCATION__FED_GOOGLE_POLADS_ADVERTISER_STATS,SPEND_ARS,number,21211
EDUCATION,EDUCATION__FED_GOOGLE_POLADS_ADVERTISER_STATS,SPEND_AUD,number,21211
EDUCATION,EDUCATION__FED_GOOGLE_POLADS_ADVERTISER_STATS,SPEND_BGN,number,21211
EDUCATION,EDUCATION__FED_GOOGLE_POLADS_ADVERTISER_STATS,SPEND_BRL,number,21211
EDUCATION,EDUCATION__FED_GOOGLE_POLADS_ADVERTISER_STATS,SPEND_CLP,number,21211
EDUCATION,EDUCATION__FED_GOOGLE_POLADS_ADVERTISER_STATS,SPEND_CZK,number,21211
EDUCATION,EDUCATION__FED_GOOGLE_POLADS_ADVERTISER_STATS,SPEND_DKK,number,21211
EDUCATION,EDUCATION__FED_GOOGLE_POLADS_ADVERTISER_STATS,SPEND_EUR,number,21211
EDUCATION,EDUCATION__FED_GOOGLE_POLADS_ADVERTISER_STATS,SPEND_GBP,number,21211
EDUCATION,EDUCATION__FED_GOOGLE_POLADS_ADVERTISER_STATS,SPEND_HUF,number,21211
EDUCATION,EDUCATION__FED_GOOGLE_POLADS_ADVERTISER_STATS,SPEND_ILS,number,21211
EDUCATION,EDUCATION__FED_GOOGLE_POLADS_ADVERTISER_STATS,SPEND_INR,number,21211
EDUCATION,EDUCATION__FED_GOOGLE_POLADS_ADVERTISER_STATS,SPEND_MXN,number,21211
EDUCATION,EDUCATION__FED_GOOGLE_POLADS_ADVERTISER_STATS,SPEND_NZD,number,21211
EDUCATION,EDUCATION__FED_GOOGLE_POLADS_ADVERTISER_STATS,SPEND_PLN,number,21211
EDUCATION,EDUCATION__FED_GOOGLE_POLADS_ADVERTISER_STATS,SPEND_RON,number,21211
EDUCATION,EDUCATION__FED_GOOGLE_POLADS_ADVERTISER_STATS,SPEND_SEK,number,21211
EDUCATION,EDUCATION__FED_GOOGLE_POLADS_ADVERTISER_STATS,SPEND_TWD,number,21211
EDUCATION,EDUCATION__FED_GOOGLE_POLADS_ADVERTISER_STATS,SPEND_USD,number,21211
EDUCATION,EDUCATION__FED_GOOGLE_POLADS_ADVERTISER_STATS,SPEND_ZAR,number,21211
EDUCATION,EDUCATION__FED_GOOGLE_POLADS_ADVERTISER_STATS,TOTAL_CREATIVES,number,21211
JUSTICE,JUSTICE__FED_COURTLISTENER_DISCLOSURE_SPOUSAL_INCOME,DATE_RAW,date,20174
PUBLIC,HEALTH_MEDICINE__OPEN_PAYMENTS_BY_MFR_NATURE_AGG,PAYMENT_NATURE,number,19377
PUBLIC,HEALTH_MEDICINE__OPEN_PAYMENTS_BY_MFR_NATURE_AGG,PROGRAM_YEAR,date,19377
JUSTICE,JUSTICE__FED_OFAC_SDN,ENT_NUM,number,19115
HEALTH,HEALTH__FED_FDA_DRUG_ENFORCEMENT,PRODUCT_QUANTITY,number,17816
HOUSING,HOUSING__FED_CFPB_HMDA_LAR,APPLICANT_AGE,number,17474
HOUSING,HOUSING__FED_CFPB_HMDA_LAR,BALLOON_PAYMENT,number,17474
HOUSING,HOUSING__FED_CFPB_HMDA_LAR,CO_APPLICANT_AGE,number,17474
HOUSING,HOUSING__FED_CFPB_HMDA_LAR,DEBT_TO_INCOME_RATIO,number,17474
HOUSING,HOUSING__FED_CFPB_HMDA_LAR,INTEREST_ONLY_PAYMENT,number,17474
HOUSING,HOUSING__FED_CFPB_HMDA_LAR,TOTAL_UNITS,number,17474
JUSTICE,JUSTICE__FED_COURTLISTENER_JUDGES,FTM_TOTAL_RECEIVED,number,16191
HEALTH,HEALTH__FED_CMS_NURSING_HOME_PENALTIES,PAYMENT_DENIAL_LENGTH_IN_DAYS,number,16180
ENERGY,ENERGY__FED_EIA860_2_PLANT,FERC_COGENERATION_DOCKET_NUMBER,number,16132
JUSTICE,JUSTICE__XC_MAPPING_POLICE_VIOLENCE,CRIMINAL_CHARGES,number,15476
JUSTICE,JUSTICE__XC_MAPPING_POLICE_VIOLENCE,MEDIAN_HOUSEHOLD_INCOME_ACS_CENSUS_TRACT,number,15476
JUSTICE,JUSTICE__XC_MAPPING_POLICE_VIOLENCE,TOTAL_POPULATION_OF_CENSUS_TRACT_2019_ACS_5_YEAR_ESTIMATES,number,15476
JUSTICE,JUSTICE__XC_MAPPING_POLICE_VIOLENCE,VICTIM_S_AGE,number,15476
JUSTICE,JUSTICE__FED_COURTLISTENER_DISCLOSURE_NON_INVESTMENT_INCOME,DATE_RAW,date,15302
HEALTH,HEALTH__FED_NURSINGHOME411,EXPECTED_NURSE_AIDE_STAFFING_HOURS_PER_RESIDENT_DAY,number,14713
HEALTH,HEALTH__FED_NURSINGHOME411,EXPECTED_RN_STAFFING_HOURS_PER_RESIDENT_PER_DAY,number,14713
HEALTH,HEALTH__FED_NURSINGHOME411,REGISTERED_NURSE_HOURS_PER_RESIDENT_PER_DAY_ON_THE_WEEKEND,number,14713
HEALTH,HEALTH__FED_NURSINGHOME411,REPORTED_LICENSED_STAFFING_HOURS_PER_RESIDENT_PER_DAY,number,14713
HEALTH,HEALTH__FED_NURSINGHOME411,REPORTED_LPN_STAFFING_HOURS_PER_RESIDENT_PER_DAY,number,14713
HEALTH,HEALTH__FED_NURSINGHOME411,REPORTED_NURSE_AIDE_STAFFING_HOURS_PER_RESIDENT_PER_DAY,number,14713
HEALTH,HEALTH__FED_NURSINGHOME411,REPORTED_PHYSICAL_THERAPIST_STAFFING_HOURS_PER_RESIDENT_PER_DAY,number,14713
HEALTH,HEALTH__FED_NURSINGHOME411,REPORTED_RN_STAFFING_HOURS_PER_RESIDENT_PER_DAY,number,14713
POLITICS,POLITICS__TX_LOBBY_FOOD_BEVERAGE,ACTIVITYAMOUNTCD,number,14452
JUSTICE,JUSTICE__FED_COURTLISTENER_JUDGE_EDUCATIONS,DEGREE_YEAR,date,12777
HEALTH,HEALTH__FED_CMS_HOME_HEALTH,HOW_MUCH_MEDICARE_SPENDS_ON_AN_EPISODE_OF_CARE_AT_THIS_AGENCY_COMPARED_TO_MEDICARE_SPENDING_ACROSS_ALL_AGENCIES_NATIONALLY,number,12392
HEALTH,HEALTH__FED_CMS_HOME_HEALTH,NO_OF_EPISODES_TO_CALC_HOW_MUCH_MEDICARE_SPENDS_PER_EPISODE_OF_CARE_AT_AGENCY_COMPARED_TO_SPENDING_AT_ALL_AGENCIES_NATIONAL,number,12392
ENVIRONMENT,ENVIRONMENT__FED_EPA_EGRID_PLANT_2022,DATA_YEAR,date,11974
ENVIRONMENT,ENVIRONMENT__FED_EPA_EGRID_PLANT_2022,PLANT_TOTAL_ANNUAL_HEAT_INPUT_MMBTU,number,11974
ENVIRONMENT,ENVIRONMENT__FED_EPA_EGRID_PLANT_2022,PLANT_TOTAL_OZONE_SEASON_HEAT_INPUT_MMBTU,number,11974
ENVIRONMENT,ENVIRONMENT__FED_EPA_EGRID_PLANT_2022,PLANT_UNADJUSTED_TOTAL_ANNUAL_HEAT_INPUT_MMBTU,number,11974
ENVIRONMENT,ENVIRONMENT__FED_EPA_EGRID_PLANT_2022,PLANT_UNADJUSTED_TOTAL_OZONE_SEASON_HEAT_INPUT_MMBTU,number,11974
HISTORICAL_RECORDS,HISTORICAL_RECORDS__FED_SLAVEVOYAGES_INTRAAMERICAN,DATE_BUY1,date,11521
HISTORICAL_RECORDS,HISTORICAL_RECORDS__FED_SLAVEVOYAGES_INTRAAMERICAN,DATE_LAND1,date,11521
HISTORICAL_RECORDS,HISTORICAL_RECORDS__FED_SLAVEVOYAGES_INTRAAMERICAN,DATE_LAND2,date,11521
HISTORICAL_RECORDS,HISTORICAL_RECORDS__FED_SLAVEVOYAGES_INTRAAMERICAN,DATE_LAND3,date,11521
HISTORICAL_RECORDS,HISTORICAL_RECORDS__FED_SLAVEVOYAGES_INTRAAMERICAN,DATE_LEFTAFR,date,11521
JUSTICE,JUSTICE__FED_COURTLISTENER_DISCLOSURE_AGREEMENTS,DATE_RAW,date,10007
POLITICS,POLITICS__SENATE_TRADES,AMOUNT_BAND,number,8350
ECONOMICS,ECONOMICS__FED_TREASURY_DEBT_TO_PENNY,RECORD_CALENDAR_MONTH,date,8329
POLITICS,POLITICS__FEC_CANDIDATE_SUMMARY,COVERAGE_END_DATE,date,7933
ECONOMICS,ECONOMICS__FED_TREASURY_MTS_RECEIPTS,RECORD_CALENDAR_MONTH,date,7490
ECONOMICS,ECONOMICS__FED_TREASURY_MTS_RECEIPTS,RECORD_CALENDAR_YEAR,date,7490
ECONOMICS,ECONOMICS__FED_TREASURY_MTS_RECEIPTS,RECORD_FISCAL_YEAR,date,7490
HEALTH,HEALTH__FED_FDA_DEVICE_CLASSIFICATION,REGISTRATION_NUMBER_LIST,number,7085
ENERGY,ENERGY__FED_EIA860_1_UTILITY,ASSET_MANAGER_OF_PLANTS_REPORTED_ON_FORM,number,6643
HEALTH,HEALTH__FED_CDC_SUICIDE_RATES,AGE_NUM,number,6390
HEALTH,HEALTH__FED_CDC_SUICIDE_RATES,UNIT_NUM,number,6390
HEALTH,HEALTH__FED_CDC_SUICIDE_RATES,YEAR_NUM,number,6390
HEALTH,HEALTH__FED_CMS_HCRIS,RPT_REC_NUM,number,6103
ENVIRONMENT,ENVIRONMENT__FED_EPA_ENVIROFACTS,CREATED_DATE,date,5000
ENVIRONMENT,ENVIRONMENT__FED_EPA_ENVIROFACTS,LATITUDE,number,5000
ENVIRONMENT,ENVIRONMENT__FED_EPA_ENVIROFACTS,LONGITUDE,number,5000
OPEN_DATA,OPEN_DATA__INTL_GR_DATAGOV,DATE_CREATED,date,4988
ECONOMICS,ECONOMICS__FED_TREASURY_AVG_INTEREST_RATES,RECORD_CALENDAR_MONTH,date,4961
ECONOMICS,ECONOMICS__FED_TREASURY_AVG_INTEREST_RATES,RECORD_CALENDAR_YEAR,date,4961
ECONOMICS,ECONOMICS__FED_TREASURY_AVG_INTEREST_RATES,RECORD_FISCAL_YEAR,date,4961
POLITICS,POLITICS__FED_FJC_SERVICE,C_2ND_SERVICE_AS_CHIEF_JUDGE_BEGIN,date,4766
POLITICS,POLITICS__FED_FJC_SERVICE,SERVICE_AS_CHIEF_JUDGE_BEGIN,date,4766
POLITICS,POLITICS__FJC_APPOINTMENT,COMMISSION_DATE,date,4766
POLITICS,POLITICS__FJC_APPOINTMENT,CONFIRMATION_DATE,date,4766
POLITICS,POLITICS__FJC_APPOINTMENT,NOMINATION_DATE,date,4766
POLITICS,POLITICS__FJC_APPOINTMENT,TERMINATION_DATE,date,4766
POLITICS,POLITICS__TX_LOBBY_GIFTS,ACTIVITYAMOUNTCD,number,4084
POLITICS,POLITICS__FED_FJC_JUDGES,BIRTH_MONTH,date,4067
POLITICS,POLITICS__FED_FJC_JUDGES,BIRTH_YEAR,date,4067
POLITICS,POLITICS__FED_FJC_JUDGES,DEATH_MONTH,date,4067
POLITICS,POLITICS__FED_FJC_JUDGES,DEATH_YEAR,date,4067
POLITICS,POLITICS__FED_FJC_JUDGES,TERMINATION_1,date,4067
POLITICS,POLITICS__FED_FJC_JUDGES,TERMINATION_2,date,4067
POLITICS,POLITICS__FED_FJC_JUDGES,TERMINATION_3,date,4067
POLITICS,POLITICS__FED_FJC_JUDGES,TERMINATION_4,date,4067
POLITICS,POLITICS__FED_FJC_JUDGES,TERMINATION_5,date,4067
POLITICS,POLITICS__FED_FJC_JUDGES,TERMINATION_6,date,4067
HEALTH,HEALTH__FED_CMS_MEDICARE_INPATIENT_HOSPITALS_BY_PROVIDER,BENE_AVG_AGE,number,3044
HEALTH,HEALTH__FED_CMS_MEDICARE_INPATIENT_HOSPITALS_BY_PROVIDER,BENE_AVG_RISK_SCRE,number,3044
JUSTICE,JUSTICE__COUNTY_DOUBLE_BURDEN,OVERDOSE_RATE_BAND,number,3029
CORPORATE_REGISTRY,CORPORATE_REGISTRY__FED_ICIJ_OFFSHORELEAKS_OTHERS,COUNTRIES,number,2989
POLITICS,POLITICS__TX_LOBBY_ENTERTAINMENT,ACTIVITYAMOUNTCD,number,2836
ECONOMICS,ECONOMICS__FED_IRS_EO_PR,ASSET_CD,number,2587
INVESTIGATIONS,INVESTIGATIONS__XC_WAYBACK_REPLAY_DOJ_DEEP_PAGES,CAPTURE_TIMESTAMP_RAW,date,2542
ECONOMICS,ECONOMICS__FED_IRS_SOI_CHARITIES,ASSET_CD,number,2450
HEALTH,HEALTH__FED_FDA_PURPLE_BOOK,ROUTE_OF_ADMINISTRATION,number,2228
HEALTH,HEALTH__XC_GUTTMACHER_MONTHLY_ABORTION,MEDIAN,number,2040
ENERGY,ENERGY__FED_EIA861_UTILITY_DATA,ACTIVITY_GENERATION,number,1701
POLITICS,POLITICS__TX_LOBBY_AWARDS,ACTIVITYAMOUNTCD,number,1589
EDUCATION,EDUCATION__FED_GOOGLE_POLADS_GEO_SPEND,SPEND_ARS,number,1289
EDUCATION,EDUCATION__FED_GOOGLE_POLADS_GEO_SPEND,SPEND_AUD,number,1289
EDUCATION,EDUCATION__FED_GOOGLE_POLADS_GEO_SPEND,SPEND_BGN,number,1289
EDUCATION,EDUCATION__FED_GOOGLE_POLADS_GEO_SPEND,SPEND_BRL,number,1289
EDUCATION,EDUCATION__FED_GOOGLE_POLADS_GEO_SPEND,SPEND_CLP,number,1289
EDUCATION,EDUCATION__FED_GOOGLE_POLADS_GEO_SPEND,SPEND_CZK,number,1289
EDUCATION,EDUCATION__FED_GOOGLE_POLADS_GEO_SPEND,SPEND_DKK,number,1289
EDUCATION,EDUCATION__FED_GOOGLE_POLADS_GEO_SPEND,SPEND_EUR,number,1289
EDUCATION,EDUCATION__FED_GOOGLE_POLADS_GEO_SPEND,SPEND_GBP,number,1289
EDUCATION,EDUCATION__FED_GOOGLE_POLADS_GEO_SPEND,SPEND_HUF,number,1289
EDUCATION,EDUCATION__FED_GOOGLE_POLADS_GEO_SPEND,SPEND_ILS,number,1289
EDUCATION,EDUCATION__FED_GOOGLE_POLADS_GEO_SPEND,SPEND_INR,number,1289
EDUCATION,EDUCATION__FED_GOOGLE_POLADS_GEO_SPEND,SPEND_MXN,number,1289
EDUCATION,EDUCATION__FED_GOOGLE_POLADS_GEO_SPEND,SPEND_NZD,number,1289
EDUCATION,EDUCATION__FED_GOOGLE_POLADS_GEO_SPEND,SPEND_PLN,number,1289
EDUCATION,EDUCATION__FED_GOOGLE_POLADS_GEO_SPEND,SPEND_RON,number,1289
EDUCATION,EDUCATION__FED_GOOGLE_POLADS_GEO_SPEND,SPEND_SEK,number,1289
EDUCATION,EDUCATION__FED_GOOGLE_POLADS_GEO_SPEND,SPEND_TWD,number,1289
EDUCATION,EDUCATION__FED_GOOGLE_POLADS_GEO_SPEND,SPEND_USD,number,1289
EDUCATION,EDUCATION__FED_GOOGLE_POLADS_GEO_SPEND,SPEND_ZAR,number,1289
JUSTICE,JUSTICE__XC_UN_CONSOLIDATED_SANCTIONS_LIST,INDIVIDUAL_DATE_OF_BIRTH,date,1011
CRIMINAL_JUSTICE,CRIMINAL_JUSTICE__FED_BJS_DATA,YEAR,date,1000
ENERGY,ENERGY__FED_EIA861_RELIABILITY,INACTIVE_ACCOUNTS_INCLUDED,number,971
LEGAL_ENFORCEMENT,LEGAL_ENFORCEMENT__FED_NAAG_MULTISTATE_SETTLEMENTS,DATE_ENTRY_CREATED,date,882
LEGAL_ENFORCEMENT,LEGAL_ENFORCEMENT__FED_NAAG_MULTISTATE_SETTLEMENTS,DATE_ENTRY_UPDATED,date,882
LEGAL_ENFORCEMENT,LEGAL_ENFORCEMENT__FED_NAAG_MULTISTATE_SETTLEMENTS,DATE_FILED,date,882
LEGAL_ENFORCEMENT,LEGAL_ENFORCEMENT__FED_NAAG_MULTISTATE_SETTLEMENTS,DATE_OF_FINAL_COURT_APPROVAL,date,882
LEGAL_ENFORCEMENT,LEGAL_ENFORCEMENT__FED_NAAG_MULTISTATE_SETTLEMENTS,FILED_COMPLAINT,date,882
LEGAL_ENFORCEMENT,LEGAL_ENFORCEMENT__FED_NAAG_MULTISTATE_SETTLEMENTS,OTHER_SETTLEMENT_AMOUNT,number,882
LEGAL_ENFORCEMENT,LEGAL_ENFORCEMENT__FED_NAAG_MULTISTATE_SETTLEMENTS,PRESIDENTIALADMINISTRATION,number,882
LEGAL_ENFORCEMENT,LEGAL_ENFORCEMENT__FED_NAAG_MULTISTATE_SETTLEMENTS,TOTALSETTLEMENTAMOUNT,number,882
LEGAL_ENFORCEMENT,LEGAL_ENFORCEMENT__FED_NAAG_MULTISTATE_SETTLEMENTS,TOTAL_FEDERAL_SHARE,number,882
LEGAL_ENFORCEMENT,LEGAL_ENFORCEMENT__FED_NAAG_MULTISTATE_SETTLEMENTS,YEAR,date,882
ENERGY,ENERGY__FED_EIA860_3_4_ENERGY_STORAGE,EXCESS_WIND_AND_SOLAR_GENERATION,number,786
ENERGY,ENERGY__FED_EIA860_3_4_ENERGY_STORAGE,SUPPORT_T_D_ASSET,number,786
HEALTH,HEALTH__FED_CLINICALTRIALS,MAXIMUM_AGE,number,500
HEALTH,HEALTH__FED_CLINICALTRIALS,MINIMUM_AGE,number,500
OPEN_DATA,OPEN_DATA__INTL_CA_OPEN_CANADA,DATE_PUBLISHED,date,500
POLITICS,POLITICS__FED_FEC_API,CONTRIBUTION_RECEIPT_AMOUNT,number,500
POLITICS,POLITICS__FED_FEC_API,CONTRIBUTION_RECEIPT_DATE,date,500
POLITICS,POLITICS__FED_FEC_API,ELECTION_YEAR,date,500
POLITICS,POLITICS__FED_FEC_API,LOAD_DATE,date,500
SCIENCE_RESEARCH,SCIENCE_RESEARCH__XC_BIORXIV_MEDRXIV,STAT_MONTH,date,432
JUSTICE,JUSTICE__XC_NAGIX_DPRK_MISSILE_TESTS,DATE,date,340
EDUCATION,EDUCATION__FED_FRB_Z1_CSV,DATE_COL,date,304
JUSTICE,JUSTICE__INTL_NTI_CNS_DPRK_MISSILE_TESTS,DATE,date,303
ECONOMICS,ECONOMICS__FED_US_USASPENDING_API,TREASURY_ACCOUNT_SYMBOL,number,300
ENVIRONMENT,ENVIRONMENT__FED_NOAA_WEATHER_API,TIMESTAMP,date,287
REFERENCE,REFERENCE__FED_USGS_TOPOVIEW,COUNTIES,number,250
ECONOMICS,ECONOMICS__FED_TREASURY_DEBT_OUTSTANDING,RECORD_CALENDAR_MONTH,date,237
ECONOMICS,ECONOMICS__FED_TREASURY_DEBT_OUTSTANDING,RECORD_CALENDAR_YEAR,date,237
ECONOMICS,ECONOMICS__FED_TREASURY_DEBT_OUTSTANDING,RECORD_FISCAL_YEAR,date,237
POLITICS,POLITICS__XC_JCS_MEDIANS,CIRCUIT_MEDIAN1,number,102
POLITICS,POLITICS__XC_JCS_MEDIANS,CIRCUIT_MEDIAN10,number,102
POLITICS,POLITICS__XC_JCS_MEDIANS,CIRCUIT_MEDIAN11,number,102
POLITICS,POLITICS__XC_JCS_MEDIANS,CIRCUIT_MEDIAN12,number,102
POLITICS,POLITICS__XC_JCS_MEDIANS,CIRCUIT_MEDIAN13,number,102
POLITICS,POLITICS__XC_JCS_MEDIANS,CIRCUIT_MEDIAN2,number,102
POLITICS,POLITICS__XC_JCS_MEDIANS,CIRCUIT_MEDIAN3,number,102
POLITICS,POLITICS__XC_JCS_MEDIANS,CIRCUIT_MEDIAN4,number,102
POLITICS,POLITICS__XC_JCS_MEDIANS,CIRCUIT_MEDIAN5,number,102
POLITICS,POLITICS__XC_JCS_MEDIANS,CIRCUIT_MEDIAN6,number,102
POLITICS,POLITICS__XC_JCS_MEDIANS,CIRCUIT_MEDIAN7,number,102
POLITICS,POLITICS__XC_JCS_MEDIANS,CIRCUIT_MEDIAN8,number,102
POLITICS,POLITICS__XC_JCS_MEDIANS,CIRCUIT_MEDIAN9,number,102
POLITICS,POLITICS__XC_JCS_MEDIANS,HOUSE_MEDIAN,number,102
POLITICS,POLITICS__XC_JCS_MEDIANS,SC_MEDIAN,number,102
POLITICS,POLITICS__XC_JCS_MEDIANS,SENATE_MEDIAN,number,102
ECONOMICS,ECONOMICS__XC_WIKIPEDIA_LARGEST_US_COMPANIES,EMPLOYEES,number,100
ECONOMICS,ECONOMICS__XC_WIKIPEDIA_LARGEST_US_COMPANIES,REVENUE_GROWTH,number,100
ECONOMICS,ECONOMICS__XC_WIKIPEDIA_LARGEST_US_COMPANIES,REVENUE_USD_MILLIONS,number,100
EDUCATION,EDUCATION__FED_ED_EDFACTS,SCHOOL_YEAR,date,33
JUSTICE,JUSTICE__INTL_EU_SOCTA_EUROPOL,REPORT_YEAR,date,26
HISTORY,HISTORY__FED_DENSHO_DDR,DATE,date,25
ENVIRONMENT,ENVIRONMENT__INTL_GEM_HAZARD,PGA_10PCT_50YR,number,12
SCIENCE_RESEARCH,SCIENCE_RESEARCH__XC_OSF_REGISTRATIONS,REGISTRATION_RESPONSES_SUMMARY,number,10
SCIENCE_RESEARCH,SCIENCE_RESEARCH__XC_OSF_REGISTRATIONS,REGISTRATION_RESPONSES_UPLOADER,number,10
SCIENCE_RESEARCH,SCIENCE_RESEARCH__XC_OSF_REGISTRATIONS,REGISTRATION_SUPPLEMENT,number,10
CIVIL_RIGHTS,CIVIL_RIGHTS__FED_NARA_WRA_AAD,RAW_DATE,date,1
HEALTH,HEALTH__FED_CMS_HPT_MRF,DE_IDENTIFIED_MAX_NEGOTIATED_CHARGE,number,1
HEALTH,HEALTH__FED_CMS_HPT_MRF,DE_IDENTIFIED_MIN_NEGOTIATED_CHARGE,number,1
HEALTH,HEALTH__FED_CMS_HPT_MRF,GROSS_CHARGE,number,1
HEALTH,HEALTH__FED_CMS_HPT_MRF,PAYER_SPECIFIC_NEGOTIATED_CHARGE_ALGORITHM,number,1
HEALTH,HEALTH__FED_CMS_HPT_MRF,PAYER_SPECIFIC_NEGOTIATED_CHARGE_DOLLAR,number,1
HEALTH,HEALTH__FED_CMS_HPT_MRF,STANDARD_CHARGE_METHOD,number,1
OPEN_DATA,OPEN_DATA__INTL_GE_DATAGOV,POLICY_AREA,number,1
ECONOMICS,ECONOMICS__FED_USASPENDING_CONTRACTS_FULL,CONTRACTING_OFFICERS_DETERMINATION_OF_BUSINESS_SIZE,date,
ECONOMICS,ECONOMICS__FED_USASPENDING_CONTRACTS_FULL,PARTNERSHIP_OR_LIMITED_LIABILITY_PARTNERSHIP,number,
ECONOMICS,ECONOMICS__FED_USASPENDING_CONTRACTS_FULL,PURCHASE_CARD_AS_PAYMENT_METHOD,number,
ECONOMICS,ECONOMICS__FED_USASPENDING_CONTRACTS_FULL,USASPENDING_PERMALINK,number,
FINDINGS,EXCLUDED_PROVIDER_AT_FACILITY,EXCLUSION_DATE,date,
FINDINGS,REVOKED_BUT_DEDUCTIBLE,REVOCATION_DATE,date,
HEALTH,HEALTH__FED_FDA_FAERS_DRUG,EXP_DT,date,
HEALTH,HEALTH__FED_FDA_FAERS_DRUG,LOT_NUM,number,
HEALTH,HEALTH__FED_FDA_FAERS_DRUG,NDA_NUM,number,
JUSTICE,JUSTICE__FED_COURTLISTENER_CITATIONS,VOLUME,number,
